user_id,signed_up_at,platform,onboarding_variant,country
u_00000b35,2026-06-01T02:34:05Z,android,control,DE
u_00000b36,2026-06-01T11:08:55Z,ios,control,US
u_00000b39,2026-06-01T01:49:59Z,ios,checklist,US
u_00000b3b,2026-06-01T17:58:16Z,ios,checklist,US
u_00000b3e,2026-06-01T11:10:29Z,ios,checklist,DE
u_00000b40,2026-06-01T03:02:06Z,web,checklist,US
u_00000b41,2026-06-01T12:45:44Z,ios,checklist,US
u_00000b42,2026-06-01T02:07:56Z,ios,control,US
u_00000b44,2026-06-01T23:16:28Z,ios,control,US
u_00000b46,2026-06-01T10:44:29Z,ios,checklist,US
u_00000b49,2026-06-01T18:58:17Z,web,checklist,GB
u_00000b4b,2026-06-01T04:22:55Z,ios,control,US
u_00000b4d,2026-06-01T03:27:38Z,ios,checklist,DE
u_00000b50,2026-06-01T00:20:31Z,ios,control,US
u_00000b51,2026-06-01T18:27:42Z,android,checklist,US
u_00000b54,2026-06-01T15:34:14Z,web,control,DE
u_00000b57,2026-06-01T18:14:29Z,web,control,US
u_00000b5a,2026-06-01T05:11:36Z,android,control,US
u_00000b5c,2026-06-01T05:32:48Z,web,checklist,DE
u_00000b5e,2026-06-01T03:46:32Z,ios,control,US
u_00000b60,2026-06-01T18:24:41Z,web,control,US
u_00000b63,2026-06-01T22:35:58Z,android,checklist,DE
u_00000b66,2026-06-01T12:54:02Z,ios,control,AU
u_00000b68,2026-06-01T13:20:54Z,ios,control,CA
u_00000b6b,2026-06-01T20:09:18Z,ios,checklist,US
u_00000b6d,2026-06-01T04:02:46Z,android,control,US
u_00000b70,2026-06-01T07:36:21Z,android,checklist,GB
u_00000b71,2026-06-01T08:29:06Z,ios,control,US
u_00000b74,2026-06-01T05:57:30Z,web,control,US
u_00000b76,2026-06-01T17:52:23Z,ios,checklist,US
u_00000b78,2026-06-01T12:29:05Z,web,control,CA
u_00000b79,2026-06-02T05:36:52Z,ios,control,US
u_00000b7c,2026-06-02T11:32:24Z,ios,checklist,GB
u_00000b7f,2026-06-02T11:12:15Z,android,control,US
u_00000b82,2026-06-02T03:48:53Z,ios,control,CA
u_00000b83,2026-06-02T13:07:13Z,android,checklist,US
u_00000b85,2026-06-02T13:59:58Z,ios,checklist,US
u_00000b86,2026-06-02T04:34:36Z,web,control,US
u_00000b88,2026-06-02T19:43:00Z,android,control,US
u_00000b8a,2026-06-02T03:12:02Z,web,control,US
u_00000b8b,2026-06-02T04:26:29Z,ios,control,CA
u_00000b8e,2026-06-02T14:53:27Z,ios,checklist,GB
u_00000b90,2026-06-02T21:37:14Z,web,control,GB
u_00000b92,2026-06-02T16:37:21Z,ios,control,CA
u_00000b93,2026-06-02T20:50:37Z,ios,control,CA
u_00000b96,2026-06-02T09:06:32Z,ios,control,GB
u_00000b97,2026-06-02T18:29:58Z,android,control,CA
u_00000b99,2026-06-02T21:35:58Z,web,checklist,US
u_00000b9a,2026-06-02T04:26:59Z,ios,checklist,GB
u_00000b9c,2026-06-02T23:41:56Z,android,control,DE
u_00000b9e,2026-06-02T00:30:28Z,ios,checklist,US
u_00000b9f,2026-06-02T17:04:49Z,ios,checklist,AU
u_00000ba1,2026-06-02T19:31:57Z,android,control,US
u_00000ba4,2026-06-02T22:21:18Z,android,control,US
u_00000ba7,2026-06-02T20:42:02Z,web,checklist,DE
u_00000baa,2026-06-02T03:55:31Z,web,checklist,AU
u_00000bad,2026-06-02T03:38:32Z,ios,control,US
u_00000baf,2026-06-02T16:41:02Z,ios,control,US
u_00000bb0,2026-06-02T05:44:31Z,ios,control,CA
u_00000bb3,2026-06-02T11:17:10Z,web,control,US
u_00000bb4,2026-06-02T02:05:47Z,ios,control,GB
u_00000bb7,2026-06-02T01:50:35Z,ios,control,US
u_00000bba,2026-06-02T14:03:21Z,web,checklist,DE
u_00000bbc,2026-06-02T06:36:13Z,web,control,US
u_00000bbe,2026-06-03T03:32:17Z,ios,control,GB
u_00000bc0,2026-06-03T12:43:54Z,ios,checklist,AU
u_00000bc2,2026-06-03T04:26:29Z,ios,control,CA
u_00000bc5,2026-06-03T01:31:36Z,ios,control,US
u_00000bc7,2026-06-03T10:12:53Z,ios,control,US
u_00000bca,2026-06-03T19:31:52Z,ios,checklist,US
u_00000bcb,2026-06-03T01:24:45Z,ios,control,US
u_00000bce,2026-06-03T20:32:55Z,web,checklist,US
u_00000bd0,2026-06-03T00:25:11Z,web,checklist,US
u_00000bd1,2026-06-03T09:24:39Z,ios,checklist,US
u_00000bd4,2026-06-03T06:34:44Z,android,checklist,GB
u_00000bd6,2026-06-03T07:09:57Z,web,control,US
u_00000bd7,2026-06-03T07:36:31Z,web,checklist,US
u_00000bd8,2026-06-03T06:51:18Z,web,control,GB
u_00000bdb,2026-06-03T07:18:57Z,web,control,AU
u_00000bdc,2026-06-03T15:00:16Z,ios,control,US
u_00000bdd,2026-06-03T00:50:18Z,ios,control,DE
u_00000bde,2026-06-03T01:45:35Z,web,checklist,US
u_00000bdf,2026-06-03T08:35:43Z,web,control,US
u_00000be1,2026-06-03T10:04:30Z,ios,checklist,GB
u_00000be3,2026-06-03T12:57:38Z,android,checklist,US
u_00000be6,2026-06-03T08:53:22Z,ios,checklist,CA
u_00000be8,2026-06-03T05:17:45Z,ios,checklist,US
u_00000bea,2026-06-03T20:43:52Z,android,checklist,US
u_00000bed,2026-06-03T02:23:21Z,ios,control,US
u_00000bee,2026-06-03T10:01:32Z,android,control,AU
u_00000bf0,2026-06-03T07:31:13Z,ios,checklist,CA
u_00000bf3,2026-06-03T13:04:49Z,android,control,US
u_00000bf4,2026-06-03T06:45:50Z,android,control,US
u_00000bf6,2026-06-03T18:14:25Z,web,checklist,AU
u_00000bf7,2026-06-03T13:05:56Z,web,control,AU
u_00000bf8,2026-06-03T14:13:01Z,ios,control,US
u_00000bfb,2026-06-03T22:56:28Z,ios,control,DE
u_00000bfe,2026-06-04T09:14:32Z,web,control,US
u_00000c01,2026-06-04T19:38:09Z,web,checklist,AU
u_00000c02,2026-06-04T12:57:00Z,android,control,US
u_00000c04,2026-06-04T10:29:55Z,web,control,US
u_00000c05,2026-06-04T22:09:12Z,web,control,US
u_00000c06,2026-06-04T18:19:04Z,web,control,US
u_00000c09,2026-06-04T16:48:33Z,ios,control,US
u_00000c0c,2026-06-04T02:09:40Z,ios,checklist,GB
u_00000c0e,2026-06-04T04:23:51Z,ios,checklist,US
u_00000c0f,2026-06-04T14:28:36Z,ios,control,DE
u_00000c10,2026-06-04T10:16:35Z,web,checklist,GB
u_00000c12,2026-06-04T15:22:38Z,web,checklist,DE
u_00000c14,2026-06-04T15:21:13Z,ios,checklist,AU
u_00000c16,2026-06-04T19:09:05Z,web,checklist,CA
u_00000c17,2026-06-04T04:13:13Z,ios,control,US
u_00000c1a,2026-06-04T16:59:37Z,ios,checklist,AU
u_00000c1d,2026-06-04T17:16:10Z,ios,checklist,US
u_00000c20,2026-06-04T01:42:18Z,web,control,GB
u_00000c21,2026-06-04T13:16:52Z,android,checklist,US
u_00000c24,2026-06-04T16:49:50Z,ios,checklist,GB
u_00000c25,2026-06-04T09:42:06Z,ios,checklist,US
u_00000c28,2026-06-04T10:58:09Z,ios,control,GB
u_00000c29,2026-06-04T04:03:18Z,web,control,GB
u_00000c2a,2026-06-04T20:26:51Z,android,control,US
u_00000c2b,2026-06-04T07:53:24Z,web,control,GB
u_00000c2e,2026-06-05T10:24:27Z,android,control,CA
u_00000c2f,2026-06-05T00:53:59Z,ios,checklist,DE
u_00000c31,2026-06-05T20:46:24Z,web,control,CA
u_00000c33,2026-06-05T05:27:29Z,android,checklist,AU
u_00000c34,2026-06-05T00:47:17Z,ios,control,US
u_00000c36,2026-06-05T04:57:44Z,ios,control,CA
u_00000c39,2026-06-05T22:50:37Z,ios,control,US
u_00000c3b,2026-06-05T17:18:18Z,ios,control,US
u_00000c3c,2026-06-05T14:31:16Z,ios,control,GB
u_00000c3f,2026-06-05T11:07:14Z,ios,control,US
u_00000c41,2026-06-05T06:20:40Z,android,checklist,DE
u_00000c44,2026-06-05T14:07:36Z,ios,control,US
u_00000c46,2026-06-05T22:35:00Z,ios,control,DE
u_00000c48,2026-06-05T11:38:48Z,android,checklist,AU
u_00000c49,2026-06-05T04:06:31Z,ios,checklist,AU
u_00000c4a,2026-06-05T08:50:39Z,web,checklist,US
u_00000c4b,2026-06-05T12:41:33Z,android,checklist,US
u_00000c4c,2026-06-05T20:34:01Z,android,checklist,GB
u_00000c4f,2026-06-05T16:58:31Z,android,control,US
u_00000c51,2026-06-05T04:20:28Z,android,control,GB
u_00000c54,2026-06-05T01:26:37Z,android,control,US
u_00000c57,2026-06-05T20:52:19Z,ios,checklist,AU
u_00000c59,2026-06-05T17:28:25Z,web,checklist,GB
u_00000c5b,2026-06-05T13:50:55Z,android,checklist,AU
u_00000c5d,2026-06-05T20:14:31Z,ios,checklist,US
u_00000c5e,2026-06-05T09:09:34Z,web,control,CA
u_00000c5f,2026-06-05T05:54:20Z,web,control,GB
u_00000c60,2026-06-05T16:20:58Z,android,checklist,US
u_00000c61,2026-06-06T19:59:48Z,ios,control,CA
u_00000c64,2026-06-06T10:52:53Z,ios,control,US
u_00000c66,2026-06-06T04:09:32Z,android,checklist,CA
u_00000c67,2026-06-06T03:29:38Z,web,control,US
u_00000c68,2026-06-06T21:02:34Z,web,checklist,US
u_00000c69,2026-06-06T00:38:07Z,ios,control,CA
u_00000c6b,2026-06-06T18:55:25Z,ios,control,US
u_00000c6d,2026-06-06T06:06:20Z,web,control,DE
u_00000c6f,2026-06-06T23:40:30Z,ios,control,CA
u_00000c71,2026-06-06T19:24:48Z,android,control,DE
u_00000c74,2026-06-06T21:27:57Z,web,control,US
u_00000c76,2026-06-06T22:24:44Z,ios,control,DE
u_00000c78,2026-06-06T21:53:38Z,ios,control,US
u_00000c79,2026-06-06T19:20:35Z,web,checklist,DE
u_00000c7c,2026-06-06T23:07:02Z,ios,checklist,US
u_00000c7d,2026-06-06T01:26:38Z,ios,checklist,US
u_00000c7f,2026-06-06T03:31:25Z,web,control,US
u_00000c82,2026-06-06T21:34:37Z,android,checklist,CA
u_00000c85,2026-06-06T05:43:11Z,android,control,US
u_00000c87,2026-06-06T19:20:10Z,ios,control,CA
u_00000c88,2026-06-06T17:13:30Z,ios,control,US
u_00000c89,2026-06-06T12:34:58Z,android,checklist,GB
u_00000c8b,2026-06-06T18:22:09Z,ios,control,CA
u_00000c8e,2026-06-06T14:23:02Z,ios,control,US
u_00000c91,2026-06-06T01:40:23Z,ios,checklist,CA
u_00000c92,2026-06-06T11:29:54Z,web,control,DE
u_00000c94,2026-06-06T18:16:51Z,web,control,DE
u_00000c97,2026-06-06T16:07:58Z,web,control,US
u_00000c9a,2026-06-06T21:13:51Z,android,control,US
u_00000c9c,2026-06-06T22:14:24Z,android,checklist,CA
u_00000c9f,2026-06-06T15:11:44Z,web,checklist,US
u_00000ca1,2026-06-06T01:17:01Z,ios,checklist,AU
u_00000ca4,2026-06-06T13:53:20Z,ios,control,US
u_00000ca5,2026-06-06T19:27:23Z,web,checklist,GB
u_00000ca6,2026-06-06T08:12:55Z,ios,control,US
u_00000ca8,2026-06-06T04:42:11Z,ios,checklist,CA
u_00000ca9,2026-06-07T13:13:17Z,android,checklist,US
u_00000caa,2026-06-07T20:12:22Z,web,control,US
u_00000cad,2026-06-07T04:55:15Z,android,control,CA
u_00000cae,2026-06-07T07:58:14Z,web,control,GB
u_00000cb1,2026-06-07T14:36:16Z,ios,control,US
u_00000cb4,2026-06-07T22:35:45Z,ios,checklist,AU
u_00000cb5,2026-06-07T02:50:50Z,android,control,GB
u_00000cb6,2026-06-07T14:15:58Z,ios,checklist,US
u_00000cb7,2026-06-07T04:10:52Z,ios,control,US
u_00000cb9,2026-06-07T03:56:09Z,ios,checklist,CA
u_00000cbc,2026-06-07T09:30:34Z,android,control,AU
u_00000cbf,2026-06-07T20:02:56Z,ios,checklist,DE
u_00000cc2,2026-06-07T00:31:47Z,web,control,AU
u_00000cc3,2026-06-07T08:40:12Z,ios,control,GB
u_00000cc6,2026-06-07T04:28:13Z,web,checklist,US
u_00000cc8,2026-06-07T14:01:13Z,ios,control,AU
u_00000cca,2026-06-07T11:34:19Z,web,checklist,US
u_00000ccc,2026-06-07T17:21:16Z,android,checklist,GB
u_00000ccd,2026-06-07T14:50:28Z,ios,control,US
u_00000ccf,2026-06-07T20:35:28Z,web,control,US
u_00000cd0,2026-06-07T00:15:32Z,android,control,GB
u_00000cd3,2026-06-07T23:12:24Z,ios,checklist,US
u_00000cd4,2026-06-07T17:54:03Z,ios,checklist,US
u_00000cd7,2026-06-07T19:27:12Z,android,checklist,CA
u_00000cd9,2026-06-07T01:01:59Z,ios,checklist,US
u_00000cdc,2026-06-07T17:33:20Z,ios,checklist,US
u_00000cdf,2026-06-07T23:57:16Z,ios,control,US
u_00000ce1,2026-06-07T17:39:44Z,ios,checklist,US
u_00000ce2,2026-06-07T20:15:24Z,ios,checklist,US
u_00000ce3,2026-06-07T08:56:22Z,web,control,GB
u_00000ce5,2026-06-07T01:36:24Z,android,checklist,GB
u_00000ce6,2026-06-08T05:38:29Z,android,checklist,GB
u_00000ce8,2026-06-08T10:35:56Z,android,checklist,DE
u_00000ce9,2026-06-08T04:53:48Z,web,control,GB
u_00000ceb,2026-06-08T12:57:47Z,web,control,US
u_00000cec,2026-06-08T19:43:12Z,android,checklist,DE
u_00000ced,2026-06-08T15:18:46Z,android,checklist,DE
u_00000cee,2026-06-08T15:18:28Z,android,control,DE
u_00000cf0,2026-06-08T05:19:52Z,ios,checklist,US
u_00000cf2,2026-06-08T18:03:20Z,android,control,DE
u_00000cf4,2026-06-08T18:44:50Z,ios,control,US
u_00000cf7,2026-06-08T15:51:54Z,web,control,US
u_00000cfa,2026-06-08T02:06:56Z,web,control,CA
u_00000cfd,2026-06-08T21:44:24Z,android,control,GB
u_00000cfe,2026-06-08T19:11:50Z,web,control,DE
u_00000d01,2026-06-08T02:36:06Z,android,checklist,DE
u_00000d02,2026-06-08T00:30:16Z,web,checklist,US
u_00000d03,2026-06-08T20:46:04Z,android,control,CA
u_00000d04,2026-06-08T18:02:45Z,web,checklist,US
u_00000d05,2026-06-08T11:34:54Z,ios,checklist,DE
u_00000d08,2026-06-08T11:43:09Z,ios,checklist,AU
u_00000d0a,2026-06-08T00:54:03Z,ios,checklist,CA
u_00000d0c,2026-06-08T01:21:00Z,ios,checklist,CA
u_00000d0f,2026-06-08T01:24:00Z,android,checklist,US
u_00000d12,2026-06-08T12:01:41Z,ios,control,DE
u_00000d15,2026-06-08T06:47:13Z,web,control,GB
u_00000d17,2026-06-08T18:22:38Z,web,control,US
u_00000d18,2026-06-08T23:30:41Z,android,control,US
u_00000d19,2026-06-08T21:47:08Z,android,checklist,CA
u_00000d1a,2026-06-09T21:18:58Z,web,control,US
u_00000d1d,2026-06-09T03:05:21Z,android,checklist,US
u_00000d20,2026-06-09T08:42:06Z,web,checklist,US
u_00000d22,2026-06-09T09:33:13Z,android,control,GB
u_00000d25,2026-06-09T06:06:03Z,web,control,GB
u_00000d27,2026-06-09T22:37:43Z,ios,checklist,US
u_00000d28,2026-06-09T01:43:08Z,android,control,GB
u_00000d2a,2026-06-09T12:46:55Z,web,checklist,US
u_00000d2d,2026-06-09T17:07:31Z,android,checklist,AU
u_00000d2f,2026-06-09T08:19:02Z,android,checklist,US
u_00000d32,2026-06-09T17:36:25Z,ios,checklist,US
u_00000d34,2026-06-09T19:57:25Z,android,control,US
u_00000d37,2026-06-09T12:19:59Z,android,checklist,GB
u_00000d38,2026-06-09T20:11:56Z,android,control,GB
u_00000d3b,2026-06-09T01:55:08Z,ios,checklist,CA
u_00000d3e,2026-06-09T03:28:48Z,web,checklist,US
u_00000d40,2026-06-09T03:53:17Z,ios,control,US
u_00000d43,2026-06-09T11:56:43Z,web,control,GB
u_00000d44,2026-06-09T02:44:10Z,android,control,US
u_00000d45,2026-06-09T13:23:05Z,android,control,AU
u_00000d46,2026-06-09T10:48:16Z,android,checklist,AU
u_00000d47,2026-06-09T05:30:42Z,ios,control,US
u_00000d48,2026-06-09T20:59:11Z,ios,control,US
u_00000d4b,2026-06-09T14:57:54Z,android,checklist,US
u_00000d4d,2026-06-09T21:00:36Z,android,checklist,US
u_00000d4f,2026-06-09T22:05:37Z,android,control,US
u_00000d52,2026-06-09T13:03:36Z,ios,checklist,US
u_00000d55,2026-06-09T17:12:29Z,android,control,DE
u_00000d58,2026-06-09T18:45:47Z,web,checklist,AU
u_00000d59,2026-06-09T14:58:03Z,android,checklist,AU
u_00000d5c,2026-06-10T10:48:09Z,ios,control,US
u_00000d5d,2026-06-10T20:38:42Z,web,control,US
u_00000d5e,2026-06-10T11:06:39Z,android,control,US
u_00000d5f,2026-06-10T18:36:38Z,android,checklist,US
u_00000d62,2026-06-10T05:14:12Z,web,checklist,US
u_00000d63,2026-06-10T19:13:53Z,android,checklist,US
u_00000d64,2026-06-10T01:24:45Z,ios,control,US
u_00000d65,2026-06-10T21:22:14Z,ios,control,US
u_00000d68,2026-06-10T14:07:49Z,web,checklist,US
u_00000d6a,2026-06-10T19:35:07Z,android,control,US
u_00000d6c,2026-06-10T15:34:13Z,android,control,US
u_00000d6e,2026-06-10T11:16:13Z,ios,checklist,US
u_00000d71,2026-06-10T23:36:52Z,android,checklist,GB
u_00000d74,2026-06-10T09:37:56Z,android,control,US
u_00000d77,2026-06-10T14:32:13Z,android,control,AU
u_00000d78,2026-06-10T18:27:18Z,android,control,US
u_00000d79,2026-06-10T23:32:26Z,ios,control,US
u_00000d7b,2026-06-10T05:48:34Z,android,control,GB
u_00000d7e,2026-06-10T10:01:41Z,ios,control,US
u_00000d7f,2026-06-10T06:10:15Z,web,control,GB
u_00000d80,2026-06-10T16:05:09Z,ios,checklist,US
u_00000d83,2026-06-10T12:02:49Z,web,control,US
u_00000d85,2026-06-10T02:50:25Z,web,control,US
u_00000d87,2026-06-10T19:14:18Z,android,control,US
u_00000d8a,2026-06-10T02:32:04Z,ios,checklist,GB
u_00000d8b,2026-06-10T12:16:00Z,ios,control,DE
u_00000d8c,2026-06-10T20:42:54Z,android,checklist,AU
u_00000d8d,2026-06-10T07:41:04Z,android,checklist,US
u_00000d90,2026-06-11T16:10:26Z,ios,control,US
u_00000d91,2026-06-11T17:18:49Z,ios,checklist,GB
u_00000d92,2026-06-11T10:47:01Z,ios,checklist,DE
u_00000d95,2026-06-11T06:35:29Z,web,checklist,US
u_00000d96,2026-06-11T09:33:33Z,ios,checklist,GB
u_00000d97,2026-06-11T07:04:40Z,ios,control,CA
u_00000d9a,2026-06-11T05:45:03Z,web,checklist,DE
u_00000d9b,2026-06-11T23:01:04Z,ios,control,US
u_00000d9c,2026-06-11T01:12:45Z,ios,control,GB
u_00000d9d,2026-06-11T07:10:08Z,android,control,US
u_00000d9e,2026-06-11T11:12:01Z,web,checklist,CA
u_00000d9f,2026-06-11T07:26:27Z,web,control,CA
u_00000da0,2026-06-11T15:22:22Z,web,checklist,GB
u_00000da2,2026-06-11T07:50:48Z,android,checklist,US
u_00000da5,2026-06-11T19:47:06Z,ios,control,DE
u_00000da7,2026-06-11T20:14:01Z,android,control,AU
u_00000da8,2026-06-11T05:01:01Z,android,control,US
u_00000dab,2026-06-11T03:46:25Z,ios,control,AU
u_00000dac,2026-06-11T00:40:25Z,ios,checklist,US
u_00000dae,2026-06-11T18:05:29Z,web,checklist,US
u_00000db1,2026-06-11T17:17:45Z,android,checklist,US
u_00000db3,2026-06-11T15:21:09Z,web,checklist,US
u_00000db6,2026-06-11T08:23:27Z,ios,checklist,US
u_00000db8,2026-06-11T04:18:10Z,ios,control,US
u_00000dbb,2026-06-11T01:46:24Z,ios,control,US
u_00000dbe,2026-06-11T21:08:44Z,ios,checklist,AU
u_00000dc0,2026-06-11T22:34:55Z,ios,control,DE
u_00000dc3,2026-06-11T21:35:21Z,ios,checklist,US
u_00000dc5,2026-06-11T05:37:14Z,web,control,US
u_00000dc6,2026-06-11T23:49:43Z,android,checklist,GB
u_00000dc9,2026-06-11T23:04:22Z,web,control,DE
u_00000dcb,2026-06-11T08:07:04Z,ios,checklist,AU
u_00000dcc,2026-06-11T15:43:00Z,web,control,US
u_00000dcf,2026-06-11T12:20:36Z,ios,control,US
u_00000dd1,2026-06-12T08:27:49Z,ios,control,US
u_00000dd3,2026-06-12T09:49:14Z,web,control,DE
u_00000dd6,2026-06-12T07:34:59Z,android,control,US
u_00000dd7,2026-06-12T08:42:49Z,web,checklist,GB
u_00000dd9,2026-06-12T18:00:33Z,ios,control,US
u_00000ddc,2026-06-12T18:46:06Z,web,checklist,US
u_00000dde,2026-06-12T06:36:36Z,ios,control,US
u_00000ddf,2026-06-12T17:43:03Z,android,checklist,US
u_00000de0,2026-06-12T10:17:59Z,web,control,CA
u_00000de2,2026-06-12T05:04:08Z,android,checklist,US
u_00000de5,2026-06-12T06:39:56Z,ios,checklist,US
u_00000de7,2026-06-12T15:59:15Z,web,checklist,US
u_00000de9,2026-06-12T07:07:06Z,ios,control,AU
u_00000dec,2026-06-12T01:10:29Z,ios,control,DE
u_00000def,2026-06-12T07:29:27Z,web,checklist,US
u_00000df1,2026-06-12T02:30:04Z,ios,checklist,US
u_00000df4,2026-06-12T00:41:52Z,android,checklist,US
u_00000df6,2026-06-12T23:26:56Z,ios,control,CA
u_00000df7,2026-06-12T14:51:42Z,ios,checklist,CA
u_00000df9,2026-06-12T09:14:04Z,web,control,DE
u_00000dfa,2026-06-12T07:21:43Z,ios,control,AU
u_00000dfb,2026-06-12T21:14:12Z,ios,checklist,US
u_00000dfc,2026-06-12T23:38:57Z,web,checklist,US
u_00000dfd,2026-06-12T23:51:25Z,android,checklist,US
u_00000dfe,2026-06-12T09:31:02Z,android,control,DE
u_00000dff,2026-06-12T07:13:31Z,ios,control,US
u_00000e02,2026-06-12T13:37:16Z,android,control,US
u_00000e04,2026-06-12T01:18:57Z,web,control,DE
u_00000e07,2026-06-12T20:21:31Z,ios,checklist,US
u_00000e08,2026-06-12T20:58:11Z,ios,checklist,US
u_00000e09,2026-06-12T02:38:11Z,android,checklist,US
u_00000e0b,2026-06-12T04:41:40Z,ios,checklist,US
u_00000e0d,2026-06-13T16:28:45Z,android,checklist,GB
u_00000e10,2026-06-13T04:01:17Z,android,checklist,DE
u_00000e12,2026-06-13T19:52:40Z,android,checklist,US
u_00000e13,2026-06-13T17:40:39Z,ios,checklist,GB
u_00000e15,2026-06-13T16:22:21Z,android,control,US
u_00000e18,2026-06-13T09:42:40Z,android,control,US
u_00000e19,2026-06-13T04:39:29Z,ios,checklist,US
u_00000e1a,2026-06-13T13:48:33Z,ios,checklist,CA
u_00000e1c,2026-06-13T04:52:22Z,android,control,GB
u_00000e1d,2026-06-13T00:50:59Z,android,control,GB
u_00000e1f,2026-06-13T02:15:45Z,android,control,AU
u_00000e20,2026-06-13T15:44:30Z,web,control,US
u_00000e21,2026-06-13T17:03:31Z,ios,control,GB
u_00000e23,2026-06-13T21:49:31Z,ios,checklist,US
u_00000e26,2026-06-13T22:56:47Z,android,checklist,AU
u_00000e27,2026-06-13T04:04:51Z,ios,checklist,US
u_00000e2a,2026-06-13T08:07:12Z,web,checklist,GB
u_00000e2d,2026-06-13T20:30:42Z,android,control,US
u_00000e2f,2026-06-13T05:38:20Z,ios,checklist,US
u_00000e31,2026-06-13T14:01:56Z,android,control,US
u_00000e32,2026-06-13T06:33:03Z,android,control,DE
u_00000e34,2026-06-13T16:59:51Z,ios,control,US
u_00000e37,2026-06-13T00:12:57Z,ios,control,DE
u_00000e3a,2026-06-13T07:02:20Z,web,control,CA
u_00000e3d,2026-06-13T01:21:11Z,web,control,US
u_00000e40,2026-06-13T16:52:08Z,ios,control,CA
u_00000e41,2026-06-13T04:56:11Z,ios,control,GB
u_00000e43,2026-06-13T11:12:26Z,android,checklist,DE
u_00000e45,2026-06-13T22:24:10Z,ios,control,US
u_00000e47,2026-06-14T11:01:06Z,web,control,US
u_00000e48,2026-06-14T14:54:38Z,android,checklist,US
u_00000e49,2026-06-14T08:07:54Z,android,control,AU
u_00000e4c,2026-06-14T14:47:29Z,ios,control,US
u_00000e4d,2026-06-14T05:19:20Z,ios,control,US
u_00000e50,2026-06-14T23:55:23Z,ios,control,US
u_00000e51,2026-06-14T11:36:40Z,web,control,US
u_00000e54,2026-06-14T14:19:40Z,ios,checklist,DE
u_00000e55,2026-06-14T13:31:06Z,ios,checklist,GB
u_00000e56,2026-06-14T08:32:12Z,web,checklist,US
u_00000e58,2026-06-14T15:20:48Z,ios,checklist,CA
u_00000e59,2026-06-14T09:55:40Z,web,control,US
u_00000e5b,2026-06-14T19:04:18Z,web,checklist,DE
u_00000e5d,2026-06-14T14:40:59Z,ios,checklist,CA
u_00000e60,2026-06-14T23:34:56Z,ios,checklist,AU
u_00000e62,2026-06-14T00:20:37Z,ios,control,US
u_00000e64,2026-06-14T12:40:18Z,web,control,US
u_00000e65,2026-06-14T03:53:49Z,web,control,US
u_00000e66,2026-06-14T15:43:03Z,android,control,US
u_00000e68,2026-06-14T15:03:44Z,ios,checklist,US
u_00000e6b,2026-06-14T09:32:51Z,ios,checklist,US
u_00000e6d,2026-06-14T05:16:24Z,ios,checklist,DE
u_00000e6f,2026-06-14T13:36:58Z,android,checklist,US
u_00000e70,2026-06-14T13:28:02Z,ios,control,US
u_00000e72,2026-06-14T09:49:55Z,web,control,US
u_00000e73,2026-06-14T12:52:14Z,ios,control,US
u_00000e76,2026-06-15T19:55:33Z,web,checklist,DE
u_00000e77,2026-06-15T13:15:15Z,web,control,AU
u_00000e78,2026-06-15T22:52:37Z,ios,checklist,US
u_00000e7a,2026-06-15T08:39:40Z,web,control,US
u_00000e7b,2026-06-15T16:43:11Z,ios,control,US
u_00000e7e,2026-06-15T11:06:47Z,android,control,DE
u_00000e7f,2026-06-15T20:24:50Z,android,control,US
u_00000e82,2026-06-15T08:15:12Z,ios,checklist,US
u_00000e84,2026-06-15T04:49:46Z,android,checklist,US
u_00000e86,2026-06-15T00:04:34Z,ios,checklist,DE
u_00000e87,2026-06-15T18:39:07Z,ios,checklist,US
u_00000e88,2026-06-15T22:11:16Z,ios,control,GB
u_00000e89,2026-06-15T09:42:35Z,ios,checklist,GB
u_00000e8b,2026-06-15T21:05:15Z,ios,control,US
u_00000e8d,2026-06-15T13:15:33Z,web,checklist,GB
u_00000e90,2026-06-15T13:53:08Z,web,checklist,DE
u_00000e93,2026-06-15T09:53:13Z,web,control,US
u_00000e95,2026-06-15T17:23:33Z,ios,control,DE
u_00000e97,2026-06-15T18:47:17Z,android,control,US
u_00000e98,2026-06-15T04:56:31Z,ios,checklist,US
u_00000e9b,2026-06-15T05:20:46Z,android,checklist,US
u_00000e9e,2026-06-15T01:33:35Z,ios,control,US
u_00000e9f,2026-06-15T11:03:05Z,android,checklist,AU
u_00000ea0,2026-06-15T15:56:28Z,web,control,US
u_00000ea1,2026-06-15T01:09:28Z,ios,control,DE
u_00000ea3,2026-06-15T09:17:38Z,ios,checklist,US
u_00000ea4,2026-06-15T20:02:59Z,ios,control,US
u_00000ea5,2026-06-15T12:14:25Z,ios,control,US
u_00000ea7,2026-06-15T21:24:50Z,android,control,GB
u_00000ea8,2026-06-15T09:11:09Z,ios,checklist,US
u_00000eab,2026-06-15T14:43:08Z,web,checklist,US
u_00000eac,2026-06-15T17:21:01Z,ios,checklist,GB
u_00000ead,2026-06-16T22:27:15Z,ios,checklist,DE
u_00000eb0,2026-06-16T17:27:58Z,android,control,DE
u_00000eb3,2026-06-16T21:33:46Z,web,control,US
u_00000eb6,2026-06-16T13:43:58Z,android,checklist,US
u_00000eb9,2026-06-16T12:42:30Z,android,checklist,GB
u_00000ebc,2026-06-16T10:45:47Z,android,control,US
u_00000ebf,2026-06-16T12:52:56Z,web,checklist,DE
u_00000ec0,2026-06-16T15:43:25Z,web,control,US
u_00000ec3,2026-06-16T04:20:58Z,android,control,US
u_00000ec4,2026-06-16T04:26:38Z,ios,checklist,GB
u_00000ec7,2026-06-16T08:21:05Z,ios,checklist,GB
u_00000ec8,2026-06-16T18:54:12Z,ios,control,US
u_00000eca,2026-06-16T19:26:11Z,ios,checklist,GB
u_00000ecb,2026-06-16T05:25:22Z,android,checklist,US
u_00000ecc,2026-06-16T23:59:27Z,android,control,US
u_00000ecf,2026-06-16T04:23:52Z,android,control,US
u_00000ed0,2026-06-16T01:00:50Z,ios,control,US
u_00000ed2,2026-06-16T05:09:11Z,ios,checklist,AU
u_00000ed4,2026-06-16T23:56:53Z,web,control,US
u_00000ed6,2026-06-16T09:51:51Z,android,checklist,CA
u_00000ed7,2026-06-16T11:50:58Z,web,checklist,US
u_00000ed9,2026-06-16T22:56:58Z,ios,control,US
u_00000edc,2026-06-16T05:46:26Z,ios,control,US
u_00000edd,2026-06-16T08:49:47Z,ios,control,CA
u_00000edf,2026-06-16T17:19:03Z,web,checklist,CA
u_00000ee0,2026-06-16T08:29:32Z,android,checklist,DE
u_00000ee3,2026-06-16T15:55:08Z,ios,checklist,AU
u_00000ee6,2026-06-16T05:02:26Z,ios,control,US
u_00000ee9,2026-06-16T12:45:13Z,ios,control,US
u_00000eec,2026-06-16T20:32:02Z,ios,checklist,US
u_00000eed,2026-06-16T02:48:55Z,web,checklist,GB
u_00000eef,2026-06-16T11:35:39Z,android,checklist,US
u_00000ef0,2026-06-16T01:20:43Z,ios,control,US
u_00000ef1,2026-06-16T16:42:55Z,ios,control,CA
u_00000ef3,2026-06-16T06:15:34Z,web,control,US
u_00000ef5,2026-06-16T17:46:09Z,ios,control,DE
u_00000ef7,2026-06-17T07:27:38Z,web,control,US
u_00000efa,2026-06-17T06:24:29Z,ios,control,US
u_00000efd,2026-06-17T18:33:23Z,android,control,GB
u_00000eff,2026-06-17T05:53:33Z,android,control,DE
u_00000f01,2026-06-17T06:53:51Z,web,control,CA
u_00000f02,2026-06-17T08:49:05Z,ios,checklist,US
u_00000f03,2026-06-17T22:57:53Z,ios,control,US
u_00000f04,2026-06-17T00:25:48Z,ios,checklist,GB
u_00000f07,2026-06-17T22:46:27Z,android,checklist,AU
u_00000f09,2026-06-17T16:24:04Z,android,checklist,GB
u_00000f0b,2026-06-17T12:01:27Z,android,control,US
u_00000f0c,2026-06-17T14:14:32Z,web,control,US
u_00000f0e,2026-06-17T03:52:45Z,web,control,US
u_00000f0f,2026-06-17T20:49:05Z,ios,checklist,DE
u_00000f12,2026-06-17T03:57:19Z,android,control,US
u_00000f13,2026-06-17T22:10:41Z,android,checklist,CA
u_00000f16,2026-06-17T20:26:38Z,ios,control,US
u_00000f17,2026-06-17T21:27:00Z,ios,checklist,US
u_00000f1a,2026-06-17T20:19:31Z,ios,checklist,DE
u_00000f1c,2026-06-17T03:47:46Z,web,control,DE
u_00000f1d,2026-06-17T23:29:05Z,android,checklist,CA
u_00000f1f,2026-06-17T05:30:52Z,web,control,US
u_00000f21,2026-06-17T10:38:55Z,ios,checklist,US
u_00000f24,2026-06-17T03:07:24Z,ios,checklist,US
u_00000f25,2026-06-17T06:57:23Z,ios,checklist,GB
u_00000f27,2026-06-17T15:19:41Z,ios,checklist,US
u_00000f28,2026-06-17T10:11:19Z,ios,checklist,US
u_00000f2a,2026-06-18T02:44:32Z,web,checklist,US
u_00000f2d,2026-06-18T20:37:24Z,ios,checklist,DE
u_00000f30,2026-06-18T16:58:22Z,ios,control,US
u_00000f32,2026-06-18T05:17:04Z,android,checklist,DE
u_00000f33,2026-06-18T04:25:33Z,web,checklist,US
u_00000f36,2026-06-18T06:39:18Z,android,control,US
u_00000f37,2026-06-18T01:45:01Z,android,control,US
u_00000f3a,2026-06-18T02:17:33Z,ios,control,US
u_00000f3d,2026-06-18T02:56:08Z,ios,control,US
u_00000f3e,2026-06-18T07:30:47Z,android,checklist,US
u_00000f40,2026-06-18T11:40:24Z,web,control,US
u_00000f42,2026-06-18T10:11:22Z,android,control,US
u_00000f44,2026-06-18T03:41:43Z,android,control,US
u_00000f45,2026-06-18T21:52:53Z,web,control,US
u_00000f48,2026-06-18T08:14:11Z,ios,checklist,US
u_00000f49,2026-06-18T01:39:36Z,android,control,AU
u_00000f4b,2026-06-18T03:36:34Z,web,control,DE
u_00000f4e,2026-06-18T10:25:34Z,android,control,US
u_00000f51,2026-06-18T07:22:05Z,ios,checklist,US
u_00000f52,2026-06-18T19:58:21Z,android,control,US
u_00000f54,2026-06-18T14:30:15Z,ios,checklist,GB
u_00000f56,2026-06-18T08:39:12Z,ios,control,GB
u_00000f57,2026-06-18T19:56:12Z,web,control,CA
u_00000f5a,2026-06-18T09:23:08Z,web,control,US
u_00000f5c,2026-06-18T05:12:39Z,ios,checklist,US
u_00000f5f,2026-06-18T12:56:58Z,web,checklist,US
u_00000f60,2026-06-18T10:56:59Z,android,control,CA
u_00000f62,2026-06-18T00:34:31Z,web,control,US
u_00000f64,2026-06-18T02:59:43Z,android,control,GB
u_00000f65,2026-06-18T12:28:16Z,android,checklist,AU
u_00000f66,2026-06-18T03:26:02Z,android,checklist,GB
u_00000f68,2026-06-18T18:26:45Z,web,control,US
u_00000f6a,2026-06-18T14:11:30Z,web,control,US
u_00000f6d,2026-06-18T15:13:52Z,web,control,AU
u_00000f70,2026-06-19T22:22:51Z,android,checklist,DE
u_00000f73,2026-06-19T12:39:22Z,ios,control,AU
u_00000f74,2026-06-19T16:38:15Z,android,control,CA
u_00000f76,2026-06-19T05:01:34Z,android,checklist,DE
u_00000f77,2026-06-19T18:18:47Z,ios,control,AU
u_00000f78,2026-06-19T03:14:21Z,web,checklist,US
u_00000f7a,2026-06-19T06:58:47Z,ios,control,GB
u_00000f7b,2026-06-19T02:27:38Z,android,checklist,US
u_00000f7e,2026-06-19T10:27:12Z,web,control,US
u_00000f80,2026-06-19T03:50:57Z,web,control,AU
u_00000f82,2026-06-19T22:41:08Z,web,checklist,US
u_00000f85,2026-06-19T05:08:40Z,android,checklist,US
u_00000f87,2026-06-19T08:04:49Z,android,control,US
u_00000f8a,2026-06-19T20:10:04Z,ios,checklist,DE
u_00000f8b,2026-06-19T09:57:46Z,web,checklist,US
u_00000f8e,2026-06-19T09:12:51Z,android,control,CA
u_00000f91,2026-06-19T15:38:24Z,web,control,US
u_00000f92,2026-06-19T02:08:52Z,ios,control,DE
u_00000f93,2026-06-19T02:03:46Z,ios,control,US
u_00000f95,2026-06-19T15:13:29Z,ios,control,CA
u_00000f98,2026-06-19T16:20:23Z,android,checklist,US
u_00000f9b,2026-06-19T13:19:44Z,android,control,US
u_00000f9d,2026-06-19T16:13:02Z,web,checklist,GB
u_00000f9f,2026-06-19T07:04:15Z,android,checklist,US
u_00000fa2,2026-06-19T21:40:55Z,web,checklist,US
u_00000fa4,2026-06-19T13:26:19Z,ios,control,US
u_00000fa6,2026-06-19T09:57:06Z,android,control,GB
u_00000fa9,2026-06-19T22:38:27Z,web,checklist,GB
u_00000fac,2026-06-19T15:58:31Z,ios,control,AU
u_00000fad,2026-06-19T09:41:41Z,ios,control,DE
u_00000fb0,2026-06-19T19:48:36Z,android,checklist,US
u_00000fb3,2026-06-19T08:29:37Z,ios,control,US
u_00000fb4,2026-06-19T11:01:33Z,ios,checklist,US
u_00000fb7,2026-06-19T09:18:35Z,web,control,US
u_00000fb9,2026-06-19T01:28:16Z,android,control,US
u_00000fbc,2026-06-20T17:21:58Z,web,checklist,US
u_00000fbf,2026-06-20T07:39:12Z,ios,control,CA
u_00000fc1,2026-06-20T09:41:01Z,ios,checklist,GB
u_00000fc4,2026-06-20T05:55:48Z,ios,control,US
u_00000fc7,2026-06-20T22:51:04Z,ios,checklist,US
u_00000fca,2026-06-20T20:27:10Z,web,checklist,DE
u_00000fcd,2026-06-20T22:42:32Z,web,checklist,AU
u_00000fcf,2026-06-20T21:24:34Z,ios,control,GB
u_00000fd0,2026-06-20T11:27:19Z,ios,control,US
u_00000fd2,2026-06-20T12:46:10Z,web,checklist,US
u_00000fd5,2026-06-20T14:14:40Z,ios,control,US
u_00000fd6,2026-06-20T13:34:28Z,web,control,DE
u_00000fd7,2026-06-20T11:52:13Z,web,control,US
u_00000fd8,2026-06-20T00:08:31Z,ios,control,US
u_00000fda,2026-06-20T23:28:50Z,ios,checklist,US
u_00000fdb,2026-06-20T10:29:27Z,web,checklist,US
u_00000fdc,2026-06-20T14:02:21Z,ios,control,CA
u_00000fdd,2026-06-20T00:03:40Z,android,checklist,GB
u_00000fde,2026-06-20T16:18:02Z,web,checklist,US
u_00000fe0,2026-06-20T22:57:15Z,web,control,US
u_00000fe3,2026-06-20T06:53:25Z,web,checklist,US
u_00000fe4,2026-06-20T16:42:54Z,web,control,AU
u_00000fe7,2026-06-20T02:49:05Z,ios,control,US
u_00000fe9,2026-06-20T14:17:11Z,ios,control,US
u_00000fea,2026-06-20T10:10:26Z,ios,control,US
u_00000feb,2026-06-20T07:42:37Z,android,checklist,US
u_00000fed,2026-06-20T04:07:15Z,web,control,US
u_00000fee,2026-06-20T09:53:00Z,ios,control,GB
u_00000ff0,2026-06-20T21:22:44Z,ios,checklist,US
u_00000ff1,2026-06-20T07:26:17Z,web,control,US
u_00000ff4,2026-06-20T08:45:21Z,android,checklist,US
u_00000ff7,2026-06-20T15:55:22Z,android,control,US
u_00000ff8,2026-06-21T17:44:58Z,web,control,CA
u_00000ffb,2026-06-21T15:58:15Z,android,checklist,US
u_00000ffc,2026-06-21T17:45:36Z,ios,checklist,GB
u_00000ffd,2026-06-21T19:59:32Z,web,checklist,US
u_00000fff,2026-06-21T03:40:51Z,android,control,US
u_00001002,2026-06-21T19:23:02Z,ios,checklist,US
u_00001005,2026-06-21T05:48:03Z,ios,control,CA
u_00001007,2026-06-21T16:23:10Z,android,checklist,US
u_00001008,2026-06-21T04:07:09Z,ios,control,AU
u_0000100b,2026-06-21T14:03:05Z,ios,control,US
u_0000100c,2026-06-21T14:53:16Z,ios,control,US
u_0000100e,2026-06-21T21:03:14Z,ios,control,CA
u_00001010,2026-06-21T13:03:39Z,ios,control,US
u_00001013,2026-06-21T15:51:14Z,ios,checklist,DE
u_00001014,2026-06-21T14:49:09Z,web,control,GB
u_00001016,2026-06-21T10:52:55Z,ios,checklist,DE
u_00001018,2026-06-21T20:10:14Z,ios,control,US
u_0000101a,2026-06-21T09:04:46Z,android,checklist,US
u_0000101d,2026-06-21T10:09:03Z,ios,checklist,US
u_0000101f,2026-06-21T00:50:55Z,web,control,US
u_00001022,2026-06-21T16:18:03Z,web,checklist,US
u_00001023,2026-06-21T10:59:55Z,android,control,AU
u_00001025,2026-06-21T00:50:32Z,web,checklist,US
u_00001027,2026-06-21T03:06:21Z,web,checklist,GB
u_00001029,2026-06-21T10:19:04Z,ios,control,US
u_0000102b,2026-06-22T09:55:22Z,android,checklist,US
u_0000102d,2026-06-22T21:48:42Z,ios,control,GB
u_00001030,2026-06-22T03:43:47Z,ios,checklist,DE
u_00001032,2026-06-22T11:01:55Z,android,control,US
u_00001035,2026-06-22T00:13:43Z,ios,control,GB
u_00001036,2026-06-22T14:58:33Z,web,checklist,US
u_00001038,2026-06-22T13:57:33Z,android,checklist,US
u_00001039,2026-06-22T23:43:00Z,web,checklist,DE
u_0000103b,2026-06-22T12:25:49Z,android,checklist,US
u_0000103d,2026-06-22T23:14:23Z,ios,checklist,US
u_0000103f,2026-06-22T01:38:10Z,ios,checklist,CA
u_00001040,2026-06-22T23:38:38Z,web,control,DE
u_00001042,2026-06-22T20:35:00Z,ios,checklist,CA
u_00001045,2026-06-22T19:32:48Z,ios,control,US
u_00001047,2026-06-22T00:37:04Z,ios,checklist,US
u_00001049,2026-06-22T08:31:27Z,web,control,GB
u_0000104a,2026-06-22T18:18:33Z,web,checklist,AU
u_0000104c,2026-06-22T00:50:38Z,ios,control,CA
u_0000104e,2026-06-22T02:06:19Z,android,control,GB
u_00001051,2026-06-22T05:56:06Z,ios,checklist,US
u_00001054,2026-06-22T02:31:28Z,web,control,AU
u_00001057,2026-06-22T09:34:00Z,ios,checklist,US
u_00001058,2026-06-22T23:07:39Z,android,checklist,AU
u_0000105b,2026-06-22T00:20:47Z,ios,control,DE
u_0000105c,2026-06-22T15:47:43Z,web,control,US
u_0000105d,2026-06-22T12:40:34Z,ios,control,DE
u_0000105f,2026-06-22T20:23:49Z,ios,checklist,GB
u_00001062,2026-06-22T09:11:24Z,ios,control,CA
u_00001063,2026-06-22T02:26:56Z,ios,control,US
u_00001065,2026-06-22T11:21:47Z,web,control,US
u_00001067,2026-06-22T09:27:48Z,ios,checklist,GB
u_0000106a,2026-06-23T21:55:43Z,android,control,GB
u_0000106c,2026-06-23T12:19:09Z,web,checklist,US
u_0000106e,2026-06-23T06:17:26Z,android,checklist,US
u_00001070,2026-06-23T01:43:23Z,android,checklist,US
u_00001073,2026-06-23T16:32:43Z,android,control,CA
u_00001075,2026-06-23T19:51:18Z,web,checklist,CA
u_00001076,2026-06-23T23:16:28Z,web,control,US
u_00001079,2026-06-23T00:24:37Z,web,control,US
u_0000107b,2026-06-23T13:52:18Z,android,control,GB
u_0000107e,2026-06-23T19:40:49Z,web,checklist,CA
u_0000107f,2026-06-23T09:42:44Z,ios,control,US
u_00001081,2026-06-23T23:22:56Z,web,control,AU
u_00001082,2026-06-23T01:24:12Z,ios,checklist,AU
u_00001084,2026-06-23T22:38:41Z,ios,checklist,US
u_00001085,2026-06-23T10:08:33Z,ios,checklist,AU
u_00001086,2026-06-23T16:31:35Z,ios,checklist,US
u_00001087,2026-06-23T21:18:16Z,ios,checklist,GB
u_00001088,2026-06-23T15:35:31Z,ios,control,US
u_0000108a,2026-06-23T15:42:15Z,ios,control,US
u_0000108d,2026-06-23T02:45:28Z,ios,checklist,GB
u_0000108f,2026-06-23T03:42:15Z,ios,control,CA
u_00001092,2026-06-23T14:02:34Z,ios,control,US
u_00001095,2026-06-23T09:09:55Z,web,control,US
u_00001098,2026-06-23T01:23:42Z,web,control,US
u_00001099,2026-06-23T17:09:28Z,android,checklist,US
u_0000109a,2026-06-23T19:43:59Z,android,checklist,CA
u_0000109c,2026-06-23T17:18:49Z,ios,control,US
u_0000109f,2026-06-24T22:31:51Z,ios,checklist,US
u_000010a1,2026-06-24T03:35:01Z,android,checklist,US
u_000010a4,2026-06-24T08:40:15Z,ios,control,AU
u_000010a7,2026-06-24T08:50:06Z,web,checklist,US
u_000010a8,2026-06-24T06:32:16Z,web,control,US
u_000010aa,2026-06-24T12:49:06Z,ios,checklist,GB
u_000010ad,2026-06-24T20:03:16Z,ios,checklist,CA
u_000010af,2026-06-24T23:41:33Z,ios,control,CA
u_000010b0,2026-06-24T11:22:12Z,ios,control,AU
u_000010b1,2026-06-24T09:49:32Z,web,control,US
u_000010b3,2026-06-24T22:10:56Z,ios,checklist,US
u_000010b6,2026-06-24T08:51:17Z,android,checklist,US
u_000010b9,2026-06-24T06:08:29Z,ios,control,US
u_000010bc,2026-06-24T12:16:06Z,android,checklist,GB
u_000010bf,2026-06-24T02:59:57Z,ios,checklist,US
u_000010c0,2026-06-24T01:10:47Z,ios,checklist,US
u_000010c2,2026-06-24T08:27:11Z,web,control,US
u_000010c3,2026-06-24T15:01:44Z,ios,control,US
u_000010c6,2026-06-24T04:56:26Z,web,checklist,CA
u_000010c7,2026-06-24T02:12:28Z,ios,control,US
u_000010ca,2026-06-24T11:21:59Z,web,checklist,AU
u_000010cb,2026-06-24T14:37:28Z,android,control,US
u_000010ce,2026-06-24T22:50:42Z,web,control,CA
u_000010d1,2026-06-24T23:24:39Z,ios,checklist,US
u_000010d4,2026-06-24T17:09:27Z,ios,control,US
u_000010d6,2026-06-24T04:56:30Z,web,control,US
u_000010d9,2026-06-24T23:40:03Z,ios,control,US
u_000010db,2026-06-24T16:46:15Z,ios,control,GB
u_000010de,2026-06-24T14:04:04Z,android,checklist,CA
u_000010e0,2026-06-24T12:50:40Z,android,control,US
u_000010e1,2026-06-24T19:26:55Z,web,checklist,DE
u_000010e4,2026-06-24T23:14:36Z,ios,control,US
u_000010e6,2026-06-25T16:34:45Z,ios,control,CA
u_000010e7,2026-06-25T21:52:18Z,ios,checklist,GB
u_000010ea,2026-06-25T19:39:04Z,ios,checklist,US
u_000010ec,2026-06-25T23:20:03Z,android,control,CA
u_000010ed,2026-06-25T19:48:42Z,ios,checklist,GB
u_000010f0,2026-06-25T14:42:04Z,ios,checklist,CA
u_000010f1,2026-06-25T17:23:25Z,android,checklist,GB
u_000010f4,2026-06-25T12:28:16Z,android,checklist,US
u_000010f7,2026-06-25T12:12:18Z,web,control,DE
u_000010f9,2026-06-25T03:51:57Z,ios,control,US
u_000010fc,2026-06-25T20:37:26Z,web,control,US
u_000010fd,2026-06-25T01:31:09Z,android,checklist,GB
u_00001100,2026-06-25T04:06:06Z,web,checklist,US
u_00001102,2026-06-25T09:22:28Z,ios,checklist,CA
u_00001105,2026-06-25T09:26:56Z,android,checklist,US
u_00001106,2026-06-25T10:46:14Z,web,checklist,US
u_00001107,2026-06-25T12:08:21Z,ios,control,US
u_0000110a,2026-06-25T09:47:39Z,ios,control,AU
u_0000110c,2026-06-25T03:31:20Z,web,control,GB
u_0000110d,2026-06-25T08:16:17Z,android,control,AU
u_0000110e,2026-06-25T04:02:27Z,ios,checklist,US
u_00001111,2026-06-25T19:06:18Z,android,control,CA
u_00001112,2026-06-25T17:05:54Z,web,control,US
u_00001115,2026-06-25T00:19:36Z,ios,checklist,DE
u_00001118,2026-06-25T20:47:56Z,web,control,US
u_00001119,2026-06-25T23:23:28Z,ios,checklist,DE
u_0000111b,2026-06-25T05:37:58Z,web,control,GB
u_0000111c,2026-06-25T14:11:39Z,android,checklist,CA
u_0000111f,2026-06-25T13:00:49Z,web,control,CA
u_00001121,2026-06-25T17:20:21Z,android,control,US
u_00001122,2026-06-25T13:51:36Z,web,checklist,CA
u_00001125,2026-06-25T17:45:29Z,ios,control,US
u_00001126,2026-06-26T23:38:20Z,ios,checklist,CA
u_00001128,2026-06-26T06:16:02Z,web,checklist,CA
u_00001129,2026-06-26T07:38:51Z,android,checklist,AU
u_0000112c,2026-06-26T13:19:12Z,ios,checklist,DE
u_0000112f,2026-06-26T23:28:44Z,android,control,AU
u_00001130,2026-06-26T18:58:10Z,ios,control,CA
u_00001133,2026-06-26T09:15:01Z,ios,control,US
u_00001136,2026-06-26T06:01:14Z,android,control,DE
u_00001137,2026-06-26T12:22:53Z,android,control,US
u_0000113a,2026-06-26T18:45:04Z,web,checklist,US
u_0000113d,2026-06-26T16:56:54Z,android,control,AU
u_0000113f,2026-06-26T09:35:23Z,android,control,DE
u_00001142,2026-06-26T15:27:07Z,ios,control,AU
u_00001145,2026-06-26T10:54:02Z,web,checklist,US
u_00001147,2026-06-26T01:52:36Z,android,control,US
u_00001148,2026-06-26T15:04:12Z,ios,control,US
u_0000114b,2026-06-26T10:01:31Z,android,control,US
u_0000114e,2026-06-26T13:42:47Z,ios,checklist,AU
u_00001150,2026-06-26T19:52:46Z,android,control,US
u_00001151,2026-06-26T00:16:02Z,android,checklist,DE
u_00001152,2026-06-26T22:29:06Z,web,checklist,GB
u_00001153,2026-06-26T06:48:33Z,android,checklist,DE
u_00001156,2026-06-26T18:58:41Z,android,control,US
u_00001158,2026-06-26T05:31:46Z,android,checklist,US
u_00001159,2026-06-26T13:48:33Z,web,control,US
u_0000115a,2026-06-26T10:23:44Z,android,checklist,US
u_0000115d,2026-06-26T20:42:02Z,ios,checklist,DE
u_00001160,2026-06-26T04:36:10Z,ios,checklist,CA
u_00001162,2026-06-26T00:40:29Z,android,checklist,GB
u_00001164,2026-06-26T13:11:58Z,ios,control,US
u_00001166,2026-06-26T07:40:12Z,android,control,DE
u_00001167,2026-06-26T15:59:58Z,ios,control,US
u_00001169,2026-06-26T06:29:27Z,android,checklist,GB
u_0000116a,2026-06-26T22:19:21Z,web,checklist,AU
u_0000116b,2026-06-26T12:26:28Z,web,checklist,US
u_0000116e,2026-06-26T21:54:14Z,ios,control,US
u_00001170,2026-06-26T03:55:51Z,ios,control,US
u_00001173,2026-06-27T14:29:18Z,android,control,CA
u_00001174,2026-06-27T14:34:11Z,web,control,US
u_00001177,2026-06-27T02:09:27Z,ios,control,GB
u_00001178,2026-06-27T06:44:45Z,android,control,US
u_0000117a,2026-06-27T13:54:51Z,web,control,AU
u_0000117b,2026-06-27T00:03:57Z,ios,checklist,US
u_0000117d,2026-06-27T13:19:23Z,ios,checklist,US
u_00001180,2026-06-27T20:47:36Z,web,control,US
u_00001181,2026-06-27T13:06:50Z,web,control,CA
u_00001184,2026-06-27T06:18:07Z,ios,checklist,CA
u_00001186,2026-06-27T00:44:18Z,ios,control,CA
u_00001189,2026-06-27T15:02:45Z,android,control,US
u_0000118a,2026-06-27T19:40:05Z,web,control,GB
u_0000118d,2026-06-27T15:17:10Z,ios,control,CA
u_00001190,2026-06-27T00:32:36Z,web,control,US
u_00001191,2026-06-27T15:45:36Z,android,checklist,US
u_00001193,2026-06-27T19:33:30Z,android,control,US
u_00001196,2026-06-27T09:31:09Z,ios,checklist,US
u_00001197,2026-06-27T00:51:20Z,android,control,GB
u_0000119a,2026-06-27T01:29:41Z,android,checklist,DE
u_0000119b,2026-06-27T18:27:09Z,ios,checklist,US
u_0000119c,2026-06-27T12:37:27Z,web,control,US
u_0000119f,2026-06-27T00:31:06Z,ios,control,AU
u_000011a0,2026-06-27T17:15:57Z,android,checklist,US
u_000011a3,2026-06-27T23:55:22Z,android,control,CA
u_000011a6,2026-06-27T18:41:25Z,ios,control,US
u_000011a9,2026-06-27T14:02:01Z,ios,control,US
u_000011ac,2026-06-27T03:46:30Z,ios,control,US
u_000011ae,2026-06-27T04:01:19Z,ios,control,US
u_000011b0,2026-06-27T15:43:33Z,web,checklist,AU
u_000011b1,2026-06-27T13:07:53Z,ios,control,DE
u_000011b3,2026-06-27T06:20:50Z,ios,checklist,CA
u_000011b5,2026-06-27T07:47:49Z,web,control,AU
u_000011b8,2026-06-27T06:01:02Z,android,control,GB
u_000011ba,2026-06-28T06:39:43Z,ios,control,CA
u_000011bc,2026-06-28T06:45:03Z,ios,control,GB
u_000011bd,2026-06-28T13:51:59Z,web,checklist,CA
u_000011c0,2026-06-28T04:16:01Z,ios,control,GB
u_000011c3,2026-06-28T18:21:44Z,ios,checklist,DE
u_000011c5,2026-06-28T10:16:07Z,android,control,US
u_000011c6,2026-06-28T18:17:29Z,web,control,GB
u_000011c9,2026-06-28T22:55:22Z,web,checklist,DE
u_000011cb,2026-06-28T17:43:26Z,ios,checklist,US
u_000011cd,2026-06-28T15:44:34Z,web,control,US
u_000011cf,2026-06-28T03:13:41Z,web,checklist,AU
u_000011d0,2026-06-28T12:41:53Z,android,checklist,DE
u_000011d1,2026-06-28T17:05:47Z,ios,checklist,US
u_000011d2,2026-06-28T21:15:22Z,android,control,US
u_000011d4,2026-06-28T14:31:37Z,web,checklist,US
u_000011d6,2026-06-28T06:16:39Z,web,control,US
u_000011d7,2026-06-28T12:41:53Z,android,checklist,DE
u_000011da,2026-06-28T22:49:22Z,android,checklist,GB
u_000011db,2026-06-28T17:59:55Z,ios,control,US
u_000011de,2026-06-28T09:11:59Z,ios,control,US
u_000011df,2026-06-28T04:05:00Z,web,control,CA
u_000011e0,2026-06-28T16:41:38Z,android,checklist,DE
u_000011e1,2026-06-28T11:18:04Z,android,control,US
u_000011e2,2026-06-28T00:04:20Z,android,control,GB
u_000011e5,2026-06-28T01:15:49Z,web,control,US
u_000011e6,2026-06-28T05:09:12Z,ios,checklist,US
u_000011e8,2026-06-28T14:17:53Z,web,checklist,US
u_000011eb,2026-06-28T10:47:58Z,web,control,CA
u_000011ec,2026-06-28T23:38:02Z,web,checklist,US
u_000011ef,2026-06-28T21:36:45Z,ios,checklist,US
u_000011f1,2026-06-28T23:31:03Z,android,checklist,US
u_000011f4,2026-06-28T18:00:00Z,ios,control,US
u_000011f7,2026-06-28T06:06:47Z,ios,checklist,AU
u_000011fa,2026-06-28T07:28:32Z,android,control,US
u_000011fd,2026-06-28T00:18:38Z,ios,checklist,GB
u_00001200,2026-06-28T00:32:11Z,ios,control,US
u_00001202,2026-06-28T11:20:16Z,web,control,US
u_00001204,2026-06-29T02:42:20Z,ios,checklist,US
u_00001206,2026-06-29T01:00:26Z,ios,control,US
u_00001208,2026-06-29T16:16:24Z,ios,checklist,US
u_0000120a,2026-06-29T08:38:02Z,web,checklist,US
u_0000120c,2026-06-29T10:40:51Z,web,control,DE
u_0000120f,2026-06-29T07:59:16Z,ios,checklist,US
u_00001211,2026-06-29T01:32:57Z,web,control,US
u_00001214,2026-06-29T09:07:15Z,ios,control,CA
u_00001216,2026-06-29T18:22:01Z,ios,control,CA
u_00001217,2026-06-29T12:03:18Z,ios,control,US
u_00001218,2026-06-29T08:35:46Z,ios,checklist,US
u_0000121b,2026-06-29T02:42:48Z,web,checklist,DE
u_0000121c,2026-06-29T20:25:00Z,web,control,CA
u_0000121d,2026-06-29T03:18:54Z,android,checklist,US
u_0000121f,2026-06-29T13:01:53Z,ios,checklist,US
u_00001221,2026-06-29T16:50:54Z,android,control,CA
u_00001223,2026-06-29T20:26:38Z,android,control,CA
u_00001224,2026-06-29T19:00:00Z,ios,checklist,CA
u_00001225,2026-06-29T14:22:11Z,android,control,GB
u_00001227,2026-06-29T19:01:17Z,ios,control,US
u_00001228,2026-06-29T18:11:13Z,ios,checklist,US
u_0000122b,2026-06-29T05:39:55Z,ios,control,US
u_0000122c,2026-06-29T14:13:57Z,ios,checklist,DE
u_0000122d,2026-06-29T04:53:20Z,android,checklist,GB
u_0000122f,2026-06-30T01:11:35Z,web,control,DE
u_00001230,2026-06-30T18:08:11Z,android,checklist,CA
u_00001232,2026-06-30T07:31:18Z,android,control,US
u_00001234,2026-06-30T17:12:50Z,android,checklist,US
u_00001235,2026-06-30T08:33:40Z,ios,checklist,CA
u_00001236,2026-06-30T18:25:09Z,web,checklist,US
u_00001238,2026-06-30T17:07:55Z,web,checklist,GB
u_0000123a,2026-06-30T01:47:49Z,ios,checklist,US
u_0000123d,2026-06-30T13:35:25Z,web,control,US
u_00001240,2026-06-30T12:10:42Z,ios,checklist,DE
u_00001241,2026-06-30T12:35:48Z,web,checklist,AU
u_00001242,2026-06-30T12:47:54Z,ios,checklist,US
u_00001243,2026-06-30T16:47:48Z,android,checklist,US
u_00001245,2026-06-30T04:13:53Z,web,checklist,US
u_00001246,2026-06-30T07:32:50Z,ios,checklist,GB
u_00001247,2026-06-30T05:32:57Z,ios,checklist,GB
u_00001249,2026-06-30T14:28:02Z,web,checklist,AU
u_0000124a,2026-06-30T21:47:05Z,ios,control,GB
u_0000124b,2026-06-30T10:57:44Z,android,checklist,US
u_0000124d,2026-06-30T07:37:20Z,android,control,US
u_00001250,2026-06-30T18:10:48Z,android,checklist,US
u_00001252,2026-06-30T23:40:29Z,web,control,CA
u_00001253,2026-06-30T02:08:42Z,android,checklist,US
u_00001256,2026-06-30T08:50:15Z,android,checklist,CA
u_00001257,2026-06-30T14:17:36Z,web,checklist,US
u_0000125a,2026-06-30T05:25:32Z,web,control,US
u_0000125c,2026-06-30T00:24:44Z,android,checklist,US
u_0000125e,2026-06-30T11:26:11Z,ios,checklist,US
u_00001261,2026-06-30T03:19:49Z,web,checklist,US
u_00001262,2026-07-01T13:25:00Z,android,checklist,CA
u_00001263,2026-07-01T05:23:12Z,android,control,GB
u_00001266,2026-07-01T10:27:00Z,web,checklist,GB
u_00001267,2026-07-01T11:08:27Z,android,checklist,CA
u_00001269,2026-07-01T07:19:22Z,android,checklist,AU
u_0000126a,2026-07-01T13:17:27Z,android,control,GB
u_0000126d,2026-07-01T22:42:29Z,ios,checklist,DE
u_00001270,2026-07-01T02:22:01Z,ios,checklist,US
u_00001272,2026-07-01T14:49:35Z,android,control,US
u_00001275,2026-07-01T14:53:39Z,android,control,GB
u_00001276,2026-07-01T14:01:37Z,ios,control,CA
u_00001278,2026-07-01T10:50:14Z,ios,control,US
u_00001279,2026-07-01T21:55:21Z,android,control,GB
u_0000127a,2026-07-01T02:06:07Z,ios,control,US
u_0000127c,2026-07-01T23:25:07Z,ios,checklist,US
u_0000127e,2026-07-01T13:32:34Z,ios,checklist,US
u_0000127f,2026-07-01T22:01:23Z,ios,control,US
u_00001282,2026-07-01T19:24:44Z,ios,checklist,US
u_00001285,2026-07-01T17:33:54Z,web,control,US
u_00001288,2026-07-01T06:04:46Z,web,checklist,US
u_0000128b,2026-07-01T21:06:53Z,android,checklist,GB
u_0000128e,2026-07-01T20:26:54Z,android,control,US
u_00001290,2026-07-01T10:59:27Z,ios,checklist,US
u_00001291,2026-07-01T15:31:14Z,web,control,US
u_00001293,2026-07-01T05:36:58Z,ios,control,US
u_00001294,2026-07-01T15:41:17Z,web,checklist,US
u_00001297,2026-07-01T20:00:00Z,web,control,CA
u_00001298,2026-07-01T10:55:45Z,android,checklist,GB
u_0000129a,2026-07-01T17:49:52Z,ios,control,US
u_0000129d,2026-07-01T18:32:18Z,android,checklist,GB
u_0000129f,2026-07-01T10:09:48Z,ios,control,US
u_000012a1,2026-07-01T04:50:17Z,android,checklist,CA
u_000012a4,2026-07-01T23:30:20Z,android,checklist,GB
u_000012a5,2026-07-01T05:10:48Z,web,checklist,US
u_000012a8,2026-07-01T22:56:13Z,ios,checklist,DE
u_000012aa,2026-07-02T14:16:36Z,web,checklist,US
u_000012ac,2026-07-02T14:25:59Z,android,control,GB
u_000012ae,2026-07-02T01:37:52Z,ios,checklist,DE
u_000012b1,2026-07-02T18:01:58Z,android,checklist,US
u_000012b4,2026-07-02T14:14:09Z,ios,control,US
u_000012b6,2026-07-02T09:36:21Z,android,checklist,AU
u_000012b8,2026-07-02T09:17:33Z,android,control,CA
u_000012bb,2026-07-02T05:22:14Z,ios,checklist,US
u_000012bc,2026-07-02T19:13:02Z,ios,control,CA
u_000012be,2026-07-02T07:33:41Z,ios,checklist,AU
u_000012c1,2026-07-02T14:49:33Z,ios,checklist,US
u_000012c4,2026-07-02T02:46:19Z,ios,control,GB
u_000012c7,2026-07-02T16:15:57Z,ios,checklist,US
u_000012c9,2026-07-02T19:21:36Z,web,control,AU
u_000012cc,2026-07-02T17:08:16Z,ios,control,CA
u_000012cd,2026-07-02T13:56:24Z,android,control,DE
u_000012cf,2026-07-02T06:11:50Z,ios,checklist,US
u_000012d0,2026-07-02T14:12:15Z,ios,checklist,CA
u_000012d2,2026-07-02T09:22:42Z,ios,control,US
u_000012d3,2026-07-02T11:00:06Z,ios,control,US
u_000012d5,2026-07-02T01:01:21Z,android,checklist,US
u_000012d8,2026-07-02T09:00:15Z,android,checklist,CA
u_000012d9,2026-07-02T17:53:59Z,ios,checklist,AU
u_000012dc,2026-07-02T23:47:57Z,web,checklist,AU
u_000012df,2026-07-03T22:15:05Z,android,checklist,US
u_000012e2,2026-07-03T15:25:44Z,ios,checklist,CA
u_000012e3,2026-07-03T11:27:48Z,ios,control,US
u_000012e6,2026-07-03T07:42:48Z,web,checklist,US
u_000012e7,2026-07-03T10:52:38Z,web,control,DE
u_000012e8,2026-07-03T10:44:04Z,ios,control,US
u_000012e9,2026-07-03T13:00:08Z,android,checklist,GB
u_000012eb,2026-07-03T05:47:41Z,android,checklist,DE
u_000012ec,2026-07-03T21:16:14Z,ios,checklist,US
u_000012ee,2026-07-03T22:05:32Z,ios,checklist,DE
u_000012ef,2026-07-03T07:46:59Z,android,control,US
u_000012f1,2026-07-03T09:08:00Z,android,control,GB
u_000012f3,2026-07-03T01:30:59Z,ios,checklist,US
u_000012f4,2026-07-03T02:58:40Z,web,control,US
u_000012f5,2026-07-03T20:17:09Z,ios,control,US
u_000012f7,2026-07-03T12:01:48Z,ios,checklist,US
u_000012f9,2026-07-03T05:22:57Z,android,checklist,CA
u_000012fc,2026-07-03T03:59:59Z,android,checklist,US
u_000012ff,2026-07-03T18:19:02Z,android,checklist,US
u_00001300,2026-07-03T11:43:06Z,web,control,CA
u_00001301,2026-07-03T02:16:25Z,ios,checklist,AU
u_00001302,2026-07-03T13:03:16Z,ios,checklist,CA
u_00001305,2026-07-03T10:50:16Z,android,checklist,CA
u_00001307,2026-07-03T17:33:15Z,web,control,US
u_0000130a,2026-07-03T15:51:06Z,web,control,US
u_0000130b,2026-07-03T14:51:37Z,android,control,GB
u_0000130c,2026-07-03T07:42:29Z,web,control,US
u_0000130e,2026-07-03T04:10:28Z,web,control,CA
u_00001311,2026-07-03T23:58:34Z,android,control,GB
u_00001313,2026-07-03T15:46:21Z,web,control,US
u_00001314,2026-07-03T05:06:12Z,web,checklist,US
u_00001316,2026-07-03T10:39:55Z,ios,checklist,CA
u_00001318,2026-07-03T00:53:15Z,web,control,US
u_0000131b,2026-07-03T22:24:09Z,web,control,US
u_0000131e,2026-07-03T13:01:02Z,web,checklist,US
u_00001321,2026-07-03T14:09:29Z,ios,checklist,CA
u_00001323,2026-07-03T13:49:55Z,android,checklist,US
u_00001326,2026-07-04T07:48:10Z,ios,checklist,CA
u_00001329,2026-07-04T00:31:24Z,web,checklist,GB
u_0000132a,2026-07-04T17:28:07Z,ios,checklist,US
u_0000132d,2026-07-04T02:22:12Z,ios,checklist,DE
u_0000132f,2026-07-04T14:38:03Z,android,checklist,US
u_00001331,2026-07-04T14:56:29Z,ios,checklist,CA
u_00001334,2026-07-04T19:54:48Z,ios,control,DE
u_00001335,2026-07-04T22:46:04Z,web,checklist,GB
u_00001336,2026-07-04T16:05:04Z,android,checklist,AU
u_00001338,2026-07-04T07:39:59Z,web,control,US
u_0000133b,2026-07-04T18:56:11Z,ios,checklist,US
u_0000133e,2026-07-04T08:05:20Z,ios,control,AU
u_0000133f,2026-07-04T05:51:23Z,web,checklist,DE
u_00001342,2026-07-04T01:11:06Z,ios,checklist,US
u_00001344,2026-07-04T02:58:11Z,web,checklist,US
u_00001345,2026-07-04T21:16:37Z,web,control,DE
u_00001346,2026-07-04T03:11:44Z,ios,checklist,US
u_00001348,2026-07-04T23:08:17Z,ios,control,DE
u_0000134a,2026-07-04T16:04:26Z,web,control,CA
u_0000134d,2026-07-04T05:24:54Z,ios,checklist,CA
u_0000134e,2026-07-04T08:08:06Z,android,control,US
u_00001350,2026-07-04T14:29:39Z,web,control,CA
u_00001351,2026-07-04T23:03:17Z,ios,control,GB
u_00001352,2026-07-04T04:10:31Z,ios,checklist,GB
u_00001354,2026-07-04T10:54:16Z,android,control,CA
u_00001356,2026-07-04T10:29:08Z,android,checklist,US
u_00001358,2026-07-04T05:00:17Z,ios,checklist,CA
u_0000135b,2026-07-04T07:49:32Z,web,control,GB
u_0000135e,2026-07-05T11:21:46Z,android,checklist,US
u_00001360,2026-07-05T08:51:24Z,ios,control,DE
u_00001362,2026-07-05T14:11:29Z,ios,checklist,US
u_00001363,2026-07-05T03:34:10Z,ios,checklist,US
u_00001365,2026-07-05T19:45:43Z,android,checklist,US
u_00001366,2026-07-05T19:44:10Z,android,control,DE
u_00001368,2026-07-05T08:18:34Z,ios,control,CA
u_0000136a,2026-07-05T04:40:40Z,ios,control,GB
u_0000136d,2026-07-05T19:20:33Z,web,checklist,US
u_0000136f,2026-07-05T16:07:34Z,web,control,US
u_00001370,2026-07-05T15:52:24Z,android,checklist,DE
u_00001373,2026-07-05T04:01:02Z,web,checklist,US
u_00001374,2026-07-05T12:20:10Z,ios,control,CA
u_00001376,2026-07-05T18:18:00Z,ios,control,US
u_00001377,2026-07-05T15:47:41Z,web,control,US
u_00001379,2026-07-05T05:00:19Z,ios,control,US
u_0000137a,2026-07-05T18:06:12Z,android,checklist,US
u_0000137d,2026-07-05T21:50:11Z,web,checklist,US
u_00001380,2026-07-05T00:12:59Z,ios,control,DE
u_00001382,2026-07-05T23:09:16Z,android,checklist,CA
u_00001383,2026-07-05T01:12:04Z,android,control,US
u_00001385,2026-07-05T15:10:16Z,ios,control,AU
u_00001387,2026-07-05T17:01:23Z,web,control,GB
u_0000138a,2026-07-05T08:40:37Z,ios,checklist,US
u_0000138c,2026-07-05T21:12:38Z,ios,checklist,US
u_0000138d,2026-07-05T16:17:46Z,web,control,DE
u_0000138e,2026-07-05T06:08:17Z,android,control,US
u_0000138f,2026-07-05T15:02:13Z,android,control,CA
u_00001392,2026-07-05T02:09:00Z,ios,control,DE
u_00001394,2026-07-05T11:02:09Z,android,checklist,US
u_00001396,2026-07-06T19:53:44Z,web,checklist,US
u_00001399,2026-07-06T00:20:13Z,ios,checklist,US
u_0000139c,2026-07-06T10:35:21Z,ios,control,CA
u_0000139d,2026-07-06T10:46:28Z,ios,checklist,GB
u_0000139e,2026-07-06T06:19:30Z,ios,control,US
u_000013a1,2026-07-06T20:07:57Z,android,control,US
u_000013a3,2026-07-06T22:40:52Z,ios,control,GB
u_000013a4,2026-07-06T17:17:28Z,ios,checklist,US
u_000013a6,2026-07-06T02:39:18Z,ios,control,GB
u_000013a7,2026-07-06T08:44:58Z,ios,checklist,US
u_000013a9,2026-07-06T04:05:47Z,android,checklist,US
u_000013ab,2026-07-06T20:29:08Z,android,checklist,CA
u_000013ac,2026-07-06T16:40:32Z,android,checklist,US
u_000013ae,2026-07-06T00:01:49Z,android,checklist,US
u_000013b1,2026-07-06T11:01:04Z,android,control,US
u_000013b4,2026-07-06T12:12:28Z,ios,control,CA
u_000013b6,2026-07-06T16:39:05Z,android,checklist,US
u_000013b7,2026-07-06T12:40:51Z,ios,checklist,CA
u_000013ba,2026-07-06T09:03:57Z,web,checklist,US
u_000013bd,2026-07-06T19:22:48Z,ios,checklist,CA
u_000013be,2026-07-06T15:52:08Z,web,checklist,GB
u_000013c1,2026-07-06T03:00:11Z,web,control,CA
u_000013c2,2026-07-06T15:07:38Z,web,control,GB
u_000013c5,2026-07-06T10:34:17Z,web,control,US
u_000013c7,2026-07-07T18:11:02Z,android,checklist,US
u_000013ca,2026-07-07T10:37:28Z,web,checklist,GB
u_000013cb,2026-07-07T23:45:19Z,web,checklist,US
u_000013ce,2026-07-07T16:53:10Z,android,checklist,US
u_000013d1,2026-07-07T17:11:55Z,ios,checklist,US
u_000013d4,2026-07-07T15:20:25Z,web,control,US
u_000013d7,2026-07-07T13:25:30Z,ios,checklist,CA
u_000013d8,2026-07-07T13:16:32Z,android,checklist,US
u_000013da,2026-07-07T18:38:08Z,web,control,US
u_000013dc,2026-07-07T02:12:45Z,web,checklist,US
u_000013de,2026-07-07T21:52:07Z,ios,checklist,US
u_000013df,2026-07-07T14:26:16Z,ios,control,US
u_000013e0,2026-07-07T16:33:30Z,web,control,US
u_000013e3,2026-07-07T00:07:33Z,web,checklist,CA
u_000013e5,2026-07-07T05:48:01Z,ios,control,GB
u_000013e7,2026-07-07T22:27:03Z,ios,control,CA
u_000013ea,2026-07-07T06:49:47Z,android,control,US
u_000013ed,2026-07-07T08:08:58Z,android,control,CA
u_000013ef,2026-07-07T17:35:53Z,android,checklist,US
u_000013f0,2026-07-07T09:47:47Z,ios,checklist,US
u_000013f2,2026-07-07T22:06:42Z,ios,control,US
u_000013f4,2026-07-07T10:57:21Z,android,checklist,US
u_000013f5,2026-07-07T06:31:24Z,ios,control,US
u_000013f8,2026-07-07T21:09:40Z,web,checklist,US
u_000013fa,2026-07-07T17:07:10Z,android,control,US
u_000013fd,2026-07-07T20:34:09Z,ios,checklist,GB
u_000013fe,2026-07-07T04:14:40Z,web,control,US
u_00001401,2026-07-07T01:11:41Z,android,checklist,AU
u_00001402,2026-07-07T20:43:01Z,ios,checklist,US
u_00001403,2026-07-07T17:26:28Z,ios,control,US
u_00001406,2026-07-07T18:17:16Z,ios,control,US
u_00001409,2026-07-07T03:42:38Z,web,checklist,US
u_0000140b,2026-07-07T08:27:32Z,ios,control,US
u_0000140d,2026-07-08T15:53:01Z,ios,checklist,US
u_0000140f,2026-07-08T00:38:27Z,web,control,CA
u_00001411,2026-07-08T01:02:48Z,android,control,US
u_00001413,2026-07-08T04:32:02Z,ios,control,US
u_00001416,2026-07-08T02:32:18Z,ios,checklist,US
u_00001417,2026-07-08T13:27:17Z,android,checklist,AU
u_0000141a,2026-07-08T08:05:15Z,web,control,US
u_0000141d,2026-07-08T15:48:37Z,ios,checklist,GB
u_00001420,2026-07-08T03:09:46Z,ios,control,AU
u_00001421,2026-07-08T04:42:54Z,android,checklist,US
u_00001424,2026-07-08T13:12:16Z,ios,checklist,US
u_00001425,2026-07-08T23:07:45Z,android,control,US
u_00001426,2026-07-08T20:39:42Z,android,control,GB
u_00001428,2026-07-08T21:45:02Z,android,checklist,CA
u_0000142a,2026-07-08T12:28:18Z,web,checklist,GB
u_0000142b,2026-07-08T00:04:37Z,web,control,CA
u_0000142d,2026-07-08T14:08:09Z,ios,checklist,DE
u_0000142f,2026-07-08T14:13:49Z,android,checklist,US
u_00001430,2026-07-08T22:15:54Z,ios,control,GB
u_00001431,2026-07-08T09:30:31Z,android,control,GB
u_00001433,2026-07-08T10:30:24Z,ios,checklist,DE
u_00001434,2026-07-08T15:03:22Z,android,checklist,CA
u_00001437,2026-07-08T05:36:51Z,ios,checklist,US
u_00001439,2026-07-08T01:04:05Z,android,control,CA
u_0000143c,2026-07-08T11:28:34Z,ios,control,GB
u_0000143e,2026-07-08T00:26:44Z,android,checklist,CA
u_00001441,2026-07-08T02:09:30Z,ios,checklist,AU
u_00001444,2026-07-09T20:58:29Z,web,control,US
u_00001447,2026-07-09T21:00:21Z,ios,checklist,US
u_00001448,2026-07-09T16:29:07Z,android,control,DE
u_00001449,2026-07-09T19:21:27Z,ios,checklist,CA
u_0000144c,2026-07-09T23:19:58Z,web,checklist,US
u_0000144f,2026-07-09T18:11:54Z,ios,control,GB
u_00001452,2026-07-09T10:00:59Z,android,control,US
u_00001454,2026-07-09T19:00:47Z,ios,control,US
u_00001457,2026-07-09T23:06:58Z,ios,checklist,US
u_0000145a,2026-07-09T01:01:34Z,web,checklist,US
u_0000145d,2026-07-09T09:25:16Z,ios,checklist,CA
u_0000145e,2026-07-09T02:00:16Z,android,checklist,CA
u_00001460,2026-07-09T10:07:16Z,web,checklist,CA
u_00001462,2026-07-09T16:01:11Z,ios,control,US
u_00001463,2026-07-09T17:30:45Z,android,checklist,CA
u_00001466,2026-07-09T00:25:56Z,ios,checklist,US
u_00001468,2026-07-09T19:54:03Z,android,checklist,GB
u_0000146b,2026-07-09T23:10:09Z,ios,control,US
u_0000146c,2026-07-09T12:23:13Z,web,checklist,US
u_0000146f,2026-07-09T04:55:40Z,ios,checklist,US
u_00001471,2026-07-09T17:29:56Z,ios,checklist,US
u_00001474,2026-07-09T23:21:31Z,ios,checklist,US
u_00001476,2026-07-09T03:10:34Z,ios,control,DE
u_00001478,2026-07-09T18:58:10Z,ios,checklist,GB
u_00001479,2026-07-09T13:37:44Z,android,checklist,US
u_0000147b,2026-07-09T12:59:40Z,android,control,CA
u_0000147e,2026-07-10T18:31:24Z,ios,control,US
u_00001481,2026-07-10T16:10:30Z,android,control,DE
u_00001482,2026-07-10T04:49:02Z,ios,control,US
u_00001483,2026-07-10T02:09:50Z,ios,checklist,US
u_00001485,2026-07-10T15:49:00Z,web,control,US
u_00001487,2026-07-10T01:51:24Z,android,control,US
u_00001489,2026-07-10T14:58:52Z,ios,checklist,AU
u_0000148b,2026-07-10T18:16:17Z,web,control,US
u_0000148d,2026-07-10T04:19:26Z,android,control,US
u_0000148f,2026-07-10T21:33:00Z,ios,control,CA
u_00001491,2026-07-10T06:32:07Z,ios,control,GB
u_00001494,2026-07-10T19:42:01Z,ios,control,CA
u_00001497,2026-07-10T15:28:12Z,ios,control,US
u_00001498,2026-07-10T05:42:56Z,android,control,US
u_0000149b,2026-07-10T13:16:07Z,ios,checklist,DE
u_0000149c,2026-07-10T11:12:21Z,android,control,DE
u_0000149f,2026-07-10T02:57:27Z,ios,control,US
u_000014a0,2026-07-10T20:09:52Z,web,control,DE
u_000014a3,2026-07-10T19:20:45Z,ios,checklist,GB
u_000014a6,2026-07-10T06:38:02Z,android,control,GB
u_000014a7,2026-07-10T02:53:15Z,ios,checklist,AU
u_000014a9,2026-07-10T12:08:37Z,web,checklist,US
u_000014ac,2026-07-10T15:51:02Z,ios,checklist,US
u_000014af,2026-07-10T21:58:18Z,ios,checklist,GB
u_000014b0,2026-07-10T19:06:16Z,web,checklist,CA
u_000014b2,2026-07-10T05:12:52Z,web,checklist,US
u_000014b5,2026-07-10T14:06:14Z,ios,control,AU
u_000014b8,2026-07-10T17:19:09Z,ios,control,AU
u_000014bb,2026-07-10T03:35:02Z,ios,control,US
u_000014bd,2026-07-11T13:21:16Z,ios,control,US
u_000014c0,2026-07-11T10:32:36Z,ios,control,GB
u_000014c3,2026-07-11T11:45:54Z,android,checklist,DE
u_000014c5,2026-07-11T16:55:12Z,android,control,AU
u_000014c8,2026-07-11T09:27:32Z,ios,checklist,AU
u_000014c9,2026-07-11T15:18:16Z,android,checklist,GB
u_000014cc,2026-07-11T11:10:45Z,ios,checklist,US
u_000014cd,2026-07-11T23:39:55Z,android,checklist,US
u_000014ce,2026-07-11T03:51:39Z,android,control,DE
u_000014d1,2026-07-11T13:07:44Z,web,checklist,AU
u_000014d3,2026-07-11T05:21:41Z,android,checklist,US
u_000014d4,2026-07-11T00:29:25Z,ios,checklist,US
u_000014d5,2026-07-11T01:32:16Z,ios,checklist,GB
u_000014d6,2026-07-11T04:08:57Z,ios,checklist,US
u_000014d9,2026-07-11T23:13:19Z,ios,checklist,US
u_000014dc,2026-07-11T14:10:45Z,ios,control,DE
u_000014de,2026-07-11T18:36:30Z,android,checklist,DE
u_000014e0,2026-07-11T15:24:00Z,web,checklist,US
u_000014e2,2026-07-11T04:03:15Z,ios,checklist,GB
u_000014e4,2026-07-11T03:32:45Z,ios,control,CA
u_000014e5,2026-07-11T17:06:41Z,android,control,US
u_000014e7,2026-07-11T14:45:00Z,web,control,US
u_000014e9,2026-07-11T13:29:45Z,ios,control,US
u_000014ec,2026-07-11T06:27:25Z,ios,control,CA
u_000014ed,2026-07-11T06:48:37Z,web,control,US
u_000014ef,2026-07-11T17:15:11Z,android,control,DE
u_000014f0,2026-07-11T10:50:16Z,ios,control,US
u_000014f3,2026-07-11T00:20:45Z,web,control,DE
u_000014f6,2026-07-11T06:37:06Z,web,control,DE
u_000014f8,2026-07-11T18:20:54Z,web,control,US
u_000014f9,2026-07-11T11:27:45Z,ios,checklist,US
u_000014fa,2026-07-11T06:33:09Z,android,checklist,US
u_000014fb,2026-07-11T06:06:08Z,ios,checklist,US
u_000014fd,2026-07-11T08:13:46Z,ios,control,CA
u_00001500,2026-07-11T08:31:50Z,ios,checklist,US
u_00001501,2026-07-12T00:36:26Z,android,control,DE
u_00001504,2026-07-12T20:00:59Z,ios,checklist,US
u_00001506,2026-07-12T14:13:47Z,web,control,US
u_00001508,2026-07-12T12:45:21Z,android,checklist,AU
u_00001509,2026-07-12T12:24:26Z,web,checklist,GB
u_0000150b,2026-07-12T03:56:08Z,web,checklist,GB
u_0000150c,2026-07-12T14:35:18Z,ios,checklist,US
u_0000150f,2026-07-12T17:23:11Z,android,checklist,DE
u_00001511,2026-07-12T22:05:21Z,ios,control,CA
u_00001513,2026-07-12T21:33:18Z,web,checklist,DE
u_00001514,2026-07-12T21:48:02Z,android,checklist,US
u_00001517,2026-07-12T14:52:34Z,ios,checklist,US
u_0000151a,2026-07-12T22:51:44Z,android,checklist,US
u_0000151b,2026-07-12T13:03:09Z,android,checklist,AU
u_0000151d,2026-07-12T20:14:58Z,web,checklist,CA
u_0000151f,2026-07-12T05:34:54Z,android,checklist,DE
u_00001521,2026-07-12T21:07:51Z,android,control,AU
u_00001523,2026-07-12T19:52:19Z,ios,checklist,US
u_00001524,2026-07-12T04:52:06Z,ios,control,US
u_00001526,2026-07-12T22:44:59Z,ios,checklist,US
u_00001527,2026-07-12T11:17:41Z,web,control,US
u_0000152a,2026-07-12T02:51:57Z,ios,checklist,DE
u_0000152b,2026-07-12T17:19:22Z,web,checklist,CA
u_0000152d,2026-07-12T15:33:27Z,android,checklist,US
u_0000152f,2026-07-12T15:53:51Z,ios,control,CA
u_00001532,2026-07-12T13:30:36Z,ios,control,US
u_00001535,2026-07-12T10:14:35Z,ios,checklist,CA
u_00001537,2026-07-12T12:40:20Z,ios,checklist,US
