pickup_date,service,in_crz,trips,fare_sum,tip_sum,distance_sum
2024-01-01,hvfhs,false,439789,11151018.2600,371581.0000,2373954.8190
2024-01-01,hvfhs,true,198617,7016770.4600,288617.4800,1206598.4230
2024-01-01,yellow,false,22205,571322.1100,83529.0200,144997.6800
2024-01-01,yellow,true,58808,1193790.8400,180755.6200,211201.4100
2024-01-02,hvfhs,false,334850,7403317.8800,265085.9000,1644850.7620
2024-01-02,hvfhs,true,143404,4368066.0500,224457.9400,849251.5430
2024-01-02,yellow,false,23658,581065.4200,91551.5600,123909.1400
2024-01-02,yellow,true,51861,1002347.0000,174307.8200,187155.9300
2024-01-03,hvfhs,false,346771,7460186.5300,266792.3300,1624475.0530
2024-01-03,hvfhs,true,151561,4546259.5800,245989.5800,856486.8370
2024-01-03,yellow,false,25032,576659.2800,90046.6000,118898.3200
2024-01-03,yellow,true,57395,1044187.1100,187478.0000,200786.5900
2024-01-04,hvfhs,false,387316,8110227.5500,285052.1200,1752113.5880
2024-01-04,hvfhs,true,185316,5480578.6600,294263.6300,1002397.3950
2024-01-04,yellow,false,31116,623121.9700,102145.7900,121788.3800
2024-01-04,yellow,true,71785,1272449.6100,237613.3100,218913.6400
2024-01-05,hvfhs,false,445524,9299870.4100,318177.0400,1973076.8660
2024-01-05,hvfhs,true,211130,5826609.2000,300813.1200,1063317.4980
2024-01-05,yellow,false,31559,598161.8000,100542.1800,173084.3900
2024-01-05,yellow,true,71619,1241755.2100,232814.5400,214199.0100
2024-01-06,hvfhs,false,445380,8886037.2000,340652.6100,2014019.3880
2024-01-06,hvfhs,true,263648,6535414.1300,326177.6000,1225524.3700
2024-01-06,yellow,false,27694,537211.9200,89913.1800,107198.2300
2024-01-06,yellow,true,69423,1143929.3300,205533.0200,196372.7400
2024-01-07,hvfhs,false,357383,7378538.0100,271451.7100,1778395.9510
2024-01-07,hvfhs,true,185384,4837894.1600,234627.6800,1010884.9020
2024-01-07,yellow,false,20738,478631.3000,79494.9500,102415.6300
2024-01-07,yellow,true,46805,835281.2300,156885.1400,159913.7200
2024-01-08,hvfhs,false,359131,7597367.1900,277560.4800,1680803.8260
2024-01-08,hvfhs,true,160463,4724484.3600,263703.8200,907460.1000
2024-01-08,yellow,false,26431,536513.6900,86392.6400,106687.4500
2024-01-08,yellow,true,53603,960002.5400,186666.2600,174336.4500
2024-01-09,hvfhs,false,414585,8318972.4000,306146.6300,1691285.8240
2024-01-09,hvfhs,true,209772,5916209.2400,336100.2400,980831.9070
2024-01-09,yellow,false,28213,506672.4100,82748.5600,92796.1600
2024-01-09,yellow,true,65749,1081122.0400,204008.6000,267310.4100
2024-01-10,hvfhs,false,371758,7895725.3300,297510.2200,1706695.4540
2024-01-10,hvfhs,true,195500,5958623.3900,342548.5700,1079121.9120
2024-01-10,yellow,false,28181,541684.3100,90599.1500,118844.6900
2024-01-10,yellow,true,66819,1160776.6500,233045.8300,199487.4200
2024-01-11,hvfhs,false,392022,8648528.1300,328211.2600,1842823.8810
2024-01-11,hvfhs,true,216254,6989199.8900,392859.6600,1244960.7140
2024-01-11,yellow,false,29667,587686.6300,100861.4200,146938.9500
2024-01-11,yellow,true,75343,1360946.3400,270082.4900,229882.6600
2024-01-12,hvfhs,false,451388,9877569.3200,361495.7600,2093453.0970
2024-01-12,hvfhs,true,232201,6949132.0600,372897.5000,1258016.9780
2024-01-12,yellow,false,30042,579631.5900,99915.4000,111141.7500
2024-01-12,yellow,true,73613,1342996.5900,261056.3600,327346.2300
2024-01-13,hvfhs,false,465578,9647326.4400,362376.3800,2156234.0040
2024-01-13,hvfhs,true,287129,7822443.7700,400277.7800,1389591.8930
2024-01-13,yellow,false,24866,450489.6000,77215.5400,130187.7000
2024-01-13,yellow,true,79892,1359330.4400,260334.6400,264771.6700
2024-01-14,hvfhs,false,425940,9428145.4900,352665.5300,2061393.4490
2024-01-14,hvfhs,true,257873,7144687.4000,381715.3100,1273700.7060
2024-01-14,yellow,false,23702,498249.7900,82322.7000,102802.5600
2024-01-14,yellow,true,70718,1189061.7800,225850.8400,209973.1300
2024-01-15,hvfhs,false,358775,7547788.5500,297743.7500,1769045.9680
2024-01-15,hvfhs,true,200475,5417534.7100,315514.3200,1034602.5080
2024-01-15,yellow,false,22676,509726.2000,86885.3200,106502.2700
2024-01-15,yellow,true,54357,976857.0800,192478.5500,180945.7300
2024-01-16,hvfhs,false,398538,8556735.0800,334938.2900,1755258.6360
2024-01-16,hvfhs,true,218012,6889283.0900,412231.7600,1134897.3460
2024-01-16,yellow,false,28493,577283.5300,95888.1900,109458.9400
2024-01-16,yellow,true,64564,1206807.3700,236474.6500,236288.7000
2024-01-17,hvfhs,false,437262,9273594.9100,354777.3200,1884981.6320
2024-01-17,hvfhs,true,242495,7938301.9600,463728.1300,1304157.5480
2024-01-17,yellow,false,31221,589438.0700,97951.9800,108738.6400
2024-01-17,yellow,true,79144,1419640.4700,271915.4500,314341.7400
2024-01-18,hvfhs,false,434705,9205092.7600,345726.4100,1920729.5160
2024-01-18,hvfhs,true,249237,7999139.0200,452401.0300,1361499.1790
2024-01-18,yellow,false,31207,577539.8700,98037.9000,105843.0800
2024-01-18,yellow,true,79151,1397423.9800,272313.4900,226545.4400
2024-01-19,hvfhs,false,482345,9830594.1800,359924.0300,2115548.0800
2024-01-19,hvfhs,true,256265,6940437.5500,352821.1300,1261334.3340
2024-01-19,yellow,false,29154,522206.8500,90521.5400,97002.2900
2024-01-19,yellow,true,66797,1130177.7900,221199.7200,191947.4300
2024-01-20,hvfhs,false,504901,9875923.4500,382686.0800,2256297.2170
2024-01-20,hvfhs,true,319754,7982939.5000,377860.2500,1455694.6690
2024-01-20,yellow,false,28014,486940.7900,79860.8200,172396.1600
2024-01-20,yellow,true,80754,1311462.1800,238212.9400,212266.7500
2024-01-21,hvfhs,false,433510,8788318.8500,324683.7800,2107089.2320
2024-01-21,hvfhs,true,244327,6408519.9400,299968.3800,1289270.9270
2024-01-21,yellow,false,24397,492942.9300,83106.7700,100585.5300
2024-01-21,yellow,true,60105,1064490.4800,199185.2200,306374.5800
2024-01-22,hvfhs,false,383876,8082815.1000,296424.8100,1771281.2560
2024-01-22,hvfhs,true,187141,5474591.0000,312107.4300,1015059.1530
2024-01-22,yellow,false,27369,534957.7400,87648.6700,104321.4000
2024-01-22,yellow,true,58281,1052640.0800,208132.9600,186668.2400
2024-01-23,hvfhs,false,374318,7757391.0900,289040.2100,1666502.4970
2024-01-23,hvfhs,true,214201,6540945.6800,385687.0400,1139462.5350
2024-01-23,yellow,false,28213,510706.2400,87083.9000,94371.7100
2024-01-23,yellow,true,71678,1255087.0000,248718.7800,202606.1100
2024-01-24,hvfhs,false,391426,8208653.4500,315690.6900,1732884.1970
2024-01-24,hvfhs,true,230307,7189240.5000,422749.5400,1231574.1800
2024-01-24,yellow,false,28866,523030.9800,91066.5700,152550.2000
2024-01-24,yellow,true,76254,1339293.8100,269442.1200,216653.7500
2024-01-25,hvfhs,false,409227,8927722.4400,341436.4300,1874567.6120
2024-01-25,hvfhs,true,243744,7849410.4200,446276.4600,1354362.3060
2024-01-25,yellow,false,29297,558736.2500,96932.2400,104265.5600
2024-01-25,yellow,true,81021,1456050.2600,286446.7400,334706.4100
2024-01-26,hvfhs,false,463419,9903702.8700,365946.4200,2112585.6090
2024-01-26,hvfhs,true,251963,7293629.1700,379066.0800,1301514.2860
2024-01-26,yellow,false,30732,566502.4400,100020.3600,105691.4700
2024-01-26,yellow,true,75072,1318439.3400,254358.0500,252024.1600
2024-01-27,hvfhs,false,460846,9439987.5800,359108.7000,2173179.6020
2024-01-27,hvfhs,true,291348,7822729.6100,367272.2500,1429165.4910
2024-01-27,yellow,false,26124,452415.7400,77687.0600,86688.8000
2024-01-27,yellow,true,84391,1406092.3400,264406.9900,225509.3400
2024-01-28,hvfhs,false,441551,9144386.4300,337380.6500,2127355.1510
2024-01-28,hvfhs,true,261261,7072587.4200,328521.1800,1356498.2900
2024-01-28,yellow,false,24944,510490.1300,84721.2500,103324.7600
2024-01-28,yellow,true,67893,1167050.5400,213139.3000,205845.3900
2024-01-29,hvfhs,false,370646,7856536.2000,291350.6700,1737191.8710
2024-01-29,hvfhs,true,180271,5334405.7300,303947.5400,1001604.0020
2024-01-29,yellow,false,26843,529993.9400,89548.8200,103740.2300
2024-01-29,yellow,true,57704,1037832.8900,206890.3400,183372.5300
2024-01-30,hvfhs,false,371824,7706140.0800,285435.7600,1637462.6850
2024-01-30,hvfhs,true,210932,6550940.1100,384787.1900,1138028.2500
2024-01-30,yellow,false,28196,505391.0700,86625.4500,94813.4700
2024-01-30,yellow,true,73037,1249414.9200,252847.2000,515284.0000
2024-01-31,hvfhs,false,389677,8219918.0700,310070.6100,1750316.6750
2024-01-31,hvfhs,true,219684,6883794.5000,402352.7600,1202902.8140
2024-01-31,yellow,false,28243,506699.6900,87499.1500,93650.4300
2024-01-31,yellow,true,73877,1283081.1400,258608.1100,228579.2700
2024-12-01,hvfhs,false,416169,9365856.5500,332529.5700,2177061.7780
2024-12-01,hvfhs,true,206540,6390286.1700,304886.6500,1236463.3470
2024-12-01,yellow,false,26722,681468.3300,113645.6900,148189.6300
2024-12-01,yellow,true,68916,1337430.9100,242261.0500,247530.8800
2024-12-02,hvfhs,false,405238,9463783.3100,355426.6800,1953299.0080
2024-12-02,hvfhs,true,202679,7032942.0700,414123.1500,1186801.5080
2024-12-02,yellow,false,34824,797466.5600,134124.6400,254423.9600
2024-12-02,yellow,true,77343,1560199.0000,297521.0900,274728.6100
2024-12-03,hvfhs,false,407422,9379621.9900,361568.2600,1878486.0160
2024-12-03,hvfhs,true,231660,8999278.7600,546470.7300,1328131.9390
2024-12-03,yellow,false,37010,760040.0700,127378.0600,146644.4100
2024-12-03,yellow,true,92253,1837067.8500,356230.5400,292686.9400
2024-12-04,hvfhs,false,428111,9746802.2500,378842.3500,1939292.0180
2024-12-04,hvfhs,true,245747,10188992.4400,631163.1300,1456252.5100
2024-12-04,yellow,false,38584,740802.7800,127032.5200,137533.9800
2024-12-04,yellow,true,95212,1959239.2700,375764.9000,490063.1200
2024-12-05,hvfhs,false,467997,10749691.3600,413304.9700,2105799.1310
2024-12-05,hvfhs,true,274504,12199727.3600,746543.4600,1646835.6390
2024-12-05,yellow,false,39858,771939.4000,134029.2200,141286.0700
2024-12-05,yellow,true,108519,2256516.2600,426002.6900,542032.0200
2024-12-06,hvfhs,false,528212,12282467.4900,462479.1800,2416678.3290
2024-12-06,hvfhs,true,296067,11071259.0400,637921.0600,1616424.8800
2024-12-06,yellow,false,40996,807220.5300,140018.1100,363438.8200
2024-12-06,yellow,true,106464,2141285.2800,392684.8900,534662.0000
2024-12-07,hvfhs,false,533039,11797914.8800,459055.2700,2541297.6560
2024-12-07,hvfhs,true,316085,10699036.9500,555112.0600,1602976.4090
2024-12-07,yellow,false,36346,668986.4100,111305.9500,126831.4700
2024-12-07,yellow,true,109553,2080770.6100,360478.0300,446719.7900
2024-12-08,hvfhs,false,449816,10220067.5900,382065.7800,2322352.8000
2024-12-08,hvfhs,true,251172,8753932.0900,462323.2600,1491808.8250
2024-12-08,yellow,false,32258,704165.6400,116832.1000,142268.2500
2024-12-08,yellow,true,86387,1769374.3900,315006.1300,305201.5500
2024-12-09,hvfhs,false,409027,9507881.5600,364463.7500,1916156.7660
2024-12-09,hvfhs,true,222419,8368034.6600,535401.2000,1281329.9860
2024-12-09,yellow,false,34879,719247.5900,122161.5900,134424.3200
2024-12-09,yellow,true,83545,1723669.3000,326207.5000,280746.6000
2024-12-10,hvfhs,false,414740,9410056.7600,377398.6100,1870806.6330
2024-12-10,hvfhs,true,246944,11058856.2100,701229.4900,1424735.2870
2024-12-10,yellow,false,39130,731699.9300,127466.6800,130892.8400
2024-12-10,yellow,true,99059,2068737.3300,398024.9600,339639.6600
2024-12-11,hvfhs,false,463235,10991638.4600,436986.5100,2043478.8520
2024-12-11,hvfhs,true,278594,13882306.9700,854048.7700,1597124.2760
2024-12-11,yellow,false,39158,756221.5200,129864.5200,169163.5700
2024-12-11,yellow,true,104168,2231936.8600,422084.4000,325320.4300
2024-12-12,hvfhs,false,475017,11579484.5800,456579.5700,2210498.2670
2024-12-12,hvfhs,true,273733,14449208.9400,848439.9100,1735839.8160
2024-12-12,yellow,false,45068,896485.0500,156269.9700,282680.9100
2024-12-12,yellow,true,111843,2443167.6100,463373.3000,412149.8700
2024-12-13,hvfhs,false,542823,12842459.1200,488068.3300,2498105.1420
2024-12-13,hvfhs,true,300542,12359277.2200,682112.2900,1711114.7010
2024-12-13,yellow,false,44299,840822.2100,145567.4800,182374.9000
2024-12-13,yellow,true,115546,2287143.8300,416403.4800,467814.2600
2024-12-14,hvfhs,false,555123,12559805.0500,487258.1600,2655045.1170
2024-12-14,hvfhs,true,327988,11856034.0900,587051.2500,1695977.4560
2024-12-14,yellow,false,40898,724143.9400,118094.3400,132579.7900
2024-12-14,yellow,true,118252,2265341.7800,380042.4800,547639.4400
2024-12-15,hvfhs,false,472127,10457467.4000,388803.9300,2383553.5300
2024-12-15,hvfhs,true,259946,9073298.8600,465551.3800,1517802.5800
2024-12-15,yellow,false,34063,684902.5900,111703.0900,284249.8700
2024-12-15,yellow,true,91731,1796680.6200,312187.6200,586504.4200
2024-12-16,hvfhs,false,436120,10308880.5700,366731.9100,1944361.5470
2024-12-16,hvfhs,true,218802,8208699.0700,484302.0000,1207542.4230
2024-12-16,yellow,false,35257,688548.1400,115103.9400,462888.4700
2024-12-16,yellow,true,80098,1580017.7400,291311.6500,268591.8500
2024-12-17,hvfhs,false,410526,9416760.5300,351511.6900,1924968.4140
2024-12-17,hvfhs,true,212893,8697301.1300,509972.4800,1300180.8260
2024-12-17,yellow,false,36845,672165.0400,114533.5800,211692.4900
2024-12-17,yellow,true,94201,1801774.8000,341146.4300,662180.5500
2024-12-18,hvfhs,false,458241,10645701.8300,401202.9000,2094560.8240
2024-12-18,hvfhs,true,233796,10217999.4400,585078.8600,1426681.9480
2024-12-18,yellow,false,40662,728882.9000,125130.7100,263464.3800
2024-12-18,yellow,true,100030,1978535.9000,364362.9500,465841.1400
2024-12-19,hvfhs,false,480557,11424265.5700,427265.6700,2260613.6370
2024-12-19,hvfhs,true,241593,10103420.9600,555780.5900,1537181.8700
2024-12-19,yellow,false,40915,753138.9900,126859.8800,133477.1000
2024-12-19,yellow,true,103266,2020537.7600,363647.2200,694001.4200
2024-12-20,hvfhs,false,543147,12952529.3000,465480.2300,2540563.0120
2024-12-20,hvfhs,true,245862,9351240.4200,491857.8200,1450352.9470
2024-12-20,yellow,false,40166,743449.2400,123345.6400,128637.5900
2024-12-20,yellow,true,98807,1857029.6800,324905.7900,666399.5500
2024-12-21,hvfhs,false,551209,12265368.4800,467263.7000,2685857.4330
2024-12-21,hvfhs,true,259558,8771392.4400,460813.6200,1489752.5370
2024-12-21,yellow,false,34052,617170.2700,96392.6400,274949.8300
2024-12-21,yellow,true,97227,1786853.1800,287587.8800,354443.8400
2024-12-22,hvfhs,false,487344,10783150.1400,389971.1500,2429741.0340
2024-12-22,hvfhs,true,214890,7324150.5000,395518.5800,1304694.5000
2024-12-22,yellow,false,27952,535573.8200,81918.8700,107598.9000
2024-12-22,yellow,true,77259,1448646.8100,233839.2400,751008.8400
2024-12-23,hvfhs,false,444111,10256488.3000,364597.5400,2078500.4190
2024-12-23,hvfhs,true,164655,6124363.9500,335940.8400,992292.1560
2024-12-23,yellow,false,29507,570431.3000,88190.1000,102894.9100
2024-12-23,yellow,true,65509,1276425.8100,214588.9800,624796.3000
2024-12-24,hvfhs,false,470992,10666229.4300,391029.6600,2266523.7650
2024-12-24,hvfhs,true,146055,4878424.9300,274322.5000,866154.5110
2024-12-24,yellow,false,26711,457127.2600,68144.3900,85269.0900
2024-12-24,yellow,true,54094,916065.2200,150647.6800,452912.4700
2024-12-25,hvfhs,false,393177,8965012.9500,340228.4800,2105705.8440
2024-12-25,hvfhs,true,113555,3661823.7700,219734.6800,701387.2220
2024-12-25,yellow,false,17148,338713.4500,45176.0700,209468.5000
2024-12-25,yellow,true,37616,683424.0100,109935.3400,130838.3500
2024-12-26,hvfhs,false,361346,7914780.0200,267916.2800,1722342.3270
2024-12-26,hvfhs,true,132191,4483897.6800,251113.4700,772044.1020
2024-12-26,yellow,false,20310,427621.3900,68130.3900,89033.6000
2024-12-26,yellow,true,54504,1062756.5100,181141.6200,254204.4800
2024-12-27,hvfhs,false,401810,9018243.5600,315097.5300,1933658.4650
2024-12-27,hvfhs,true,154941,5278343.9300,299817.3500,902989.9170
2024-12-27,yellow,false,23062,502543.9900,82242.2800,189707.5600
2024-12-27,yellow,true,61740,1202259.8900,209240.3900,200086.9200
2024-12-28,hvfhs,false,427962,9124460.6100,334735.6800,2086326.1530
2024-12-28,hvfhs,true,192028,5883584.6800,337540.3900,1072053.3850
2024-12-28,yellow,false,21785,477871.0600,75334.1800,206975.7100
2024-12-28,yellow,true,66428,1207756.2400,201292.3700,351825.1700
2024-12-29,hvfhs,false,382792,8669719.6000,299011.3300,1988758.4620
2024-12-29,hvfhs,true,162636,5330295.1000,287687.7400,1004726.7620
2024-12-29,yellow,false,20758,511048.1600,81045.6500,112772.9600
2024-12-29,yellow,true,58826,1136812.8300,190902.9100,199638.5800
2024-12-30,hvfhs,false,375651,8541943.8700,310745.3300,1830030.1570
2024-12-30,hvfhs,true,147462,5010698.4800,275208.9000,872611.6300
2024-12-30,yellow,false,23829,534907.2300,87912.1200,114979.3900
2024-12-30,yellow,true,58192,1104443.1300,193186.3100,338348.8200
2024-12-31,hvfhs,false,508378,11509697.1200,430295.8500,2311015.8470
2024-12-31,hvfhs,true,191855,5806744.1900,282680.8100,955725.8500
2024-12-31,yellow,false,29253,514087.0300,88954.7500,114114.1500
2024-12-31,yellow,true,59444,943396.0500,164533.1300,570342.2600
2025-01-01,hvfhs,false,468011,11738387.1000,404096.8300,2477007.2590
2025-01-01,hvfhs,true,195552,7178764.5000,307518.6900,1162607.2360
2025-01-01,yellow,false,25226,475431.4300,77112.1300,280224.9700
2025-01-01,yellow,true,64962,1117630.0800,186045.2600,299809.3800
2025-01-02,hvfhs,false,380431,8240960.9700,282911.0800,1800340.3600
2025-01-02,hvfhs,true,148807,4810766.9900,258551.9400,855439.9890
2025-01-02,yellow,false,24683,519253.0500,84908.9800,111813.8900
2025-01-02,yellow,true,60149,1100752.9200,196989.2000,200772.3500
2025-01-03,hvfhs,false,432048,9114700.5100,308739.8000,1989298.1100
2025-01-03,hvfhs,true,180742,5292978.5600,281127.2400,953142.9300
2025-01-03,yellow,false,26766,545275.8000,88703.0200,111318.2500
2025-01-03,yellow,true,64484,1112343.7000,207278.8600,436333.7400
2025-01-04,hvfhs,false,443139,9037259.7600,355421.4000,2119655.4580
2025-01-04,hvfhs,true,229212,6193624.7400,333492.0100,1172540.4150
2025-01-04,yellow,false,26045,525016.9900,90182.0100,110357.0500
2025-01-04,yellow,true,71759,1197965.7700,221142.9300,206222.7900
2025-01-05,hvfhs,false,400446,8294622.3300,320336.7600,2016157.4840
2025-01-05,hvfhs,true,185394,5349759.0800,283368.6400,1068118.4100
2025-01-05,yellow,false,23737,533683.7300,89243.7100,117625.0500
2025-01-05,yellow,true,55887,983454.9000,187783.0500,186252.5100
2025-01-06,hvfhs,false,402539,8428317.3900,306925.1400,1830544.1170
2025-01-06,hvfhs,true,160344,4991786.4400,280280.3700,884271.2530
2025-01-06,yellow,false,27091,546384.9100,89359.9200,182757.4800
2025-01-06,yellow,true,53035,921733.4500,183637.9100,169940.2900
2025-01-07,hvfhs,false,422279,8617488.9100,312201.8100,1818725.1350
2025-01-07,hvfhs,true,186253,5836845.5400,336087.0000,979791.0130
2025-01-07,yellow,false,31879,567378.0500,96303.0900,110917.4700
2025-01-07,yellow,true,68764,1118676.1300,221720.6500,234351.0800
2025-01-08,hvfhs,false,437276,8781577.7000,318937.2400,1853746.0220
2025-01-08,hvfhs,true,203751,6512320.6300,377484.5100,1071650.2030
2025-01-08,yellow,false,33662,575373.4200,96052.7400,109987.1600
2025-01-08,yellow,true,80235,1272235.7800,246758.4600,220528.0200
2025-01-09,hvfhs,false,462209,9401696.8400,336092.9000,1981854.7590
2025-01-09,hvfhs,true,224841,7108433.7000,401486.7600,1197224.4610
2025-01-09,yellow,false,35180,612038.6000,102720.8900,488412.4900
2025-01-09,yellow,true,84105,1367953.2300,266093.8500,234784.2600
2025-01-10,hvfhs,false,480122,10014012.2000,350018.4900,2147973.3650
2025-01-10,hvfhs,true,233849,6890748.3000,358307.7700,1189090.8680
2025-01-10,yellow,false,33786,599349.8800,97363.2100,188437.7800
2025-01-10,yellow,true,77708,1291024.5600,248058.1800,469451.1500
2025-01-11,hvfhs,false,474568,9443824.2400,349079.6300,2227080.0840
2025-01-11,hvfhs,true,279488,7521039.1900,371215.3000,1368204.1740
2025-01-11,yellow,false,30321,504180.2100,79937.6700,460337.7500
2025-01-11,yellow,true,91645,1429899.5800,260580.9000,391673.9400
2025-01-12,hvfhs,false,412049,8520376.2400,299408.2900,2093620.8830
2025-01-12,hvfhs,true,221587,6275515.5400,309119.8200,1218917.2860
2025-01-12,yellow,false,27213,543436.4200,84451.5000,307403.5700
2025-01-12,yellow,true,75297,1231528.5800,222856.6300,582845.7100
2025-01-13,hvfhs,false,383022,8197408.0600,289090.1200,1783995.9430
2025-01-13,hvfhs,true,190733,6039059.2400,354617.2100,1019784.2930
2025-01-13,yellow,false,29902,553721.1300,87923.7700,109752.3500
2025-01-13,yellow,true,70590,1163090.8500,231430.6900,446430.3200
2025-01-14,hvfhs,false,400949,8277584.2400,283696.8200,1738738.4800
2025-01-14,hvfhs,true,214858,7186506.7300,417719.9300,1151601.9700
2025-01-14,yellow,false,33174,562044.0700,91449.8900,303251.8400
2025-01-14,yellow,true,88561,1437823.6000,277794.6500,497561.5600
2025-01-15,hvfhs,false,432085,8998799.3000,311128.2200,1879893.1060
2025-01-15,hvfhs,true,224891,7703142.8400,438120.3400,1252738.6030
2025-01-15,yellow,false,34310,596430.1100,97155.1300,242228.2600
2025-01-15,yellow,true,91049,1485252.5300,282466.4300,547327.6500
2025-01-16,hvfhs,false,451306,9747753.3900,339735.9900,2040834.4520
2025-01-16,hvfhs,true,235804,8267933.9800,437039.0500,1364364.3000
2025-01-16,yellow,false,37036,671809.8100,108999.2200,235115.0700
2025-01-16,yellow,true,101675,1705282.4700,305342.1300,843605.0400
2025-01-17,hvfhs,false,492697,10676816.0700,362275.9000,2275294.4750
2025-01-17,hvfhs,true,234353,7227871.5100,359702.1800,1273502.7850
2025-01-17,yellow,false,34948,645447.7600,101104.4400,288541.5700
2025-01-17,yellow,true,86046,1410132.9100,257415.6800,640947.1300
2025-01-18,hvfhs,false,490755,9875799.4300,356217.3400,2322442.7130
2025-01-18,hvfhs,true,266611,7076648.3300,347664.4200,1320298.7570
2025-01-18,yellow,false,29614,508838.4600,74900.3300,194612.2800
2025-01-18,yellow,true,90198,1364545.0300,234646.3500,343223.3100
2025-01-19,hvfhs,false,441611,8912875.0900,310165.3800,2068863.1920
2025-01-19,hvfhs,true,218918,6051069.0700,284699.6000,1125821.2490
2025-01-19,yellow,false,30535,554944.8900,69811.4600,306729.8700
2025-01-19,yellow,true,87697,1294537.7300,193281.9800,522443.7800
2025-01-20,hvfhs,false,393888,8351187.7000,313383.2400,1949151.3430
2025-01-20,hvfhs,true,177371,5207981.5900,271528.7100,1002569.4200
2025-01-20,yellow,false,31295,1513689.6000,92840.2000,148953.8800
2025-01-20,yellow,true,58799,1005437.5400,177131.8900,282283.8900
2025-01-21,hvfhs,false,441916,9353472.4400,341566.0200,1941260.3740
2025-01-21,hvfhs,true,217648,6755691.5400,384689.1900,1130799.2900
2025-01-21,yellow,false,35366,639610.1800,97965.7800,283070.9500
2025-01-21,yellow,true,82226,1326312.8300,243543.4100,564925.4500
2025-01-22,hvfhs,false,448677,9282567.8400,328979.4600,1906262.4170
2025-01-22,hvfhs,true,237534,7595001.5300,428638.9700,1212170.5010
2025-01-22,yellow,false,35006,595592.2800,92405.6900,296622.2700
2025-01-22,yellow,true,92253,1447396.5200,265458.7300,1007968.2700
2025-01-23,hvfhs,false,452725,9674790.2500,345844.2400,1990836.6020
2025-01-23,hvfhs,true,245610,8426633.3400,468768.1800,1355189.3880
2025-01-23,yellow,false,37175,627654.8500,101953.4700,410457.9200
2025-01-23,yellow,true,100961,1633402.2000,291555.3500,478665.9500
2025-01-24,hvfhs,false,500136,10593758.5200,369178.3700,2231262.5120
2025-01-24,hvfhs,true,254499,7663362.8900,396995.7300,1304559.9770
2025-01-24,yellow,false,37430,655942.6000,102870.1900,441956.2300
2025-01-24,yellow,true,92116,1469549.2200,266086.1900,376903.7400
2025-01-25,hvfhs,false,497771,10032743.4300,366037.4100,2296191.6940
2025-01-25,hvfhs,true,293809,8034401.5600,374683.0200,1407378.3070
2025-01-25,yellow,false,32180,534524.5900,82998.9500,194101.8900
2025-01-25,yellow,true,104636,1596634.5300,269962.3100,441289.3400
2025-01-26,hvfhs,false,430691,9003121.4000,311428.3800,2157013.9700
2025-01-26,hvfhs,true,226163,6517823.6900,297565.9600,1268704.2470
2025-01-26,yellow,false,27368,539458.2500,82228.5000,217222.4400
2025-01-26,yellow,true,74860,1233566.9800,213086.0600,438061.9100
2025-01-27,hvfhs,false,392751,8358586.2700,294208.1600,1819665.7430
2025-01-27,hvfhs,true,178609,5744940.9000,312974.5600,1013233.9870
2025-01-27,yellow,false,29731,544043.3300,86582.9900,107270.1500
2025-01-27,yellow,true,63329,1070136.9400,209551.8800,313505.9600
2025-01-28,hvfhs,false,398108,8152867.3100,288616.7900,1746523.3740
2025-01-28,hvfhs,true,205062,6622130.9600,370766.2700,1115594.0780
2025-01-28,yellow,false,32744,551886.2400,87707.1700,110339.6700
2025-01-28,yellow,true,81258,1311090.0900,254380.8000,222921.9700
2025-01-29,hvfhs,false,397933,8215192.3800,298969.4300,1801162.0740
2025-01-29,hvfhs,true,219583,7234270.1900,405799.3800,1225025.4880
2025-01-29,yellow,false,33137,567043.8500,92242.1700,304267.8200
2025-01-29,yellow,true,87535,1414155.3400,272908.0600,241565.1600
2025-01-30,hvfhs,false,447005,9621576.7200,343704.4500,2017200.4620
2025-01-30,hvfhs,true,239960,8254212.8200,446883.9000,1372928.6010
2025-01-30,yellow,false,35803,636301.0300,101392.1600,300689.0900
2025-01-30,yellow,true,97463,1607076.5100,298015.5900,542956.3500
2025-01-31,hvfhs,false,513185,10938757.2200,372930.0600,2304146.4820
2025-01-31,hvfhs,true,251502,7688731.8200,379565.8500,1314650.5860
2025-01-31,yellow,false,38624,663252.1400,100517.5100,258871.7800
2025-01-31,yellow,true,94955,1533056.8200,263531.4500,628608.6400
2025-02-01,hvfhs,false,517371,10351928.0000,368323.8500,2373901.0460
2025-02-01,hvfhs,true,281024,7840336.8400,349934.3300,1382847.7770
2025-02-01,yellow,false,34822,568021.1700,79930.7700,175340.9500
2025-02-01,yellow,true,113827,1745523.7800,272156.4700,405808.1800
2025-02-02,hvfhs,false,459906,9567495.4600,330162.1900,2251177.7410
2025-02-02,hvfhs,true,232707,6683875.5100,298666.6800,1280832.2470
2025-02-02,yellow,false,33922,638422.9200,85763.1700,426934.4000
2025-02-02,yellow,true,89724,1431473.0600,227961.3900,577653.6700
2025-02-03,hvfhs,false,390867,8502613.0400,286982.3700,1812838.2480
2025-02-03,hvfhs,true,182724,5741360.8800,310568.7900,1040012.0990
2025-02-03,yellow,false,31188,574463.4900,86282.5300,196495.7300
2025-02-03,yellow,true,67288,1135601.3900,216479.3700,257963.1100
2025-02-04,hvfhs,false,400852,8304880.3400,284114.1500,1750418.8190
2025-02-04,hvfhs,true,210123,6779109.1900,377940.4700,1155673.6650
2025-02-04,yellow,false,33566,558156.7700,87208.2500,146290.5300
2025-02-04,yellow,true,86297,1389730.4500,267158.8900,460719.5600
2025-02-05,hvfhs,false,419491,8879486.5000,305459.6900,1846144.2400
2025-02-05,hvfhs,true,232396,7677598.7300,419278.3000,1291884.9260
2025-02-05,yellow,false,34237,578758.4200,94134.1000,114066.7000
2025-02-05,yellow,true,94132,1558127.7800,292451.8100,256233.3000
2025-02-06,hvfhs,false,450486,9674989.4700,332222.6700,1976185.4330
2025-02-06,hvfhs,true,259117,8394640.4700,430564.7400,1377980.2760
2025-02-06,yellow,false,34103,581718.0000,91771.7800,185076.4100
2025-02-06,yellow,true,91979,1512908.2700,278489.0400,479819.7200
2025-02-07,hvfhs,false,502866,10944290.1400,366037.9400,2260695.0990
2025-02-07,hvfhs,true,267644,8161217.1200,387980.5600,1386199.5710
2025-02-07,yellow,false,38023,652636.9900,100898.9200,188545.7900
2025-02-07,yellow,true,100076,1607094.4100,277487.1400,378730.3600
2025-02-08,hvfhs,false,492510,10669665.4900,380902.5800,2217154.9910
2025-02-08,hvfhs,true,286346,8656984.0400,380101.8200,1350150.0870
2025-02-08,yellow,false,35283,574370.2100,79405.4800,429099.6800
2025-02-08,yellow,true,110766,1761466.7400,268625.2000,826656.0900
2025-02-09,hvfhs,false,464540,10355522.7900,355448.3600,2274366.6810
2025-02-09,hvfhs,true,231681,7085023.0300,293876.1600,1239074.9630
2025-02-09,yellow,false,37846,736915.5000,88280.1900,360874.5700
2025-02-09,yellow,true,85585,1419008.7500,199827.3600,652737.5300
2025-02-10,hvfhs,false,415950,9291325.3900,311611.9800,1938389.2900
2025-02-10,hvfhs,true,195959,6348011.6600,329498.5000,1107749.8450
2025-02-10,yellow,false,34612,639485.1500,94186.0600,163516.4900
2025-02-10,yellow,true,73957,1263745.2600,234549.4700,459770.9600
2025-02-11,hvfhs,false,414509,8744214.8200,300815.8100,1814915.3700
2025-02-11,hvfhs,true,221477,7299976.6700,395541.1900,1191122.2450
2025-02-11,yellow,false,35095,586967.2700,88807.9100,170055.6600
2025-02-11,yellow,true,90431,1462944.4700,267517.9900,393416.9700
2025-02-12,hvfhs,false,440890,9189772.2300,317794.1200,1937694.7530
2025-02-12,hvfhs,true,232082,7637946.9300,411614.8100,1300784.3290
2025-02-12,yellow,false,35277,587439.5000,89658.7200,451140.8300
2025-02-12,yellow,true,93643,1494483.4500,270773.4700,598440.5600
2025-02-13,hvfhs,false,477407,10627396.9700,358301.4000,2164362.6330
2025-02-13,hvfhs,true,237556,8436433.1300,428865.1300,1396724.4790
2025-02-13,yellow,false,38401,675060.4500,99991.0600,335518.5200
2025-02-13,yellow,true,104359,1714544.0700,297538.1100,287994.7700
2025-02-14,hvfhs,false,559993,13064622.7100,407103.8400,2540239.9430
2025-02-14,hvfhs,true,253339,8703803.5500,393953.8500,1402334.8130
2025-02-14,yellow,false,45327,824187.6000,106120.0500,420729.0600
2025-02-14,yellow,true,113248,1931628.4000,286299.7500,517754.0000
2025-02-15,hvfhs,false,531069,10938559.3100,378994.7200,2436847.3510
2025-02-15,hvfhs,true,286005,8150830.9900,369172.7900,1397695.0980
2025-02-15,yellow,false,34606,582596.7000,67865.1600,285170.0300
2025-02-15,yellow,true,113867,1722850.0600,245115.1500,402547.9800
2025-02-16,hvfhs,false,457690,9269148.8200,320956.6800,2198901.3020
2025-02-16,hvfhs,true,237323,6390603.3200,297048.3000,1218617.7480
2025-02-16,yellow,false,29490,554646.0500,64841.4800,293700.0500
2025-02-16,yellow,true,84236,1303250.3900,193036.9100,512519.7100
2025-02-17,hvfhs,false,403116,8546808.8300,306475.7300,2007457.0710
2025-02-17,hvfhs,true,188113,5427532.4500,276356.5400,1078435.8400
2025-02-17,yellow,false,29401,596856.7500,87389.4700,357751.9800
2025-02-17,yellow,true,65173,1075606.0900,193368.7900,325522.2100
2025-02-18,hvfhs,false,419124,9032593.1600,318757.7400,1951793.5860
2025-02-18,hvfhs,true,215708,6692231.3900,358814.8800,1169557.1680
2025-02-18,yellow,false,34460,648942.8500,100873.3300,207625.1300
2025-02-18,yellow,true,82895,1356339.8400,251122.0300,265432.8400
2025-02-19,hvfhs,false,427357,8987751.7000,308777.6600,1931730.9070
2025-02-19,hvfhs,true,226942,7178286.2000,383551.4900,1217850.7110
2025-02-19,yellow,false,34602,604748.1400,92143.4300,118825.9000
2025-02-19,yellow,true,89077,1428065.0700,261940.7600,729258.1300
2025-02-20,hvfhs,false,461403,9925924.0800,337891.6400,2079987.5210
2025-02-20,hvfhs,true,243609,8214496.4900,419859.8500,1329942.8830
2025-02-20,yellow,false,38155,650399.5500,99158.0000,200166.8900
2025-02-20,yellow,true,104091,1656895.8900,291498.7400,590711.4300
2025-02-21,hvfhs,false,513216,11134273.2600,377146.6500,2362300.4120
2025-02-21,hvfhs,true,259461,7706412.1200,373149.2000,1322013.8270
2025-02-21,yellow,false,39282,698792.5000,105461.1200,137299.7300
2025-02-21,yellow,true,94698,1638199.0100,260872.7100,318813.8100
2025-02-22,hvfhs,false,518727,10621642.2700,377800.8100,2482534.2980
2025-02-22,hvfhs,true,282881,7629516.3300,339465.2100,1397796.4590
2025-02-22,yellow,false,35091,634475.1700,86135.2200,242796.5400
2025-02-22,yellow,true,106771,1618998.2400,250237.3500,803931.5100
2025-02-23,hvfhs,false,448458,9871208.6000,331891.0900,2331243.7130
2025-02-23,hvfhs,true,213237,6546962.4600,283719.8000,1264380.6710
2025-02-23,yellow,false,31786,659754.9100,92147.7700,316759.1200
2025-02-23,yellow,true,77184,1275945.4400,211539.0200,616927.5100
2025-02-24,hvfhs,false,406656,9119881.4100,307810.7300,1955832.9860
2025-02-24,hvfhs,true,176383,5705374.0900,306955.3500,1034846.8860
2025-02-24,yellow,false,33071,629994.6200,93254.3900,212251.0400
2025-02-24,yellow,true,64277,1110131.9400,213011.6600,508971.4000
2025-02-25,hvfhs,false,408965,9031244.0000,304374.3300,1885742.5360
2025-02-25,hvfhs,true,198150,6658297.4600,369313.6600,1144276.2270
2025-02-25,yellow,false,35049,627643.0300,94368.0800,275022.7400
2025-02-25,yellow,true,80755,1332390.1500,257103.8000,232233.4400
2025-02-26,hvfhs,false,429163,9659058.6300,318523.7200,1986477.7660
2025-02-26,hvfhs,true,213427,7614622.1700,420866.8400,1277150.5450
2025-02-26,yellow,false,36731,669099.8600,101729.5200,539942.7900
2025-02-26,yellow,true,92243,1557384.7500,290732.3300,716497.3100
2025-02-27,hvfhs,false,462759,10718065.3700,357775.1500,2160159.2200
2025-02-27,hvfhs,true,230232,8672635.2200,460765.9600,1395524.5100
2025-02-27,yellow,false,39527,727247.2200,109312.3700,531556.2100
2025-02-27,yellow,true,104525,1773842.2800,321695.8900,299485.4900
2025-02-28,hvfhs,false,518740,12020115.5800,384359.4000,2418537.7570
2025-02-28,hvfhs,true,229734,7910676.4100,382816.7300,1310875.8900
2025-02-28,yellow,false,43691,807454.6200,109165.0600,845750.1900
2025-02-28,yellow,true,105764,1772243.5700,291939.4400,350999.9300
