ride_date,member_casual,rideable_type,rides,duration_seconds_sum
2024-01-01,casual,classic_bike,3017,6346839
2024-01-01,casual,electric_bike,8261,10749293
2024-01-01,member,classic_bike,13066,10674583
2024-01-01,member,electric_bike,22934,16001919
2024-01-02,casual,classic_bike,2227,3913929
2024-01-02,casual,electric_bike,6466,6832149
2024-01-02,member,classic_bike,23449,18380032
2024-01-02,member,electric_bike,36007,22782450
2024-01-03,casual,classic_bike,2158,3158456
2024-01-03,casual,electric_bike,6644,6409391
2024-01-03,member,classic_bike,25660,20611688
2024-01-03,member,electric_bike,42097,26486969
2024-01-04,casual,classic_bike,1953,2993440
2024-01-04,casual,electric_bike,6945,6266348
2024-01-04,member,classic_bike,25047,16713872
2024-01-04,member,electric_bike,43536,26497975
2024-01-05,casual,classic_bike,2006,3002645
2024-01-05,casual,electric_bike,7130,6525844
2024-01-05,member,classic_bike,22408,15646676
2024-01-05,member,electric_bike,40918,24626195
2024-01-06,casual,classic_bike,1550,2747152
2024-01-06,casual,electric_bike,4607,4423060
2024-01-06,member,classic_bike,13618,9207078
2024-01-06,member,electric_bike,23528,14223718
2024-01-07,casual,classic_bike,937,1454122
2024-01-07,casual,electric_bike,3386,2790652
2024-01-07,member,classic_bike,11435,7120094
2024-01-07,member,electric_bike,19920,11552365
2024-01-08,casual,classic_bike,1871,3061606
2024-01-08,casual,electric_bike,6394,5756759
2024-01-08,member,classic_bike,27055,20300423
2024-01-08,member,electric_bike,43166,26527663
2024-01-09,casual,classic_bike,731,933413
2024-01-09,casual,electric_bike,2847,2069642
2024-01-09,member,classic_bike,14434,10730467
2024-01-09,member,electric_bike,25031,14595203
2024-01-10,casual,classic_bike,1902,2812565
2024-01-10,casual,electric_bike,5926,5202236
2024-01-10,member,classic_bike,28527,22294117
2024-01-10,member,electric_bike,45322,30445975
2024-01-11,casual,classic_bike,2221,2985307
2024-01-11,casual,electric_bike,7147,6447028
2024-01-11,member,classic_bike,30233,22186251
2024-01-11,member,electric_bike,49590,31850837
2024-01-12,casual,classic_bike,2634,3846296
2024-01-12,casual,electric_bike,8199,7916297
2024-01-12,member,classic_bike,27487,20477942
2024-01-12,member,electric_bike,47793,31177557
2024-01-13,casual,classic_bike,3155,5154448
2024-01-13,casual,electric_bike,7574,7913087
2024-01-13,member,classic_bike,20532,15471265
2024-01-13,member,electric_bike,32616,21717057
2024-01-14,casual,classic_bike,1967,2478474
2024-01-14,casual,electric_bike,5036,4543767
2024-01-14,member,classic_bike,16386,10475979
2024-01-14,member,electric_bike,25512,14883129
2024-01-15,casual,classic_bike,1174,1562173
2024-01-15,casual,electric_bike,3397,2649458
2024-01-15,member,classic_bike,16365,11037813
2024-01-15,member,electric_bike,24632,13600975
2024-01-16,casual,classic_bike,297,462260
2024-01-16,casual,electric_bike,1462,1212850
2024-01-16,member,classic_bike,8772,7212601
2024-01-16,member,electric_bike,16836,9946114
2024-01-17,casual,classic_bike,472,718459
2024-01-17,casual,electric_bike,2234,1789140
2024-01-17,member,classic_bike,14025,10203779
2024-01-17,member,electric_bike,26061,14911434
2024-01-18,casual,classic_bike,653,793340
2024-01-18,casual,electric_bike,3379,2704704
2024-01-18,member,classic_bike,18119,12485666
2024-01-18,member,electric_bike,33391,19339183
2024-01-19,casual,classic_bike,567,578245
2024-01-19,casual,electric_bike,2799,1945046
2024-01-19,member,classic_bike,13478,8444769
2024-01-19,member,electric_bike,27211,15013254
2024-01-20,casual,classic_bike,798,1622463
2024-01-20,casual,electric_bike,2939,2165580
2024-01-20,member,classic_bike,11680,7626369
2024-01-20,member,electric_bike,21802,11636518
2024-01-21,casual,classic_bike,836,1336386
2024-01-21,casual,electric_bike,2887,2306145
2024-01-21,member,classic_bike,12136,8048859
2024-01-21,member,electric_bike,20458,11150648
2024-01-22,casual,classic_bike,937,1267043
2024-01-22,casual,electric_bike,3865,3000647
2024-01-22,member,classic_bike,21192,13456659
2024-01-22,member,electric_bike,35073,19778440
2024-01-23,casual,classic_bike,1148,1526910
2024-01-23,casual,electric_bike,4430,3425732
2024-01-23,member,classic_bike,23984,16435543
2024-01-23,member,electric_bike,41098,24364750
2024-01-24,casual,classic_bike,1028,1439447
2024-01-24,casual,electric_bike,4341,3455097
2024-01-24,member,classic_bike,21554,14425531
2024-01-24,member,electric_bike,38989,22913852
2024-01-25,casual,classic_bike,1624,2317546
2024-01-25,casual,electric_bike,6216,5778162
2024-01-25,member,classic_bike,23658,16864256
2024-01-25,member,electric_bike,43429,27231916
2024-01-26,casual,classic_bike,1775,2421333
2024-01-26,casual,electric_bike,6592,5802396
2024-01-26,member,classic_bike,22480,15656902
2024-01-26,member,electric_bike,41516,25039971
2024-01-27,casual,classic_bike,4256,6496199
2024-01-27,casual,electric_bike,10132,10996035
2024-01-27,member,classic_bike,24907,16636782
2024-01-27,member,electric_bike,40920,27409506
2024-01-28,casual,classic_bike,806,1129317
2024-01-28,casual,electric_bike,2632,2234706
2024-01-28,member,classic_bike,9076,5518897
2024-01-28,member,electric_bike,17231,9676383
2024-01-29,casual,classic_bike,1403,1746447
2024-01-29,casual,electric_bike,4479,3999660
2024-01-29,member,classic_bike,26013,17137755
2024-01-29,member,electric_bike,38893,22643343
2024-01-30,casual,classic_bike,1631,1998657
2024-01-30,casual,electric_bike,4945,4116371
2024-01-30,member,classic_bike,27851,18519129
2024-01-30,member,electric_bike,43869,25760474
2024-01-31,casual,classic_bike,1634,1543611
2024-01-31,casual,electric_bike,5369,4142059
2024-01-31,member,classic_bike,29436,18333481
2024-01-31,member,electric_bike,46205,27672552
2024-12-01,casual,classic_bike,1680,2341730
2024-12-01,casual,electric_bike,6349,4969823
2024-12-01,member,classic_bike,16616,10158337
2024-12-01,member,electric_bike,33423,17996045
2024-12-02,casual,classic_bike,1482,1588798
2024-12-02,casual,electric_bike,6807,5078810
2024-12-02,member,classic_bike,28674,17035273
2024-12-02,member,electric_bike,54595,29990708
2024-12-03,casual,classic_bike,1660,2088585
2024-12-03,casual,electric_bike,7765,5505554
2024-12-03,member,classic_bike,31267,19132613
2024-12-03,member,electric_bike,62837,35361913
2024-12-04,casual,classic_bike,1683,1846566
2024-12-04,casual,electric_bike,8108,5704157
2024-12-04,member,classic_bike,30658,18964960
2024-12-04,member,electric_bike,64979,36662000
2024-12-05,casual,classic_bike,1430,1266022
2024-12-05,casual,electric_bike,7680,5397662
2024-12-05,member,classic_bike,26394,15689253
2024-12-05,member,electric_bike,60262,33248804
2024-12-06,casual,classic_bike,1697,2104148
2024-12-06,casual,electric_bike,8170,5963815
2024-12-06,member,classic_bike,24847,15325146
2024-12-06,member,electric_bike,58561,31934122
2024-12-07,casual,classic_bike,3108,4160985
2024-12-07,casual,electric_bike,11126,9589827
2024-12-07,member,classic_bike,22159,14347063
2024-12-07,member,electric_bike,50020,29310013
2024-12-08,casual,classic_bike,4007,5836016
2024-12-08,casual,electric_bike,12948,12479081
2024-12-08,member,classic_bike,25483,16719290
2024-12-08,member,electric_bike,52627,32779407
2024-12-09,casual,classic_bike,1718,2213831
2024-12-09,casual,electric_bike,7045,5884246
2024-12-09,member,classic_bike,26609,16458164
2024-12-09,member,electric_bike,52667,30696201
2024-12-10,casual,classic_bike,1950,2400969
2024-12-10,casual,electric_bike,7838,6317918
2024-12-10,member,classic_bike,29256,17754720
2024-12-10,member,electric_bike,59400,35489087
2024-12-11,casual,classic_bike,1249,1891091
2024-12-11,casual,electric_bike,5668,4010318
2024-12-11,member,classic_bike,17910,12206556
2024-12-11,member,electric_bike,42048,23677134
2024-12-12,casual,classic_bike,2259,3296548
2024-12-12,casual,electric_bike,7680,6034465
2024-12-12,member,classic_bike,29005,20751900
2024-12-12,member,electric_bike,54766,34038638
2024-12-13,casual,classic_bike,1949,2171695
2024-12-13,casual,electric_bike,8622,6518643
2024-12-13,member,classic_bike,25269,15594617
2024-12-13,member,electric_bike,58200,32209282
2024-12-14,casual,classic_bike,2641,4343584
2024-12-14,casual,electric_bike,9902,8276044
2024-12-14,member,classic_bike,20639,14155836
2024-12-14,member,electric_bike,47422,27504297
2024-12-15,casual,classic_bike,2547,4082607
2024-12-15,casual,electric_bike,8763,7665944
2024-12-15,member,classic_bike,20306,12465173
2024-12-15,member,electric_bike,42570,24498753
2024-12-16,casual,classic_bike,855,1211589
2024-12-16,casual,electric_bike,4562,3470037
2024-12-16,member,classic_bike,15763,9141987
2024-12-16,member,electric_bike,36658,20274155
2024-12-17,casual,classic_bike,3118,4478021
2024-12-17,casual,electric_bike,12292,11083948
2024-12-17,member,classic_bike,35119,22273728
2024-12-17,member,electric_bike,74157,46381083
2024-12-18,casual,classic_bike,2635,3201141
2024-12-18,casual,electric_bike,10160,8390921
2024-12-18,member,classic_bike,28980,18091216
2024-12-18,member,electric_bike,63704,37887351
2024-12-19,casual,classic_bike,2568,3291908
2024-12-19,casual,electric_bike,10034,7956809
2024-12-19,member,classic_bike,29312,19255157
2024-12-19,member,electric_bike,64444,37682182
2024-12-20,casual,classic_bike,1494,1875531
2024-12-20,casual,electric_bike,7463,5505332
2024-12-20,member,classic_bike,20080,11915411
2024-12-20,member,electric_bike,48622,26676303
2024-12-21,casual,classic_bike,812,1098666
2024-12-21,casual,electric_bike,3828,2952819
2024-12-21,member,classic_bike,9947,6022714
2024-12-21,member,electric_bike,24167,13143693
2024-12-22,casual,classic_bike,659,834631
2024-12-22,casual,electric_bike,2959,2223876
2024-12-22,member,classic_bike,8277,4782375
2024-12-22,member,electric_bike,19692,9801848
2024-12-23,casual,classic_bike,790,1206340
2024-12-23,casual,electric_bike,3716,3102143
2024-12-23,member,classic_bike,12488,8289415
2024-12-23,member,electric_bike,27473,14364243
2024-12-24,casual,classic_bike,589,1052525
2024-12-24,casual,electric_bike,3086,2610572
2024-12-24,member,classic_bike,8799,5640034
2024-12-24,member,electric_bike,20361,11320599
2024-12-25,casual,classic_bike,819,1436935
2024-12-25,casual,electric_bike,3007,3511608
2024-12-25,member,classic_bike,5614,3525365
2024-12-25,member,electric_bike,12131,7073637
2024-12-26,casual,classic_bike,1116,1840973
2024-12-26,casual,electric_bike,4657,4413409
2024-12-26,member,classic_bike,11974,7207814
2024-12-26,member,electric_bike,24951,13745435
2024-12-27,casual,classic_bike,1721,2895286
2024-12-27,casual,electric_bike,6450,6251984
2024-12-27,member,classic_bike,14428,9057176
2024-12-27,member,electric_bike,31505,18162330
2024-12-28,casual,classic_bike,647,1205374
2024-12-28,casual,electric_bike,3281,2786958
2024-12-28,member,classic_bike,6345,3864730
2024-12-28,member,electric_bike,16446,9020876
2024-12-29,casual,classic_bike,3033,4948276
2024-12-29,casual,electric_bike,10167,12018573
2024-12-29,member,classic_bike,15080,9776584
2024-12-29,member,electric_bike,33174,21550783
2024-12-30,casual,classic_bike,4010,6409122
2024-12-30,casual,electric_bike,11478,13305019
2024-12-30,member,classic_bike,21779,13724481
2024-12-30,member,electric_bike,45681,28354794
2024-12-31,casual,classic_bike,3597,4729703
2024-12-31,casual,electric_bike,11465,12375625
2024-12-31,member,classic_bike,19322,11296536
2024-12-31,member,electric_bike,42359,25447648
2025-01-01,casual,classic_bike,2473,4401052
2025-01-01,casual,electric_bike,8442,8839962
2025-01-01,member,classic_bike,12117,7556977
2025-01-01,member,electric_bike,28410,16539224
2025-01-02,casual,classic_bike,1802,2468834
2025-01-02,casual,electric_bike,6652,5864857
2025-01-02,member,classic_bike,20684,12405798
2025-01-02,member,electric_bike,42641,23092240
2025-01-03,casual,classic_bike,1753,2356624
2025-01-03,casual,electric_bike,7275,6296461
2025-01-03,member,classic_bike,20497,12688154
2025-01-03,member,electric_bike,45836,24777607
2025-01-04,casual,classic_bike,1455,2173768
2025-01-04,casual,electric_bike,5765,4517036
2025-01-04,member,classic_bike,14923,9253923
2025-01-04,member,electric_bike,33246,17554166
2025-01-05,casual,classic_bike,1272,1468949
2025-01-05,casual,electric_bike,4924,3578141
2025-01-05,member,classic_bike,14543,8784803
2025-01-05,member,electric_bike,31438,16200122
2025-01-06,casual,classic_bike,628,564858
2025-01-06,casual,electric_bike,3420,2227050
2025-01-06,member,classic_bike,17885,11271679
2025-01-06,member,electric_bike,36582,19525141
2025-01-07,casual,classic_bike,703,880522
2025-01-07,casual,electric_bike,3723,2400297
2025-01-07,member,classic_bike,19360,11933401
2025-01-07,member,electric_bike,41428,20997856
2025-01-08,casual,classic_bike,688,742314
2025-01-08,casual,electric_bike,3797,2317188
2025-01-08,member,classic_bike,18861,11094694
2025-01-08,member,electric_bike,43242,21720371
2025-01-09,casual,classic_bike,708,628804
2025-01-09,casual,electric_bike,4073,2592812
2025-01-09,member,classic_bike,18488,11199008
2025-01-09,member,electric_bike,44100,22046706
2025-01-10,casual,classic_bike,1342,1746206
2025-01-10,casual,electric_bike,6525,5065492
2025-01-10,member,classic_bike,21961,13644026
2025-01-10,member,electric_bike,51568,27587222
2025-01-11,casual,classic_bike,1620,2121681
2025-01-11,casual,electric_bike,6398,4906708
2025-01-11,member,classic_bike,17281,11271048
2025-01-11,member,electric_bike,39461,21664057
2025-01-12,casual,classic_bike,2160,2606490
2025-01-12,casual,electric_bike,7002,5630318
2025-01-12,member,classic_bike,19471,11942686
2025-01-12,member,electric_bike,40784,23169299
2025-01-13,casual,classic_bike,1454,1719392
2025-01-13,casual,electric_bike,5794,4120083
2025-01-13,member,classic_bike,26573,17022657
2025-01-13,member,electric_bike,52854,29053433
2025-01-14,casual,classic_bike,1058,1188078
2025-01-14,casual,electric_bike,5107,3340736
2025-01-14,member,classic_bike,24134,15254976
2025-01-14,member,electric_bike,52099,27289847
2025-01-15,casual,classic_bike,952,1217095
2025-01-15,casual,electric_bike,4818,3076960
2025-01-15,member,classic_bike,22570,13255866
2025-01-15,member,electric_bike,51924,26740753
2025-01-16,casual,classic_bike,1032,1041906
2025-01-16,casual,electric_bike,5094,3333122
2025-01-16,member,classic_bike,22351,13614345
2025-01-16,member,electric_bike,51922,27102828
2025-01-17,casual,classic_bike,1586,2192265
2025-01-17,casual,electric_bike,7359,6128181
2025-01-17,member,classic_bike,23059,13910664
2025-01-17,member,electric_bike,54948,30152697
2025-01-18,casual,classic_bike,1768,2392405
2025-01-18,casual,electric_bike,6738,5677658
2025-01-18,member,classic_bike,15995,9717273
2025-01-18,member,electric_bike,37334,21442004
2025-01-19,casual,classic_bike,1273,1599404
2025-01-19,casual,electric_bike,4395,3513132
2025-01-19,member,classic_bike,12566,7394429
2025-01-19,member,electric_bike,25493,13894654
2025-01-20,casual,classic_bike,420,627732
2025-01-20,casual,electric_bike,2033,1456336
2025-01-20,member,classic_bike,9242,5276322
2025-01-20,member,electric_bike,21296,10776609
2025-01-21,casual,classic_bike,435,527496
2025-01-21,casual,electric_bike,2392,1371805
2025-01-21,member,classic_bike,14442,8636062
2025-01-21,member,electric_bike,32665,16081866
2025-01-22,casual,classic_bike,505,555603
2025-01-22,casual,electric_bike,2738,1675857
2025-01-22,member,classic_bike,15475,9510175
2025-01-22,member,electric_bike,36829,17901218
2025-01-23,casual,classic_bike,704,728130
2025-01-23,casual,electric_bike,3683,2306801
2025-01-23,member,classic_bike,18611,11277131
2025-01-23,member,electric_bike,42379,21583849
2025-01-24,casual,classic_bike,1089,1521394
2025-01-24,casual,electric_bike,5048,3562066
2025-01-24,member,classic_bike,19197,12162067
2025-01-24,member,electric_bike,46409,24127846
2025-01-25,casual,classic_bike,1479,1992753
2025-01-25,casual,electric_bike,5611,4228700
2025-01-25,member,classic_bike,16272,9558163
2025-01-25,member,electric_bike,37905,20304139
2025-01-26,casual,classic_bike,1847,2696667
2025-01-26,casual,electric_bike,6553,5175081
2025-01-26,member,classic_bike,18170,11341602
2025-01-26,member,electric_bike,39984,22618011
2025-01-27,casual,classic_bike,1154,1304202
2025-01-27,casual,electric_bike,4890,3487444
2025-01-27,member,classic_bike,24128,14802916
2025-01-27,member,electric_bike,49897,26804779
2025-01-28,casual,classic_bike,1253,1285072
2025-01-28,casual,electric_bike,5475,3729197
2025-01-28,member,classic_bike,26793,15999034
2025-01-28,member,electric_bike,56583,30856375
2025-01-29,casual,classic_bike,1417,1993862
2025-01-29,casual,electric_bike,6493,4763273
2025-01-29,member,classic_bike,25522,15383984
2025-01-29,member,electric_bike,58856,32638564
2025-01-30,casual,classic_bike,1150,1557968
2025-01-30,casual,electric_bike,5821,4194840
2025-01-30,member,classic_bike,23805,14362441
2025-01-30,member,electric_bike,56852,30263921
2025-01-31,casual,classic_bike,1095,990420
2025-01-31,casual,electric_bike,5454,3984598
2025-01-31,member,classic_bike,17602,9711383
2025-01-31,member,electric_bike,44958,23959336
2025-02-01,casual,classic_bike,2291,3040197
2025-02-01,casual,electric_bike,7643,6292815
2025-02-01,member,classic_bike,19204,12015169
2025-02-01,member,electric_bike,43066,24274492
2025-02-02,casual,classic_bike,1335,1571333
2025-02-02,casual,electric_bike,4423,3202411
2025-02-02,member,classic_bike,14998,8782008
2025-02-02,member,electric_bike,30517,16179443
2025-02-03,casual,classic_bike,1355,1583085
2025-02-03,casual,electric_bike,5582,4540845
2025-02-03,member,classic_bike,26727,16618110
2025-02-03,member,electric_bike,52340,29940518
2025-02-04,casual,classic_bike,1460,1689494
2025-02-04,casual,electric_bike,6063,4462232
2025-02-04,member,classic_bike,27850,17795420
2025-02-04,member,electric_bike,59335,33286455
2025-02-05,casual,classic_bike,1276,1100934
2025-02-05,casual,electric_bike,5533,3840519
2025-02-05,member,classic_bike,25087,15672141
2025-02-05,member,electric_bike,56792,30431912
2025-02-06,casual,classic_bike,743,850946
2025-02-06,casual,electric_bike,3828,2663226
2025-02-06,member,classic_bike,15296,9808796
2025-02-06,member,electric_bike,37921,20484484
2025-02-07,casual,classic_bike,1619,2169965
2025-02-07,casual,electric_bike,6883,5461144
2025-02-07,member,classic_bike,23362,14160968
2025-02-07,member,electric_bike,56744,30721184
2025-02-08,casual,classic_bike,1812,2402894
2025-02-08,casual,electric_bike,6476,5088281
2025-02-08,member,classic_bike,17082,10726068
2025-02-08,member,electric_bike,38859,21495101
2025-02-09,casual,classic_bike,628,897900
2025-02-09,casual,electric_bike,2908,2371400
2025-02-09,member,classic_bike,9999,6218184
2025-02-09,member,electric_bike,22560,12821761
2025-02-10,casual,classic_bike,936,1045706
2025-02-10,casual,electric_bike,3966,3002538
2025-02-10,member,classic_bike,20868,14227292
2025-02-10,member,electric_bike,44039,24756435
2025-02-11,casual,classic_bike,920,1179903
2025-02-11,casual,electric_bike,4086,2742893
2025-02-11,member,classic_bike,22052,14458841
2025-02-11,member,electric_bike,47975,26249986
2025-02-12,casual,classic_bike,643,822891
2025-02-12,casual,electric_bike,3538,2404317
2025-02-12,member,classic_bike,18640,12120161
2025-02-12,member,electric_bike,43041,23048367
2025-02-13,casual,classic_bike,1034,1416514
2025-02-13,casual,electric_bike,5010,3533205
2025-02-13,member,classic_bike,20864,13207457
2025-02-13,member,electric_bike,48569,26796741
2025-02-14,casual,classic_bike,1292,1841810
2025-02-14,casual,electric_bike,6012,4536181
2025-02-14,member,classic_bike,20591,13834362
2025-02-14,member,electric_bike,49258,26813750
2025-02-15,casual,classic_bike,979,1649848
2025-02-15,casual,electric_bike,3813,2984629
2025-02-15,member,classic_bike,11466,7419455
2025-02-15,member,electric_bike,25412,13578252
2025-02-16,casual,classic_bike,620,961028
2025-02-16,casual,electric_bike,2645,2004710
2025-02-16,member,classic_bike,7851,4904786
2025-02-16,member,electric_bike,18697,9645263
2025-02-17,casual,classic_bike,1168,1502832
2025-02-17,casual,electric_bike,4102,3192965
2025-02-17,member,classic_bike,14777,8815788
2025-02-17,member,electric_bike,33078,16653694
2025-02-18,casual,classic_bike,637,1107042
2025-02-18,casual,electric_bike,3066,2002314
2025-02-18,member,classic_bike,17233,10574461
2025-02-18,member,electric_bike,37605,18409199
2025-02-19,casual,classic_bike,805,1441522
2025-02-19,casual,electric_bike,3589,2473332
2025-02-19,member,classic_bike,18775,11312648
2025-02-19,member,electric_bike,42355,20898783
2025-02-20,casual,classic_bike,642,1240086
2025-02-20,casual,electric_bike,3336,2189921
2025-02-20,member,classic_bike,16610,9838160
2025-02-20,member,electric_bike,37792,18842732
2025-02-21,casual,classic_bike,961,1375150
2025-02-21,casual,electric_bike,3990,2877383
2025-02-21,member,classic_bike,16976,9735554
2025-02-21,member,electric_bike,39510,19919688
2025-02-22,casual,classic_bike,1982,3111789
2025-02-22,casual,electric_bike,6328,5410041
2025-02-22,member,classic_bike,17232,11327107
2025-02-22,member,electric_bike,38549,21904048
2025-02-23,casual,classic_bike,2558,4197645
2025-02-23,casual,electric_bike,7712,7395801
2025-02-23,member,classic_bike,19483,12973710
2025-02-23,member,electric_bike,40428,23974780
2025-02-24,casual,classic_bike,1721,1967259
2025-02-24,casual,electric_bike,6122,5023694
2025-02-24,member,classic_bike,27698,17624356
2025-02-24,member,electric_bike,54926,31269698
2025-02-25,casual,classic_bike,2319,3211664
2025-02-25,casual,electric_bike,7905,6645796
2025-02-25,member,classic_bike,32046,21020572
2025-02-25,member,electric_bike,65053,39514684
2025-02-26,casual,classic_bike,2783,3288126
2025-02-26,casual,electric_bike,9394,8743055
2025-02-26,member,classic_bike,34156,22468369
2025-02-26,member,electric_bike,69204,42347590
2025-02-27,casual,classic_bike,2014,2759416
2025-02-27,casual,electric_bike,8212,6636611
2025-02-27,member,classic_bike,28771,18062142
2025-02-27,member,electric_bike,62775,36913177
2025-02-28,casual,classic_bike,3082,3425715
2025-02-28,casual,electric_bike,10935,9736647
2025-02-28,member,classic_bike,29208,16929231
2025-02-28,member,electric_bike,66967,39133102
