user_id,channel
u_000003ea,organic
u_000003eb,organic
u_000003ec,organic
u_000003ee,organic
u_000003f1,organic
u_000003f4,organic
u_000003f6,organic
u_000003f8,organic
u_000003fb,organic
u_000003fc,organic
u_000003fd,organic
u_000003fe,organic
u_00000400,organic
u_00000401,organic
u_00000402,organic
u_00000403,organic
u_00000406,organic
u_00000407,organic
u_00000409,organic
u_0000040b,organic
u_0000040e,organic
u_00000410,organic
u_00000412,organic
u_00000413,organic
u_00000416,organic
u_00000418,organic
u_00000419,organic
u_0000041a,organic
u_0000041b,organic
u_0000041e,organic
u_00000420,organic
u_00000422,organic
u_00000425,organic
u_00000427,organic
u_0000042a,organic
u_0000042b,organic
u_0000042d,organic
u_00000430,organic
u_00000433,organic
u_00000434,organic
u_00000435,organic
u_00000436,organic
u_00000439,organic
u_0000043c,organic
u_0000043f,organic
u_00000440,organic
u_00000441,organic
u_00000444,organic
u_00000446,organic
u_00000448,organic
u_00000449,organic
u_0000044b,organic
u_0000044c,organic
u_0000044d,organic
u_00000450,organic
u_00000452,organic
u_00000453,organic
u_00000454,organic
u_00000456,organic
u_00000458,organic
u_0000045a,organic
u_0000045b,organic
u_0000045e,organic
u_00000460,organic
u_00000463,organic
u_00000465,organic
u_00000468,organic
u_00000469,organic
u_0000046a,organic
u_0000046d,organic
u_0000046f,organic
u_00000472,organic
u_00000474,organic
u_00000476,organic
u_00000478,organic
u_0000047a,organic
u_0000047b,organic
u_0000047c,organic
u_0000047e,organic
u_00000480,organic
u_00000483,organic
u_00000486,organic
u_00000489,organic
u_0000048b,organic
u_0000048c,organic
u_0000048f,organic
u_00000490,organic
u_00000493,organic
u_00000495,organic
u_00000498,organic
u_0000049b,organic
u_0000049e,organic
u_000004a0,organic
u_000004a1,organic
u_000004a2,organic
u_000004a5,organic
u_000004a8,organic
u_000004a9,organic
u_000004ab,organic
u_000004ad,organic
u_000004ae,organic
u_000004af,organic
u_000004b2,organic
u_000004b4,organic
u_000004b6,organic
u_000004b7,organic
u_000004ba,organic
u_000004bc,organic
u_000004be,organic
u_000004c0,organic
u_000004c1,organic
u_000004c3,organic
u_000004c6,organic
u_000004c7,organic
u_000004c8,organic
u_000004c9,organic
u_000004cc,organic
u_000004ce,organic
u_000004d0,organic
u_000004d3,organic
u_000004d5,organic
u_000004d7,organic
u_000004d8,organic
u_000004d9,organic
u_000004dc,organic
u_000004df,organic
u_000004e1,organic
u_000004e2,organic
u_000004e3,organic
u_000004e4,organic
u_000004e5,organic
u_000004e8,organic
u_000004e9,organic
u_000004ec,organic
u_000004ee,organic
u_000004ef,organic
u_000004f2,organic
u_000004f3,organic
u_000004f5,organic
u_000004f7,organic
u_000004f8,organic
u_000004f9,organic
u_000004fb,organic
u_000004fd,organic
u_000004fe,organic
u_00000501,organic
u_00000503,organic
u_00000504,organic
u_00000507,organic
u_00000509,organic
u_0000050c,organic
u_0000050e,organic
u_0000050f,organic
u_00000511,organic
u_00000513,organic
u_00000516,organic
u_00000519,organic
u_0000051a,organic
u_0000051d,organic
u_0000051e,organic
u_00000520,organic
u_00000522,organic
u_00000524,organic
u_00000526,organic
u_00000527,organic
u_00000529,organic
u_0000052a,organic
u_0000052b,organic
u_0000052d,organic
u_0000052f,organic
u_00000531,organic
u_00000533,organic
u_00000536,organic
u_00000537,organic
u_00000538,organic
u_0000053b,organic
u_0000053d,organic
u_00000540,organic
u_00000543,organic
u_00000544,organic
u_00000547,organic
u_00000549,organic
u_0000054c,organic
u_0000054f,organic
u_00000550,organic
u_00000553,organic
u_00000555,organic
u_00000557,organic
u_0000055a,organic
u_0000055d,organic
u_00000560,organic
u_00000562,organic
u_00000565,organic
u_00000566,organic
u_00000567,organic
u_00000569,organic
u_0000056b,organic
u_0000056d,organic
u_0000056f,organic
u_00000572,organic
u_00000573,organic
u_00000574,organic
u_00000575,organic
u_00000577,organic
u_00000578,organic
u_00000579,organic
u_0000057a,organic
u_0000057d,organic
u_00000580,organic
u_00000581,organic
u_00000584,organic
u_00000586,organic
u_00000587,organic
u_0000058a,organic
u_0000058d,organic
u_00000590,organic
u_00000593,organic
u_00000596,organic
u_00000597,organic
u_00000598,organic
u_0000059b,organic
u_0000059e,organic
u_0000059f,organic
u_000005a1,organic
u_000005a4,organic
u_000005a5,organic
u_000005a7,organic
u_000005a9,organic
u_000005ab,organic
u_000005ad,organic
u_000005af,organic
u_000005b2,organic
u_000005b3,organic
u_000005b4,organic
u_000005b6,organic
u_000005b7,organic
u_000005b8,organic
u_000005bb,organic
u_000005be,organic
u_000005bf,organic
u_000005c1,organic
u_000005c4,organic
u_000005c5,organic
u_000005c8,organic
u_000005c9,organic
u_000005cc,organic
u_000005cf,organic
u_000005d1,organic
u_000005d3,organic
u_000005d4,organic
u_000005d7,organic
u_000005da,organic
u_000005dd,organic
u_000005e0,organic
u_000005e2,organic
u_000005e3,organic
u_000005e5,organic
u_000005e7,organic
u_000005e8,organic
u_000005eb,organic
u_000005ed,organic
u_000005f0,organic
u_000005f3,organic
u_000005f4,organic
u_000005f5,organic
u_000005f7,organic
u_000005fa,organic
u_000005fc,organic
u_000005fd,organic
u_000005ff,organic
u_00000600,organic
u_00000602,organic
u_00000605,organic
u_00000607,organic
u_0000060a,organic
u_0000060c,organic
u_0000060d,organic
u_0000060f,organic
u_00000610,organic
u_00000613,organic
u_00000616,organic
u_00000619,organic
u_0000061b,organic
u_0000061d,organic
u_0000061e,organic
u_00000621,organic
u_00000624,organic
u_00000625,organic
u_00000628,organic
u_0000062a,organic
u_0000062b,organic
u_0000062c,organic
u_0000062f,organic
u_00000630,organic
u_00000631,organic
u_00000634,organic
u_00000637,organic
u_0000063a,organic
u_0000063b,organic
u_0000063e,organic
u_00000640,organic
u_00000643,organic
u_00000645,organic
u_00000647,organic
u_0000064a,organic
u_0000064c,organic
u_0000064f,organic
u_00000651,organic
u_00000654,organic
u_00000655,organic
u_00000657,organic
u_0000065a,organic
u_0000065b,organic
u_0000065c,organic
u_0000065d,organic
u_0000065f,organic
u_00000662,organic
u_00000663,organic
u_00000665,organic
u_00000666,organic
u_00000669,organic
u_0000066b,organic
u_0000066d,organic
u_0000066e,organic
u_00000670,organic
u_00000671,organic
u_00000674,organic
u_00000676,organic
u_00000678,organic
u_00000679,organic
u_0000067b,organic
u_0000067c,organic
u_0000067e,organic
u_00000680,organic
u_00000681,organic
u_00000684,organic
u_00000687,organic
u_00000689,organic
u_0000068c,organic
u_0000068f,organic
u_00000690,organic
u_00000691,organic
u_00000693,organic
u_00000694,organic
u_00000696,organic
u_00000698,organic
u_0000069a,organic
u_0000069d,organic
u_0000069f,organic
u_000006a0,organic
u_000006a2,organic
u_000006a3,organic
u_000006a5,organic
u_000006a8,organic
u_000006aa,organic
u_000006ad,organic
u_000006af,organic
u_000006b1,organic
u_000006b2,organic
u_000006b5,organic
u_000006b7,organic
u_000006ba,organic
u_000006bb,organic
u_000006bd,organic
u_000006c0,organic
u_000006c3,organic
u_000006c4,organic
u_000006c7,organic
u_000006c8,organic
u_000006c9,organic
u_000006cc,organic
u_000006ce,organic
u_000006d1,organic
u_000006d3,organic
u_000006d4,organic
u_000006d7,organic
u_000006d9,organic
u_000006dc,organic
u_000006de,organic
u_000006e0,organic
u_000006e2,organic
u_000006e3,organic
u_000006e5,organic
u_000006e6,organic
u_000006e7,organic
u_000006e9,organic
u_000006eb,organic
u_000006ec,organic
u_000006ed,organic
u_000006ef,organic
u_000006f0,organic
u_000006f1,organic
u_000006f2,organic
u_000006f3,organic
u_000006f6,organic
u_000006f7,organic
u_000006fa,organic
u_000006fb,organic
u_000006fc,organic
u_000006fe,organic
u_000006ff,organic
u_00000702,organic
u_00000705,organic
u_00000707,organic
u_00000708,organic
u_0000070b,organic
u_0000070d,organic
u_00000710,organic
u_00000711,organic
u_00000713,organic
u_00000716,organic
u_00000717,organic
u_00000719,organic
u_0000071c,organic
u_0000071e,organic
u_0000071f,organic
u_00000720,organic
u_00000721,organic
u_00000722,organic
u_00000723,organic
u_00000724,organic
u_00000726,organic
u_00000728,organic
u_0000072b,organic
u_0000072d,organic
u_0000072e,organic
u_00000731,organic
u_00000734,organic
u_00000737,organic
u_00000738,organic
u_00000739,organic
u_0000073b,organic
u_0000073d,organic
u_00000740,organic
u_00000742,organic
u_00000743,organic
u_00000744,organic
u_00000746,organic
u_00000748,organic
u_0000074a,organic
u_0000074d,organic
u_0000074e,organic
u_00000751,organic
u_00000754,organic
u_00000757,organic
u_00000758,organic
u_0000075b,organic
u_0000075c,organic
u_0000075d,organic
u_0000075f,organic
u_00000761,organic
u_00000762,organic
u_00000763,organic
u_00000765,organic
u_00000766,organic
u_00000767,organic
u_0000076a,organic
u_0000076d,organic
u_0000076f,organic
u_00000770,organic
u_00000772,organic
u_00000775,organic
u_00000777,organic
u_0000077a,organic
u_0000077b,organic
u_0000077c,organic
u_0000077d,organic
u_00000780,organic
u_00000781,organic
u_00000783,organic
u_00000786,organic
u_00000788,organic
u_0000078a,organic
u_0000078b,organic
u_0000078c,organic
u_0000078f,organic
u_00000792,organic
u_00000793,organic
u_00000795,organic
u_00000796,organic
u_00000798,organic
u_00000799,organic
u_0000079c,organic
u_0000079d,organic
u_0000079f,organic
u_000007a1,organic
u_000007a3,organic
u_000007a4,organic
u_000007a5,organic
u_000007a6,organic
u_000007a8,organic
u_000007ab,organic
u_000007ad,organic
u_000007ae,organic
u_000007b1,organic
u_000007b2,organic
u_000007b3,organic
u_000007b5,organic
u_000007b7,organic
u_000007ba,organic
u_000007bd,organic
u_000007be,organic
u_000007c0,organic
u_000007c2,organic
u_000007c3,organic
u_000007c5,organic
u_000007c6,organic
u_000007c9,organic
u_000007cb,organic
u_000007cd,organic
u_000007ce,organic
u_000007d0,organic
u_000007d1,organic
u_000007d4,organic
u_000007d6,organic
u_000007d7,organic
u_000007da,organic
u_000007dd,organic
u_000007e0,organic
u_000007e2,organic
u_000007e3,organic
u_000007e4,organic
u_000007e6,organic
u_000007e8,organic
u_000007ea,organic
u_000007ec,organic
u_000007ed,organic
u_000007ef,organic
u_000007f1,organic
u_000007f2,organic
u_000007f3,organic
u_000007f6,organic
u_000007f8,organic
u_000007fb,organic
u_000007fd,organic
u_00000800,organic
u_00000801,organic
u_00000804,organic
u_00000807,organic
u_0000080a,organic
u_0000080d,organic
u_0000080e,organic
u_0000080f,organic
u_00000810,organic
u_00000813,organic
u_00000816,organic
u_00000819,organic
u_0000081c,organic
u_0000081f,organic
u_00000822,organic
u_00000824,organic
u_00000827,organic
u_00000829,organic
u_0000082c,organic
u_0000082d,organic
u_0000082f,organic
u_00000830,organic
u_00000832,organic
u_00000835,organic
u_00000837,organic
u_00000839,organic
u_0000083b,organic
u_0000083e,organic
u_0000083f,organic
u_00000842,organic
u_00000844,organic
u_00000847,organic
u_00000848,organic
u_0000084b,organic
u_0000084c,organic
u_0000084f,organic
u_00000852,organic
u_00000855,organic
u_00000857,organic
u_0000085a,organic
u_0000085d,organic
u_0000085e,organic
u_00000861,organic
u_00000863,organic
u_00000864,organic
u_00000867,organic
u_00000869,organic
u_0000086c,organic
u_0000086e,organic
u_00000870,organic
u_00000873,organic
u_00000875,organic
u_00000876,organic
u_00000877,organic
u_00000879,organic
u_0000087b,organic
u_0000087e,organic
u_00000880,organic
u_00000883,organic
u_00000886,organic
u_00000888,organic
u_0000088a,organic
u_0000088d,organic
u_00000890,organic
u_00000891,organic
u_00000892,organic
u_00000895,organic
u_00000898,organic
u_0000089b,organic
u_0000089c,organic
u_0000089f,organic
u_000008a2,organic
u_000008a5,organic
u_000008a7,organic
u_000008a9,organic
u_000008ab,organic
u_000008ad,organic
u_000008ae,organic
u_000008af,organic
u_000008b1,organic
u_000008b2,organic
u_000008b4,organic
u_000008b6,organic
u_000008b9,organic
u_000008ba,organic
u_000008bd,organic
u_000008be,organic
u_000008c0,organic
u_000008c1,organic
u_000008c4,organic
u_000008c7,organic
u_000008c9,organic
u_000008cc,organic
u_000008ce,organic
u_000008cf,organic
u_000008d0,organic
u_000008d3,organic
u_000008d5,organic
u_000008d8,organic
u_000008d9,organic
u_000008db,organic
u_000008dc,organic
u_000008dd,organic
u_000008df,organic
u_000008e0,organic
u_000008e1,organic
u_000008e4,organic
u_000008e5,organic
u_000008e6,organic
u_000008e8,organic
u_000008eb,organic
u_000008ee,organic
u_000008f0,organic
u_000008f3,organic
u_000008f6,organic
u_000008f7,organic
u_000008f9,organic
u_000008fb,organic
u_000008fe,organic
u_00000901,organic
u_00000902,organic
u_00000904,organic
u_00000905,organic
u_00000907,organic
u_00000909,organic
u_0000090a,organic
u_0000090b,organic
u_0000090e,organic
u_0000090f,organic
u_00000911,organic
u_00000912,organic
u_00000915,organic
u_00000918,organic
u_0000091b,organic
u_0000091c,organic
u_0000091d,organic
u_0000091e,organic
u_00000921,organic
u_00000923,organic
u_00000924,organic
u_00000925,organic
u_00000928,organic
u_0000092a,organic
u_0000092c,organic
u_0000092e,organic
u_0000092f,organic
u_00000932,organic
u_00000933,organic
u_00000936,organic
u_00000939,organic
u_0000093c,organic
u_0000093d,organic
u_0000093e,organic
u_00000941,organic
u_00000944,organic
u_00000946,organic
u_00000949,organic
u_0000094c,organic
u_0000094f,organic
u_00000952,organic
u_00000953,organic
u_00000954,organic
u_00000957,organic
u_0000095a,organic
u_0000095d,organic
u_00000960,organic
u_00000961,organic
u_00000964,organic
u_00000966,organic
u_00000968,organic
u_0000096b,organic
u_0000096e,organic
u_00000971,organic
u_00000974,organic
u_00000977,organic
u_00000979,organic
u_0000097b,organic
u_0000097d,organic
u_0000097e,organic
u_00000980,organic
u_00000983,organic
u_00000986,organic
u_00000988,organic
u_0000098a,organic
u_0000098d,organic
u_0000098f,organic
u_00000992,organic
u_00000994,organic
u_00000997,organic
u_0000099a,organic
u_0000099b,organic
u_0000099d,organic
u_0000099f,organic
u_000009a0,organic
u_000009a1,organic
u_000009a3,organic
u_000009a6,organic
u_000009a9,organic
u_000009aa,organic
u_000009ab,organic
u_000009ac,organic
u_000009ae,organic
u_000009b0,organic
u_000009b3,organic
u_000009b6,organic
u_000009b9,organic
u_000009ba,organic
u_000009bb,organic
u_000009be,organic
u_000009bf,organic
u_000009c2,organic
u_000009c4,organic
u_000009c7,organic
u_000009ca,organic
u_000009cb,organic
u_000009cd,organic
u_000009cf,organic
u_000009d0,organic
u_000009d3,organic
u_000009d6,organic
u_000009d7,organic
u_000009d9,organic
u_000009da,organic
u_000009db,organic
u_000009dd,organic
u_000009df,organic
u_000009e1,organic
u_000009e2,organic
u_000009e5,organic
u_000009e6,organic
u_000009e9,organic
u_000009eb,organic
u_000009ed,organic
u_000009ef,organic
u_000009f1,organic
u_000009f4,organic
u_000009f5,organic
u_000009f7,organic
u_000009f9,organic
u_000009fa,organic
u_000009fb,organic
u_000009fd,organic
u_000009ff,organic
u_00000a02,organic
u_00000a05,organic
u_00000a06,organic
u_00000a08,organic
u_00000a0b,organic
u_00000a0c,organic
u_00000a0d,organic
u_00000a10,organic
u_00000a11,organic
u_00000a13,organic
u_00000a15,organic
u_00000a18,organic
u_00000a1a,organic
u_00000a1c,organic
u_00000a1e,organic
u_00000a1f,organic
u_00000a21,organic
u_00000a24,organic
u_00000a27,organic
u_00000a29,organic
u_00000a2c,organic
u_00000a2d,organic
u_00000a30,organic
u_00000a32,organic
u_00000a33,organic
u_00000a36,organic
u_00000a38,organic
u_00000a39,organic
u_00000a3a,organic
u_00000a3c,organic
u_00000a3e,organic
u_00000a3f,organic
u_00000a40,organic
u_00000a42,organic
u_00000a45,organic
u_00000a48,organic
u_00000a49,organic
u_00000a4c,organic
u_00000a4d,organic
u_00000a4f,organic
u_00000a52,organic
u_00000a55,organic
u_00000a58,organic
u_00000a59,organic
u_00000a5b,organic
u_00000a5e,organic
u_00000a60,organic
u_00000a61,organic
u_00000a63,organic
u_00000a66,organic
u_00000a68,organic
u_00000a6b,organic
u_00000a6c,organic
u_00000a6f,organic
u_00000a71,organic
u_00000a72,organic
u_00000a74,organic
u_00000a77,organic
u_00000a79,organic
u_00000a7b,organic
u_00000a7d,organic
u_00000a7e,organic
u_00000a81,organic
u_00000a84,organic
u_00000a85,organic
u_00000a86,organic
u_00000a88,organic
u_00000a89,organic
u_00000a8c,organic
u_00000a8f,organic
u_00000a92,organic
u_00000a93,organic
u_00000a94,organic
u_00000a96,organic
u_00000a97,organic
u_00000a9a,organic
u_00000a9d,organic
u_00000aa0,organic
u_00000aa2,organic
u_00000aa3,organic
u_00000aa6,organic
u_00000aa8,organic
u_00000aab,organic
u_00000aae,organic
u_00000ab1,organic
u_00000ab3,organic
u_00000ab6,organic
u_00000ab9,organic
u_00000aba,organic
u_00000abc,organic
u_00000abe,organic
u_00000ac1,organic
u_00000ac3,organic
u_00000ac5,organic
u_00000ac6,organic
u_00000ac7,organic
u_00000ac8,organic
u_00000ac9,organic
u_00000aca,organic
u_00000acb,organic
u_00000acc,organic
u_00000acd,organic
u_00000ace,organic
u_00000acf,organic
u_00000ad2,organic
u_00000ad4,organic
u_00000ad5,organic
u_00000ad8,organic
u_00000adb,organic
u_00000ade,organic
u_00000ae0,organic
u_00000ae1,organic
u_00000ae4,organic
u_00000ae7,organic
u_00000aea,organic
u_00000aed,organic
u_00000af0,organic
u_00000af2,organic
u_00000af3,organic
u_00000af6,organic
u_00000af8,organic
u_00000afb,organic
u_00000afd,organic
u_00000aff,organic
u_00000b00,organic
u_00000b02,organic
u_00000b04,organic
u_00000b06,organic
u_00000b09,organic
u_00000b0c,organic
u_00000b0d,organic
u_00000b0e,organic
u_00000b0f,organic
u_00000b11,organic
u_00000b12,organic
u_00000b13,organic
u_00000b16,organic
u_00000b19,organic
u_00000b1a,organic
u_00000b1d,organic
u_00000b20,organic
u_00000b22,organic
u_00000b24,organic
u_00000b25,organic
u_00000b28,organic
u_00000b2a,organic
u_00000b2c,organic
u_00000b2d,organic
u_00000b2f,organic
u_00000b30,organic
u_00000b31,organic
u_00000b33,organic
u_00000b35,organic
u_00000b36,organic
u_00000b39,organic
u_00000b3b,organic
u_00000b3e,organic
u_00000b40,organic
u_00000b41,organic
u_00000b42,organic
u_00000b44,organic
u_00000b46,organic
u_00000b49,organic
u_00000b4b,organic
u_00000b4d,organic
u_00000b50,organic
u_00000b51,organic
u_00000b54,organic
u_00000b57,organic
u_00000b5a,organic
u_00000b5c,organic
u_00000b5e,organic
u_00000b60,organic
u_00000b63,organic
u_00000b66,organic
u_00000b68,organic
u_00000b6b,organic
u_00000b6d,organic
u_00000b70,organic
u_00000b71,organic
u_00000b74,organic
u_00000b76,organic
u_00000b78,organic
u_00000b79,organic
u_00000b7c,organic
u_00000b7f,organic
u_00000b82,organic
u_00000b83,organic
u_00000b85,organic
u_00000b86,organic
u_00000b88,organic
u_00000b8a,organic
u_00000b8b,organic
u_00000b8e,organic
u_00000b90,organic
u_00000b92,organic
u_00000b93,organic
u_00000b96,organic
u_00000b97,organic
u_00000b99,organic
u_00000b9a,organic
u_00000b9c,organic
u_00000b9e,organic
u_00000b9f,organic
u_00000ba1,organic
u_00000ba4,organic
u_00000ba7,organic
u_00000baa,organic
u_00000bad,organic
u_00000baf,organic
u_00000bb0,organic
u_00000bb3,organic
u_00000bb4,organic
u_00000bb7,organic
u_00000bba,organic
u_00000bbc,organic
u_00000bbe,organic
u_00000bc0,organic
u_00000bc2,organic
u_00000bc5,organic
u_00000bc7,organic
u_00000bca,organic
u_00000bcb,organic
u_00000bce,organic
u_00000bd0,organic
u_00000bd1,organic
u_00000bd4,organic
u_00000bd6,organic
u_00000bd7,organic
u_00000bd8,organic
u_00000bdb,organic
u_00000bdc,organic
u_00000bdd,organic
u_00000bde,organic
u_00000bdf,organic
u_00000be1,organic
u_00000be3,organic
u_00000be6,organic
u_00000be8,organic
u_00000bea,organic
u_00000bed,organic
u_00000bee,organic
u_00000bf0,organic
u_00000bf3,organic
u_00000bf4,organic
u_00000bf6,organic
u_00000bf7,organic
u_00000bf8,organic
u_00000bfb,organic
u_00000bfe,organic
u_00000c01,organic
u_00000c02,organic
u_00000c04,organic
u_00000c05,organic
u_00000c06,organic
u_00000c09,organic
u_00000c0c,organic
u_00000c0e,organic
u_00000c0f,organic
u_00000c10,organic
u_00000c12,organic
u_00000c14,organic
u_00000c16,organic
u_00000c17,organic
u_00000c1a,organic
u_00000c1d,organic
u_00000c20,organic
u_00000c21,organic
u_00000c24,organic
u_00000c25,organic
u_00000c28,organic
u_00000c29,organic
u_00000c2a,organic
u_00000c2b,organic
u_00000c2e,organic
u_00000c2f,organic
u_00000c31,organic
u_00000c33,organic
u_00000c34,organic
u_00000c36,organic
u_00000c39,organic
u_00000c3b,organic
u_00000c3c,organic
u_00000c3f,organic
u_00000c41,organic
u_00000c44,organic
u_00000c46,organic
u_00000c48,organic
u_00000c49,organic
u_00000c4a,organic
u_00000c4b,organic
u_00000c4c,organic
u_00000c4f,organic
u_00000c51,organic
u_00000c54,organic
u_00000c57,organic
u_00000c59,organic
u_00000c5b,organic
u_00000c5d,organic
u_00000c5e,organic
u_00000c5f,organic
u_00000c60,organic
u_00000c61,organic
u_00000c64,organic
u_00000c66,organic
u_00000c67,organic
u_00000c68,organic
u_00000c69,organic
u_00000c6b,organic
u_00000c6d,organic
u_00000c6f,organic
u_00000c71,organic
u_00000c74,organic
u_00000c76,organic
u_00000c78,organic
u_00000c79,organic
u_00000c7c,organic
u_00000c7d,organic
u_00000c7f,organic
u_00000c82,organic
u_00000c85,organic
u_00000c87,organic
u_00000c88,organic
u_00000c89,organic
u_00000c8b,organic
u_00000c8e,organic
u_00000c91,organic
u_00000c92,organic
u_00000c94,organic
u_00000c97,organic
u_00000c9a,organic
u_00000c9c,organic
u_00000c9f,organic
u_00000ca1,organic
u_00000ca4,organic
u_00000ca5,organic
u_00000ca6,organic
u_00000ca8,organic
u_00000ca9,organic
u_00000caa,organic
u_00000cad,organic
u_00000cae,organic
u_00000cb1,organic
u_00000cb4,organic
u_00000cb5,organic
u_00000cb6,organic
u_00000cb7,organic
u_00000cb9,organic
u_00000cbc,organic
u_00000cbf,organic
u_00000cc2,organic
u_00000cc3,organic
u_00000cc6,organic
u_00000cc8,organic
u_00000cca,organic
u_00000ccc,organic
u_00000ccd,organic
u_00000ccf,organic
u_00000cd0,organic
u_00000cd3,organic
u_00000cd4,organic
u_00000cd7,organic
u_00000cd9,organic
u_00000cdc,organic
u_00000cdf,organic
u_00000ce1,organic
u_00000ce2,organic
u_00000ce3,organic
u_00000ce5,organic
u_00000ce6,organic
u_00000ce8,organic
u_00000ce9,organic
u_00000ceb,organic
u_00000cec,organic
u_00000ced,organic
u_00000cee,organic
u_00000cf0,organic
u_00000cf2,organic
u_00000cf4,organic
u_00000cf7,organic
u_00000cfa,organic
u_00000cfd,organic
u_00000cfe,organic
u_00000d01,organic
u_00000d02,organic
u_00000d03,organic
u_00000d04,organic
u_00000d05,organic
u_00000d08,organic
u_00000d0a,organic
u_00000d0c,organic
u_00000d0f,organic
u_00000d12,organic
u_00000d15,organic
u_00000d17,organic
u_00000d18,organic
u_00000d19,organic
u_00000d1a,organic
u_00000d1d,organic
u_00000d20,organic
u_00000d22,organic
u_00000d25,organic
u_00000d27,organic
u_00000d28,organic
u_00000d2a,organic
u_00000d2d,organic
u_00000d2f,organic
u_00000d32,organic
u_00000d34,organic
u_00000d37,organic
u_00000d38,organic
u_00000d3b,organic
u_00000d3e,organic
u_00000d40,organic
u_00000d43,organic
u_00000d44,organic
u_00000d45,organic
u_00000d46,organic
u_00000d47,organic
u_00000d48,organic
u_00000d4b,organic
u_00000d4d,organic
u_00000d4f,organic
u_00000d52,organic
u_00000d55,organic
u_00000d58,organic
u_00000d59,organic
u_00000d5c,organic
u_00000d5d,organic
u_00000d5e,organic
u_00000d5f,organic
u_00000d62,organic
u_00000d63,organic
u_00000d64,organic
u_00000d65,organic
u_00000d68,organic
u_00000d6a,organic
u_00000d6c,organic
u_00000d6e,organic
u_00000d71,organic
u_00000d74,organic
u_00000d77,organic
u_00000d78,organic
u_00000d79,organic
u_00000d7b,organic
u_00000d7e,organic
u_00000d7f,organic
u_00000d80,organic
u_00000d83,organic
u_00000d85,organic
u_00000d87,organic
u_00000d8a,organic
u_00000d8b,organic
u_00000d8c,organic
u_00000d8d,organic
u_00000d90,organic
u_00000d91,organic
u_00000d92,organic
u_00000d95,organic
u_00000d96,organic
u_00000d97,organic
u_00000d9a,organic
u_00000d9b,organic
u_00000d9c,organic
u_00000d9d,organic
u_00000d9e,organic
u_00000d9f,organic
u_00000da0,organic
u_00000da2,organic
u_00000da5,organic
u_00000da7,organic
u_00000da8,organic
u_00000dab,organic
u_00000dac,organic
u_00000dae,organic
u_00000db1,organic
u_00000db3,organic
u_00000db6,organic
u_00000db8,organic
u_00000dbb,organic
u_00000dbe,organic
u_00000dc0,organic
u_00000dc3,organic
u_00000dc5,organic
u_00000dc6,organic
u_00000dc9,organic
u_00000dcb,organic
u_00000dcc,organic
u_00000dcf,organic
u_00000dd1,organic
u_00000dd3,organic
u_00000dd6,organic
u_00000dd7,organic
u_00000dd9,organic
u_00000ddc,organic
u_00000dde,organic
u_00000ddf,organic
u_00000de0,organic
u_00000de2,organic
u_00000de5,organic
u_00000de7,organic
u_00000de9,organic
u_00000dec,organic
u_00000def,organic
u_00000df1,organic
u_00000df4,organic
u_00000df6,organic
u_00000df7,organic
u_00000df9,organic
u_00000dfa,organic
u_00000dfb,organic
u_00000dfc,organic
u_00000dfd,organic
u_00000dfe,organic
u_00000dff,organic
u_00000e02,organic
u_00000e04,organic
u_00000e07,organic
u_00000e08,organic
u_00000e09,organic
u_00000e0b,organic
u_00000e0d,organic
u_00000e10,organic
u_00000e12,organic
u_00000e13,organic
u_00000e15,organic
u_00000e18,organic
u_00000e19,organic
u_00000e1a,organic
u_00000e1c,organic
u_00000e1d,organic
u_00000e1f,organic
u_00000e20,organic
u_00000e21,organic
u_00000e23,organic
u_00000e26,organic
u_00000e27,organic
u_00000e2a,organic
u_00000e2d,organic
u_00000e2f,organic
u_00000e31,organic
u_00000e32,organic
u_00000e34,organic
u_00000e37,organic
u_00000e3a,organic
u_00000e3d,organic
u_00000e40,organic
u_00000e41,organic
u_00000e43,organic
u_00000e45,organic
u_00000e47,organic
u_00000e48,organic
u_00000e49,organic
u_00000e4c,organic
u_00000e4d,organic
u_00000e50,organic
u_00000e51,organic
u_00000e54,organic
u_00000e55,organic
u_00000e56,organic
u_00000e58,organic
u_00000e59,organic
u_00000e5b,organic
u_00000e5d,organic
u_00000e60,organic
u_00000e62,organic
u_00000e64,organic
u_00000e65,organic
u_00000e66,organic
u_00000e68,organic
u_00000e6b,organic
u_00000e6d,organic
u_00000e6f,organic
u_00000e70,organic
u_00000e72,organic
u_00000e73,organic
u_00000e76,organic
u_00000e77,organic
u_00000e78,organic
u_00000e7a,organic
u_00000e7b,organic
u_00000e7e,organic
u_00000e7f,organic
u_00000e82,organic
u_00000e84,organic
u_00000e86,organic
u_00000e87,organic
u_00000e88,organic
u_00000e89,organic
u_00000e8b,organic
u_00000e8d,organic
u_00000e90,organic
u_00000e93,organic
u_00000e95,organic
u_00000e97,organic
u_00000e98,organic
u_00000e9b,organic
u_00000e9e,organic
u_00000e9f,organic
u_00000ea0,organic
u_00000ea1,organic
u_00000ea3,organic
u_00000ea4,organic
u_00000ea5,organic
u_00000ea7,organic
u_00000ea8,organic
u_00000eab,organic
u_00000eac,organic
u_00000ead,organic
u_00000eb0,organic
u_00000eb3,organic
u_00000eb6,organic
u_00000eb9,organic
u_00000ebc,organic
u_00000ebf,organic
u_00000ec0,organic
u_00000ec3,organic
u_00000ec4,organic
u_00000ec7,organic
u_00000ec8,organic
u_00000eca,organic
u_00000ecb,organic
u_00000ecc,organic
u_00000ecf,organic
u_00000ed0,organic
u_00000ed2,organic
u_00000ed4,organic
u_00000ed6,organic
u_00000ed7,organic
u_00000ed9,organic
u_00000edc,organic
u_00000edd,organic
u_00000edf,organic
u_00000ee0,organic
u_00000ee3,organic
u_00000ee6,organic
u_00000ee9,organic
u_00000eec,organic
u_00000eed,organic
u_00000eef,organic
u_00000ef0,organic
u_00000ef1,organic
u_00000ef3,organic
u_00000ef5,organic
u_00000ef7,organic
u_00000efa,organic
u_00000efd,organic
u_00000eff,organic
u_00000f01,organic
u_00000f02,organic
u_00000f03,organic
u_00000f04,organic
u_00000f07,organic
u_00000f09,organic
u_00000f0b,organic
u_00000f0c,organic
u_00000f0e,organic
u_00000f0f,organic
u_00000f12,organic
u_00000f13,organic
u_00000f16,organic
u_00000f17,organic
u_00000f1a,organic
u_00000f1c,organic
u_00000f1d,organic
u_00000f1f,organic
u_00000f21,organic
u_00000f24,organic
u_00000f25,organic
u_00000f27,organic
u_00000f28,organic
u_00000f2a,organic
u_00000f2d,organic
u_00000f30,organic
u_00000f32,organic
u_00000f33,organic
u_00000f36,organic
u_00000f37,organic
u_00000f3a,organic
u_00000f3d,organic
u_00000f3e,organic
u_00000f40,organic
u_00000f42,organic
u_00000f44,organic
u_00000f45,organic
u_00000f48,organic
u_00000f49,organic
u_00000f4b,organic
u_00000f4e,organic
u_00000f51,organic
u_00000f52,organic
u_00000f54,organic
u_00000f56,organic
u_00000f57,organic
u_00000f5a,organic
u_00000f5c,organic
u_00000f5f,organic
u_00000f60,organic
u_00000f62,organic
u_00000f64,organic
u_00000f65,organic
u_00000f66,organic
u_00000f68,organic
u_00000f6a,organic
u_00000f6d,organic
u_00000f70,organic
u_00000f73,organic
u_00000f74,organic
u_00000f76,organic
u_00000f77,organic
u_00000f78,organic
u_00000f7a,organic
u_00000f7b,organic
u_00000f7e,organic
u_00000f80,organic
u_00000f82,organic
u_00000f85,organic
u_00000f87,organic
u_00000f8a,organic
u_00000f8b,organic
u_00000f8e,organic
u_00000f91,organic
u_00000f92,organic
u_00000f93,organic
u_00000f95,organic
u_00000f98,organic
u_00000f9b,organic
u_00000f9d,organic
u_00000f9f,organic
u_00000fa2,organic
u_00000fa4,organic
u_00000fa6,organic
u_00000fa9,organic
u_00000fac,organic
u_00000fad,organic
u_00000fb0,organic
u_00000fb3,organic
u_00000fb4,organic
u_00000fb7,organic
u_00000fb9,organic
u_00000fbc,organic
u_00000fbf,organic
u_00000fc1,organic
u_00000fc4,organic
u_00000fc7,organic
u_00000fca,organic
u_00000fcd,organic
u_00000fcf,organic
u_00000fd0,organic
u_00000fd2,organic
u_00000fd5,organic
u_00000fd6,organic
u_00000fd7,organic
u_00000fd8,organic
u_00000fda,organic
u_00000fdb,organic
u_00000fdc,organic
u_00000fdd,organic
u_00000fde,organic
u_00000fe0,organic
u_00000fe3,organic
u_00000fe4,organic
u_00000fe7,organic
u_00000fe9,organic
u_00000fea,organic
u_00000feb,organic
u_00000fed,organic
u_00000fee,organic
u_00000ff0,organic
u_00000ff1,organic
u_00000ff4,organic
u_00000ff7,organic
u_00000ff8,organic
u_00000ffb,organic
u_00000ffc,organic
u_00000ffd,organic
u_00000fff,organic
u_00001002,organic
u_00001005,organic
u_00001007,organic
u_00001008,organic
u_0000100b,organic
u_0000100c,organic
u_0000100e,organic
u_00001010,organic
u_00001013,organic
u_00001014,organic
u_00001016,organic
u_00001018,organic
u_0000101a,organic
u_0000101d,organic
u_0000101f,organic
u_00001022,organic
u_00001023,organic
u_00001025,organic
u_00001027,organic
u_00001029,organic
u_0000102b,organic
u_0000102d,organic
u_00001030,organic
u_00001032,organic
u_00001035,organic
u_00001036,organic
u_00001038,organic
u_00001039,organic
u_0000103b,organic
u_0000103d,organic
u_0000103f,organic
u_00001040,organic
u_00001042,organic
u_00001045,organic
u_00001047,organic
u_00001049,organic
u_0000104a,organic
u_0000104c,organic
u_0000104e,organic
u_00001051,organic
u_00001054,organic
u_00001057,organic
u_00001058,organic
u_0000105b,organic
u_0000105c,organic
u_0000105d,organic
u_0000105f,organic
u_00001062,organic
u_00001063,organic
u_00001065,organic
u_00001067,organic
u_0000106a,organic
u_0000106c,organic
u_0000106e,organic
u_00001070,organic
u_00001073,organic
u_00001075,organic
u_00001076,organic
u_00001079,organic
u_0000107b,organic
u_0000107e,organic
u_0000107f,organic
u_00001081,organic
u_00001082,organic
u_00001084,organic
u_00001085,organic
u_00001086,organic
u_00001087,organic
u_00001088,organic
u_0000108a,organic
u_0000108d,organic
u_0000108f,organic
u_00001092,organic
u_00001095,organic
u_00001098,organic
u_00001099,organic
u_0000109a,organic
u_0000109c,organic
u_0000109f,organic
u_000010a1,organic
u_000010a4,organic
u_000010a7,organic
u_000010a8,organic
u_000010aa,organic
u_000010ad,organic
u_000010af,organic
u_000010b0,organic
u_000010b1,organic
u_000010b3,organic
u_000010b6,organic
u_000010b9,organic
u_000010bc,organic
u_000010bf,organic
u_000010c0,organic
u_000010c2,organic
u_000010c3,organic
u_000010c6,organic
u_000010c7,organic
u_000010ca,organic
u_000010cb,organic
u_000010ce,organic
u_000010d1,organic
u_000010d4,organic
u_000010d6,organic
u_000010d9,organic
u_000010db,organic
u_000010de,organic
u_000010e0,organic
u_000010e1,organic
u_000010e4,organic
u_000010e6,organic
u_000010e7,organic
u_000010ea,organic
u_000010ec,organic
u_000010ed,organic
u_000010f0,organic
u_000010f1,organic
u_000010f4,organic
u_000010f7,organic
u_000010f9,organic
u_000010fc,organic
u_000010fd,organic
u_00001100,organic
u_00001102,organic
u_00001105,organic
u_00001106,organic
u_00001107,organic
u_0000110a,organic
u_0000110c,organic
u_0000110d,organic
u_0000110e,organic
u_00001111,organic
u_00001112,organic
u_00001115,organic
u_00001118,organic
u_00001119,organic
u_0000111b,organic
u_0000111c,organic
u_0000111f,organic
u_00001121,organic
u_00001122,organic
u_00001125,organic
u_00001126,organic
u_00001128,organic
u_00001129,organic
u_0000112c,organic
u_0000112f,organic
u_00001130,organic
u_00001133,organic
u_00001136,organic
u_00001137,organic
u_0000113a,organic
u_0000113d,organic
u_0000113f,organic
u_00001142,organic
u_00001145,organic
u_00001147,organic
u_00001148,organic
u_0000114b,organic
u_0000114e,organic
u_00001150,organic
u_00001151,organic
u_00001152,organic
u_00001153,organic
u_00001156,organic
u_00001158,organic
u_00001159,organic
u_0000115a,organic
u_0000115d,organic
u_00001160,organic
u_00001162,organic
u_00001164,organic
u_00001166,organic
u_00001167,organic
u_00001169,organic
u_0000116a,organic
u_0000116b,organic
u_0000116e,organic
u_00001170,organic
u_00001173,organic
u_00001174,organic
u_00001177,organic
u_00001178,organic
u_0000117a,organic
u_0000117b,organic
u_0000117d,organic
u_00001180,organic
u_00001181,organic
u_00001184,organic
u_00001186,organic
u_00001189,organic
u_0000118a,organic
u_0000118d,organic
u_00001190,organic
u_00001191,organic
u_00001193,organic
u_00001196,organic
u_00001197,organic
u_0000119a,organic
u_0000119b,organic
u_0000119c,organic
u_0000119f,organic
u_000011a0,organic
u_000011a3,organic
u_000011a6,organic
u_000011a9,organic
u_000011ac,organic
u_000011ae,organic
u_000011b0,organic
u_000011b1,organic
u_000011b3,organic
u_000011b5,organic
u_000011b8,organic
u_000011ba,organic
u_000011bc,organic
u_000011bd,organic
u_000011c0,organic
u_000011c3,organic
u_000011c5,organic
u_000011c6,organic
u_000011c9,organic
u_000011cb,organic
u_000011cd,organic
u_000011cf,organic
u_000011d0,organic
u_000011d1,organic
u_000011d2,organic
u_000011d4,organic
u_000011d6,organic
u_000011d7,organic
u_000011da,organic
u_000011db,organic
u_000011de,organic
u_000011df,organic
u_000011e0,organic
u_000011e1,organic
u_000011e2,organic
u_000011e5,organic
u_000011e6,organic
u_000011e8,organic
u_000011eb,organic
u_000011ec,organic
u_000011ef,organic
u_000011f1,organic
u_000011f4,organic
u_000011f7,organic
u_000011fa,organic
u_000011fd,organic
u_00001200,organic
u_00001202,organic
u_00001204,organic
u_00001206,organic
u_00001208,organic
u_0000120a,organic
u_0000120c,organic
u_0000120f,organic
u_00001211,organic
u_00001214,organic
u_00001216,organic
u_00001217,organic
u_00001218,organic
u_0000121b,organic
u_0000121c,organic
u_0000121d,organic
u_0000121f,organic
u_00001221,organic
u_00001223,organic
u_00001224,organic
u_00001225,organic
u_00001227,organic
u_00001228,organic
u_0000122b,organic
u_0000122c,organic
u_0000122d,organic
u_0000122f,organic
u_00001230,organic
u_00001232,organic
u_00001234,organic
u_00001235,organic
u_00001236,organic
u_00001238,organic
u_0000123a,organic
u_0000123d,organic
u_00001240,organic
u_00001241,organic
u_00001242,organic
u_00001243,organic
u_00001245,organic
u_00001246,organic
u_00001247,organic
u_00001249,organic
u_0000124a,organic
u_0000124b,organic
u_0000124d,organic
u_00001250,organic
u_00001252,organic
u_00001253,organic
u_00001256,organic
u_00001257,organic
u_0000125a,organic
u_0000125c,organic
u_0000125e,organic
u_00001261,organic
u_00001262,organic
u_00001263,organic
u_00001266,organic
u_00001267,organic
u_00001269,organic
u_0000126a,organic
u_0000126d,organic
u_00001270,organic
u_00001272,organic
u_00001275,organic
u_00001276,organic
u_00001278,organic
u_00001279,organic
u_0000127a,organic
u_0000127c,organic
u_0000127e,organic
u_0000127f,organic
u_00001282,organic
u_00001285,organic
u_00001288,organic
u_0000128b,organic
u_0000128e,organic
u_00001290,organic
u_00001291,organic
u_00001293,organic
u_00001294,organic
u_00001297,organic
u_00001298,organic
u_0000129a,organic
u_0000129d,organic
u_0000129f,organic
u_000012a1,organic
u_000012a4,organic
u_000012a5,organic
u_000012a8,organic
u_000012aa,organic
u_000012ac,organic
u_000012ae,organic
u_000012b1,organic
u_000012b4,organic
u_000012b6,organic
u_000012b8,organic
u_000012bb,organic
u_000012bc,organic
u_000012be,organic
u_000012c1,organic
u_000012c4,organic
u_000012c7,organic
u_000012c9,organic
u_000012cc,organic
u_000012cd,organic
u_000012cf,organic
u_000012d0,organic
u_000012d2,organic
u_000012d3,organic
u_000012d5,organic
u_000012d8,organic
u_000012d9,organic
u_000012dc,organic
u_000012df,organic
u_000012e2,organic
u_000012e3,organic
u_000012e6,organic
u_000012e7,organic
u_000012e8,organic
u_000012e9,organic
u_000012eb,organic
u_000012ec,organic
u_000012ee,organic
u_000012ef,organic
u_000012f1,organic
u_000012f3,organic
u_000012f4,organic
u_000012f5,organic
u_000012f7,organic
u_000012f9,organic
u_000012fc,organic
u_000012ff,organic
u_00001300,organic
u_00001301,organic
u_00001302,organic
u_00001305,organic
u_00001307,organic
u_0000130a,organic
u_0000130b,organic
u_0000130c,organic
u_0000130e,organic
u_00001311,organic
u_00001313,organic
u_00001314,organic
u_00001316,organic
u_00001318,organic
u_0000131b,organic
u_0000131e,organic
u_00001321,organic
u_00001323,organic
u_00001326,organic
u_00001329,organic
u_0000132a,organic
u_0000132d,organic
u_0000132f,organic
u_00001331,organic
u_00001334,organic
u_00001335,organic
u_00001336,organic
u_00001338,organic
u_0000133b,organic
u_0000133e,organic
u_0000133f,organic
u_00001342,organic
u_00001344,organic
u_00001345,organic
u_00001346,organic
u_00001348,organic
u_0000134a,organic
u_0000134d,organic
u_0000134e,organic
u_00001350,organic
u_00001351,organic
u_00001352,organic
u_00001354,organic
u_00001356,organic
u_00001358,organic
u_0000135b,organic
u_0000135e,organic
u_00001360,organic
u_00001362,organic
u_00001363,organic
u_00001365,organic
u_00001366,organic
u_00001368,organic
u_0000136a,organic
u_0000136d,organic
u_0000136f,organic
u_00001370,organic
u_00001373,organic
u_00001374,organic
u_00001376,organic
u_00001377,organic
u_00001379,organic
u_0000137a,organic
u_0000137d,organic
u_00001380,organic
u_00001382,organic
u_00001383,organic
u_00001385,organic
u_00001387,organic
u_0000138a,organic
u_0000138c,organic
u_0000138d,organic
u_0000138e,organic
u_0000138f,organic
u_00001392,organic
u_00001394,organic
u_00001396,organic
u_00001399,organic
u_0000139c,organic
u_0000139d,organic
u_0000139e,organic
u_000013a1,organic
u_000013a3,organic
u_000013a4,organic
u_000013a6,organic
u_000013a7,organic
u_000013a9,organic
u_000013ab,organic
u_000013ac,organic
u_000013ae,organic
u_000013b1,organic
u_000013b4,organic
u_000013b6,organic
u_000013b7,organic
u_000013ba,organic
u_000013bd,organic
u_000013be,organic
u_000013c1,organic
u_000013c2,organic
u_000013c5,organic
u_000013c7,organic
u_000013ca,organic
u_000013cb,organic
u_000013ce,organic
u_000013d1,organic
u_000013d4,organic
u_000013d7,organic
u_000013d8,organic
u_000013da,organic
u_000013dc,organic
u_000013de,organic
u_000013df,organic
u_000013e0,organic
u_000013e3,organic
u_000013e5,organic
u_000013e7,organic
u_000013ea,organic
u_000013ed,organic
u_000013ef,organic
u_000013f0,organic
u_000013f2,organic
u_000013f4,organic
u_000013f5,organic
u_000013f8,organic
u_000013fa,organic
u_000013fd,organic
u_000013fe,organic
u_00001401,organic
u_00001402,organic
u_00001403,organic
u_00001406,organic
u_00001409,organic
u_0000140b,organic
u_0000140d,organic
u_0000140f,organic
u_00001411,organic
u_00001413,organic
u_00001416,organic
u_00001417,organic
u_0000141a,organic
u_0000141d,organic
u_00001420,organic
u_00001421,organic
u_00001424,organic
u_00001425,organic
u_00001426,organic
u_00001428,organic
u_0000142a,organic
u_0000142b,organic
u_0000142d,organic
u_0000142f,organic
u_00001430,organic
u_00001431,organic
u_00001433,organic
u_00001434,organic
u_00001437,organic
u_00001439,organic
u_0000143c,organic
u_0000143e,organic
u_00001441,organic
u_00001444,organic
u_00001447,organic
u_00001448,organic
u_00001449,organic
u_0000144c,organic
u_0000144f,organic
u_00001452,organic
u_00001454,organic
u_00001457,organic
u_0000145a,organic
u_0000145d,organic
u_0000145e,organic
u_00001460,organic
u_00001462,organic
u_00001463,organic
u_00001466,organic
u_00001468,organic
u_0000146b,organic
u_0000146c,organic
u_0000146f,organic
u_00001471,organic
u_00001474,organic
u_00001476,organic
u_00001478,organic
u_00001479,organic
u_0000147b,organic
u_0000147e,organic
u_00001481,organic
u_00001482,organic
u_00001483,organic
u_00001485,organic
u_00001487,organic
u_00001489,organic
u_0000148b,organic
u_0000148d,organic
u_0000148f,organic
u_00001491,organic
u_00001494,organic
u_00001497,organic
u_00001498,organic
u_0000149b,organic
u_0000149c,organic
u_0000149f,organic
u_000014a0,organic
u_000014a3,organic
u_000014a6,organic
u_000014a7,organic
u_000014a9,organic
u_000014ac,organic
u_000014af,organic
u_000014b0,organic
u_000014b2,organic
u_000014b5,organic
u_000014b8,organic
u_000014bb,organic
u_000014bd,organic
u_000014c0,organic
u_000014c3,organic
u_000014c5,organic
u_000014c8,organic
u_000014c9,organic
u_000014cc,organic
u_000014cd,organic
u_000014ce,organic
u_000014d1,organic
u_000014d3,organic
u_000014d4,organic
u_000014d5,organic
u_000014d6,organic
u_000014d9,organic
u_000014dc,organic
u_000014de,organic
u_000014e0,organic
u_000014e2,organic
u_000014e4,organic
u_000014e5,organic
u_000014e7,organic
u_000014e9,organic
u_000014ec,organic
u_000014ed,organic
u_000014ef,organic
u_000014f0,organic
u_000014f3,organic
u_000014f6,organic
u_000014f8,organic
u_000014f9,organic
u_000014fa,organic
u_000014fb,organic
u_000014fd,organic
u_00001500,organic
u_00001501,organic
u_00001504,organic
u_00001506,organic
u_00001508,organic
u_00001509,organic
u_0000150b,organic
u_0000150c,organic
u_0000150f,organic
u_00001511,organic
u_00001513,organic
u_00001514,organic
u_00001517,organic
u_0000151a,organic
u_0000151b,organic
u_0000151d,organic
u_0000151f,organic
u_00001521,organic
u_00001523,organic
u_00001524,organic
u_00001526,organic
u_00001527,organic
u_0000152a,organic
u_0000152b,organic
u_0000152d,organic
u_0000152f,organic
u_00001532,organic
u_00001535,organic
u_00001537,organic
u_00001538,organic
u_00001539,organic
u_0000153c,organic
u_0000153e,organic
u_0000153f,organic
u_00001540,organic
u_00001543,organic
u_00001546,organic
u_00001548,organic
u_0000154a,organic
u_0000154d,organic
u_0000154e,organic
u_00001550,organic
u_00001553,organic
u_00001554,organic
u_00001557,organic
u_00001559,organic
u_0000155c,organic
u_0000155f,organic
u_00001561,organic
u_00001563,organic
u_00001566,organic
u_00001569,organic
u_0000156a,organic
u_0000156b,organic
u_0000156d,organic
u_0000156f,organic
u_00001570,organic
u_00001571,organic
u_00001572,organic
u_00001573,organic
u_00001574,organic
u_00001577,organic
u_0000157a,organic
u_0000157d,organic
u_0000157e,organic
u_00001581,organic
u_00001584,organic
u_00001585,organic
u_00001586,organic
u_00001589,organic
u_0000158a,organic
u_0000158d,organic
u_00001590,organic
u_00001593,organic
u_00001595,organic
u_00001598,organic
u_00001599,organic
u_0000159c,organic
u_0000159f,organic
u_000015a0,organic
u_000015a1,organic
u_000015a3,organic
u_000015a6,organic
u_000015a9,organic
u_000015aa,organic
u_000015ac,organic
u_000015ad,organic
u_000015ae,organic
u_000015b0,organic
u_000015b1,organic
u_000015b2,organic
u_000015b4,organic
u_000015b6,organic
u_000015b9,organic
u_000015bc,organic
u_000015bd,organic
u_000015bf,organic
u_000015c1,organic
u_000015c2,organic
u_000015c3,organic
u_000015c6,organic
u_000015c8,organic
u_000015c9,organic
u_000015cc,organic
u_000015ce,organic
u_000015cf,organic
u_000015d2,organic
u_000015d5,organic
u_000015d6,organic
u_000015d8,organic
u_000015d9,organic
u_000015dc,organic
u_000015df,organic
u_000015e1,organic
u_000015e4,organic
u_000015e6,organic
u_000015e8,organic
u_000015ea,organic
u_000015eb,organic
u_000015ed,organic
u_000015ef,organic
u_000015f1,organic
u_000015f2,organic
u_000015f3,organic
u_000015f4,organic
u_000015f5,organic
u_000015f7,organic
u_000015fa,organic
u_000015fb,organic
u_000015fd,organic
u_000015ff,organic
u_00001602,organic
u_00001603,organic
u_00001605,organic
u_00001608,organic
u_0000160a,organic
u_0000160b,organic
u_0000160d,organic
u_0000160e,organic
u_00001611,organic
u_00001613,organic
u_00001615,organic
u_00001617,organic
u_00001619,organic
u_0000161b,organic
u_0000161e,organic
u_00001620,organic
u_00001623,organic
u_00001625,organic
u_00001626,organic
u_00001629,organic
u_0000162c,organic
u_0000162d,organic
u_0000162f,organic
u_00001631,organic
u_00001633,organic
u_00001635,organic
u_00001637,organic
u_00001639,organic
u_0000163c,organic
u_0000163e,organic
u_00001641,organic
u_00001644,organic
u_00001647,organic
u_00001648,organic
u_0000164a,organic
u_0000164b,organic
u_0000164d,organic
u_0000164e,organic
u_0000164f,organic
u_00001650,organic
u_00001652,organic
u_00001653,organic
u_00001655,organic
u_00001658,organic
u_00001659,organic
u_0000165c,organic
u_0000165d,organic
u_0000165e,organic
u_00001661,organic
u_00001663,organic
u_00001664,organic
u_00001665,organic
u_00001666,organic
u_00001669,organic
u_0000166c,organic
u_0000166f,organic
u_00001672,organic
u_00001674,organic
u_00001676,organic
u_00001678,organic
u_0000167a,organic
u_0000167c,organic
u_0000167f,organic
u_00001682,organic
u_00001685,organic
u_00001686,organic
u_00001687,organic
u_00001688,organic
u_0000168b,organic
u_0000168e,organic
u_0000168f,organic
u_00001690,organic
u_00001693,organic
u_00001696,organic
u_00001699,organic
u_0000169c,organic
u_0000169f,organic
u_000016a2,organic
u_000016a3,organic
u_000016a6,organic
u_000016a8,organic
u_000016ab,organic
u_000016ad,organic
u_000016ae,organic
u_000016af,organic
u_000016b2,organic
u_000016b5,organic
u_000016b8,organic
u_000016b9,organic
u_000016bb,organic
u_000016bc,organic
u_000016bf,organic
u_000016c1,organic
u_000016c2,organic
u_000016c4,organic
u_000016c6,organic
u_000016c7,organic
u_000016c8,organic
u_000016ca,organic
u_000016cc,organic
u_000016cd,organic
u_000016ce,organic
u_000016d1,organic
u_000016d3,organic
u_000016d6,organic
u_000016d7,organic
u_000016d8,organic
u_000016d9,organic
u_000016db,organic
u_000016dc,organic
u_000016de,organic
u_000016e1,organic
u_000016e3,organic
u_000016e5,organic
u_000016e6,organic
u_000016e7,organic
u_000016e8,organic
u_000016ea,organic
u_000016ed,organic
u_000016f0,organic
u_000016f1,organic
u_000016f3,organic
u_000016f5,organic
u_000016f8,organic
u_000016fb,organic
u_000016fe,organic
u_00001701,organic
u_00001704,organic
u_00001705,organic
u_00001706,organic
u_00001708,organic
u_0000170a,organic
u_0000170b,organic
u_0000170c,organic
u_0000170f,organic
u_00001712,organic
u_00001715,organic
u_00001716,organic
u_00001718,organic
u_0000171a,organic
u_0000171b,organic
u_0000171e,organic
u_00001720,organic
u_00001723,organic
u_00001724,organic
u_00001725,organic
u_00001728,organic
u_0000172b,organic
u_0000172d,organic
u_0000172f,organic
u_00001731,organic
u_00001733,organic
u_00001736,organic
u_00001738,organic
u_00001739,organic
u_0000173b,organic
u_0000173d,organic
u_0000173e,organic
u_00001740,organic
u_00001743,organic
u_00001744,organic
u_00001745,organic
u_00001747,organic
u_0000174a,organic
u_0000174c,organic
u_0000174e,organic
u_00001750,organic
u_00001752,organic
u_00001755,organic
u_00001758,organic
u_0000175b,organic
u_0000175d,organic
u_0000175e,organic
u_00001761,organic
u_00001762,organic
u_00001763,organic
u_00001764,organic
u_00001765,organic
u_00001767,organic
u_00001768,organic
u_0000176b,organic
u_0000176e,organic
u_00001771,organic
u_00001772,organic
u_00001773,organic
u_00001774,organic
u_00001777,organic
u_0000177a,organic
u_0000177b,organic
u_0000177c,organic
u_0000177d,organic
u_0000177e,organic
u_0000177f,organic
u_00001782,organic
u_00001785,organic
u_00001788,organic
u_00001789,organic
u_0000178c,organic
u_0000178e,organic
u_0000178f,organic
u_00001791,organic
u_00001792,organic
u_00001795,organic
u_00001796,organic
u_00001797,organic
u_00001798,organic
u_0000179a,organic
u_0000179d,organic
u_0000179e,organic
u_000017a1,organic
u_000017a3,organic
u_000017a4,organic
u_000017a6,organic
u_000017a9,organic
u_000017ac,organic
u_000017af,organic
u_000017b1,organic
u_000017b2,organic
u_000017b3,organic
u_000017b6,organic
u_000017b7,organic
u_000017b8,organic
u_000017b9,organic
u_000017bc,organic
u_000017bf,organic
u_000017c2,organic
u_000017c4,organic
u_000017c6,organic
u_000017c7,organic
u_000017ca,organic
u_000017cd,organic
u_000017ce,organic
u_000017d1,organic
u_000017d4,organic
u_000017d5,organic
u_000017d8,organic
u_000017da,organic
u_000017dc,organic
u_000017df,organic
u_000017e1,organic
u_000017e4,organic
u_000017e6,organic
u_000017e7,organic
u_000017e9,organic
u_000017ea,organic
u_000017eb,organic
u_000017ed,organic
u_000017f0,organic
u_000017f1,organic
u_000017f4,organic
u_000017f5,organic
u_000017f8,organic
u_000017f9,organic
u_000017fb,organic
u_000017fc,organic
u_000017fe,organic
u_00001800,organic
u_00001803,organic
u_00001804,organic
u_00001807,organic
u_00001808,organic
u_00001809,organic
u_0000180a,organic
u_0000180c,organic
u_0000180e,organic
u_0000180f,organic
u_00001812,organic
u_00001813,organic
u_00001815,organic
u_00001816,organic
u_00001817,organic
u_0000181a,organic
u_0000181c,organic
u_0000181d,organic
u_00001820,organic
u_00001822,organic
u_00001824,organic
u_00001825,organic
u_00001828,organic
u_0000182a,organic
u_0000182c,organic
u_0000182e,organic
u_0000182f,organic
u_00001831,organic
u_00001833,organic
u_00001834,organic
u_00001836,organic
u_00001839,organic
u_0000183b,organic
u_0000183c,organic
u_0000183d,organic
u_0000183f,organic
u_00001840,organic
u_00001843,organic
u_00001844,organic
u_00001847,organic
u_00001848,organic
u_00001849,organic
u_0000184c,organic
u_0000184d,organic
u_0000184e,organic
u_0000184f,organic
u_00001850,organic
u_00001852,organic
u_00001854,organic
u_00001855,organic
u_00001856,organic
u_00001858,organic
u_00001859,organic
u_0000185c,organic
u_0000185f,organic
u_00001862,organic
u_00001864,organic
u_00001867,organic
u_00001868,organic
u_00001869,organic
u_0000186b,organic
u_0000186e,organic
u_0000186f,organic
u_00001870,organic
u_00001872,organic
u_00001875,organic
u_00001876,organic
u_00001877,organic
u_00001878,organic
u_0000187a,organic
u_0000187b,organic
u_0000187c,organic
u_0000187d,organic
u_0000187f,organic
u_00001882,organic
u_00001885,organic
u_00001888,organic
u_0000188b,organic
u_0000188d,organic
u_0000188e,organic
u_0000188f,organic
u_00001890,organic
u_00001891,organic
u_00001893,organic
u_00001896,organic
u_00001899,organic
u_0000189a,organic
u_0000189c,organic
u_0000189d,organic
u_0000189f,organic
u_000018a2,organic
u_000018a3,organic
u_000018a5,organic
u_000018a6,organic
u_000018a8,organic
u_000018a9,organic
u_000018ac,organic
u_000018af,organic
u_000018b1,organic
u_000018b3,organic
u_000018b4,organic
u_000018b7,organic
u_000018b9,organic
u_000018ba,organic
u_000018bc,organic
u_000018bf,organic
u_000018c2,organic
u_000018c5,organic
u_000018c6,organic
u_000018c9,organic
u_000018cb,organic
u_000018cc,organic
u_000018cf,organic
u_000018d2,organic
u_000018d5,organic
u_000018d8,organic
u_000018d9,organic
u_000018da,organic
u_000018dc,organic
u_000018dd,organic
u_000018de,organic
u_000018e0,organic
u_000018e2,organic
u_000018e3,organic
u_000018e4,organic
u_000018e6,organic
u_000018e7,organic
u_000018ea,organic
u_000018eb,organic
u_000018ed,organic
u_000018f0,organic
u_000018f3,organic
u_000018f5,organic
u_000018f7,organic
u_000018f9,organic
u_000018fb,organic
u_000018fd,organic
u_000018fe,organic
u_00001900,organic
u_00001902,organic
u_00001905,organic
u_00001906,organic
u_00001909,organic
u_0000190a,organic
u_0000190c,organic
u_0000190e,organic
u_0000190f,organic
u_00001910,organic
u_00001911,organic
u_00001914,organic
u_00001915,organic
u_00001917,organic
u_00001918,organic
u_0000191b,organic
u_0000191d,organic
u_00001920,organic
u_00001923,organic
u_00001926,organic
u_00001928,organic
u_00001929,organic
u_0000192c,organic
u_0000192d,organic
u_00001930,organic
u_00001931,organic
u_00001933,organic
u_00001934,organic
u_00001936,organic
u_00001939,organic
u_0000193a,organic
u_0000193d,organic
u_00001940,organic
u_00001941,organic
u_00001943,organic
u_00001944,organic
u_00001945,organic
u_00001946,organic
u_00001947,organic
u_00001948,organic
u_00001949,organic
u_0000194c,organic
u_0000194f,organic
u_00001951,organic
u_00001954,organic
u_00001955,organic
u_00001958,organic
u_00001959,organic
u_0000195a,organic
u_0000195b,organic
u_0000195c,organic
u_0000195e,organic
u_00001960,organic
u_00001963,organic
u_00001966,organic
u_00001968,organic
u_0000196b,organic
u_0000196e,organic
u_00001970,organic
u_00001971,organic
u_00001973,organic
u_00001976,organic
u_00001979,organic
u_0000197c,organic
u_0000197e,organic
u_0000197f,organic
u_00001981,organic
u_00001982,organic
u_00001985,organic
u_00001987,organic
u_00001988,organic
u_00001989,organic
u_0000198b,organic
u_0000198c,organic
u_0000198d,organic
u_0000198f,organic
u_00001991,organic
u_00001994,organic
u_00001996,organic
u_00001997,organic
u_00001998,organic
u_0000199b,organic
u_0000199c,organic
u_0000199e,organic
u_000019a1,organic
u_000019a4,organic
u_000019a7,organic
u_000019a8,organic
u_000019aa,organic
u_000019ab,organic
u_000019ac,organic
u_000019ad,organic
u_000019b0,organic
u_000019b1,organic
u_000019b3,organic
u_000019b4,organic
u_000019b6,organic
u_000019b7,organic
u_000019ba,organic
u_000019bd,organic
u_000019c0,organic
u_000019c2,organic
u_000019c5,organic
u_000019c7,organic
u_000019c8,organic
u_000019ca,organic
u_000019cd,organic
u_000019d0,organic
u_000019d2,organic
u_000019d5,organic
u_000019d6,organic
u_000019d9,organic
u_000019dc,organic
u_000019de,organic
u_000019e0,organic
u_000019e1,organic
u_000019e3,organic
u_000019e6,organic
u_000019e8,organic
u_000019eb,organic
u_000019ee,organic
u_000019ef,organic
u_000019f0,organic
u_000019f1,organic
u_000019f2,organic
u_000019f5,organic
u_000019f7,organic
u_000019fa,organic
u_000019fd,organic
u_00001a00,organic
u_00001a03,organic
u_00001a06,organic
u_00001a07,organic
u_00001a0a,organic
u_00001a0b,organic
u_00001a0c,organic
u_00001a0d,organic
u_00001a0f,organic
u_00001a11,organic
u_00001a14,organic
u_00001a15,organic
u_00001a17,organic
u_00001a1a,organic
u_00001a1c,organic
u_00001a1d,organic
u_00001a1e,organic
u_00001a1f,organic
u_00001a20,organic
u_00001a22,organic
u_00001a24,organic
u_00001a27,organic
u_00001a28,organic
u_00001a29,organic
u_00001a2a,organic
u_00001a2d,organic
u_00001a2f,organic
u_00001a31,organic
u_00001a32,organic
u_00001a35,organic
u_00001a37,organic
u_00001a39,organic
u_00001a3b,organic
u_00001a3e,organic
u_00001a41,organic
u_00001a42,organic
u_00001a44,organic
u_00001a47,organic
u_00001a4a,organic
u_00001a4b,organic
u_00001a4c,organic
u_00001a4f,organic
u_00001a50,organic
u_00001a52,organic
u_00001a54,organic
u_00001a57,organic
u_00001a5a,organic
u_00001a5b,organic
u_00001a5e,organic
u_00001a60,organic
u_00001a61,organic
u_00001a64,organic
u_00001a67,organic
u_00001a68,organic
u_00001a69,organic
u_00001a6c,organic
u_00001a6d,organic
u_00001a70,organic
u_00001a73,organic
u_00001a75,organic
u_00001a78,organic
u_00001a79,organic
u_00001a7a,organic
u_00001a7d,organic
u_00001a7e,organic
u_00001a80,organic
u_00001a82,organic
u_00001a84,organic
u_00001a85,organic
u_00001a88,organic
u_00001a89,organic
u_00001a8a,organic
u_00001a8c,organic
u_00001a8e,organic
u_00001a90,organic
u_00001a92,organic
u_00001a95,organic
u_00001a97,organic
u_00001a99,organic
u_00001a9c,organic
u_00001a9e,organic
u_00001a9f,organic
u_00001aa1,organic
u_00001aa4,organic
u_00001aa7,organic
u_00001aa9,organic
u_00001aac,organic
u_00001aad,organic
u_00001aaf,organic
u_00001ab0,organic
u_00001ab3,organic
u_00001ab5,organic
u_00001ab8,organic
u_00001ab9,organic
u_00001abc,organic
u_00001abf,organic
u_00001ac0,organic
u_00001ac2,organic
u_00001ac4,organic
u_00001ac5,organic
u_00001ac8,organic
u_00001ac9,organic
u_00001aca,organic
u_00001acd,organic
u_00001ad0,organic
u_00001ad3,organic
u_00001ad4,organic
u_00001ad5,organic
u_00001ad8,organic
u_00001ad9,organic
u_00001ada,organic
u_00001adc,organic
u_00001ade,organic
u_00001ae0,organic
u_00001ae2,organic
u_00001ae3,organic
u_00001ae6,organic
u_00001ae8,organic
u_00001aea,organic
u_00001aeb,organic
u_00001aed,organic
u_00001aef,organic
u_00001af1,organic
u_00001af3,organic
u_00001af5,organic
u_00001af8,organic
u_00001afa,organic
u_00001afc,organic
u_00001afd,organic
u_00001afe,organic
u_00001aff,organic
u_00001b00,organic
u_00001b02,organic
u_00001b04,organic
u_00001b06,organic
u_00001b09,organic
u_00001b0b,organic
u_00001b0e,organic
u_00001b10,organic
u_00001b13,organic
u_00001b14,organic
u_00001b15,organic
u_00001b17,organic
u_00001b18,organic
u_00001b1a,organic
u_00001b1d,organic
u_00001b1e,organic
u_00001b21,organic
u_00001b24,organic
u_00001b25,organic
u_00001b26,organic
u_00001b28,organic
u_00001b29,organic
u_00001b2c,organic
u_00001b2e,organic
u_00001b2f,organic
u_00001b30,organic
u_00001b32,organic
u_00001b33,organic
u_00001b34,organic
u_00001b37,organic
u_00001b3a,organic
u_00001b3b,organic
u_00001b3d,organic
u_00001b3e,organic
u_00001b40,organic
u_00001b42,organic
u_00001b43,organic
u_00001b45,organic
u_00001b47,organic
u_00001b48,organic
u_00001b49,organic
u_00001b4c,organic
u_00001b4d,organic
u_00001b50,organic
u_00001b51,organic
u_00001b54,organic
u_00001b57,organic
u_00001b58,organic
u_00001b5a,organic
u_00001b5b,organic
u_00001b5d,organic
u_00001b60,organic
u_00001b62,organic
u_00001b65,organic
u_00001b67,organic
u_00001b69,organic
u_00001b6c,organic
u_00001b6f,organic
u_00001b71,organic
u_00001b72,organic
u_00001b74,organic
u_00001b76,organic
u_00001b79,organic
u_00001b7c,organic
u_00001b7e,organic
u_00001b80,organic
u_00001b83,organic
u_00001b86,organic
u_00001b89,organic
u_00001b8c,organic
u_00001b8f,organic
u_00001b91,organic
u_00001b94,organic
u_00001b96,organic
u_00001b99,organic
u_00001b9a,organic
u_00001b9b,organic
u_00001b9e,organic
u_00001b9f,organic
u_00001ba0,organic
u_00001ba2,organic
u_00001ba3,organic
u_00001ba5,organic
u_00001ba8,organic
u_00001ba9,organic
u_00001bab,organic
u_00001bac,organic
u_00001baf,organic
u_00001bb2,organic
u_00001bb3,organic
u_00001bb4,organic
u_00001bb6,organic
u_00001bb8,organic
u_00001bba,organic
u_00001bbc,organic
u_00001bbd,organic
u_00001bc0,organic
u_00001bc2,organic
u_00001bc4,organic
u_00001bc5,organic
u_00001bc8,organic
u_00001bca,organic
u_00001bcb,organic
u_00001bce,organic
u_00001bd1,organic
u_00001bd4,organic
u_00001bd5,organic
u_00001bd6,organic
u_00001bd9,organic
u_00001bda,organic
u_00001bdd,organic
u_00001bdf,organic
u_00001be1,organic
u_00001be3,organic
u_00001be4,organic
u_00001be7,organic
u_00001be9,organic
u_00001bec,organic
u_00001bee,organic
u_00001bef,organic
u_00001bf2,organic
u_00001bf4,organic
u_00001bf6,organic
u_00001bf7,organic
u_00001bf9,organic
u_00001bfa,organic
u_00001bfc,organic
u_00001bff,organic
u_00001c01,organic
u_00001c02,organic
u_00001c05,organic
u_00001c08,organic
u_00001c09,organic
u_00001c0b,organic
u_00001c0e,organic
u_00001c10,organic
u_00001c12,organic
u_00001c14,organic
u_00001c17,organic
u_00001c1a,organic
u_00001c1c,organic
u_00001c1d,organic
u_00001c20,organic
u_00001c22,organic
u_00001c25,organic
u_00001c28,organic
u_00001c29,organic
u_00001c2a,organic
u_00001c2b,organic
u_00001c2d,organic
u_00001c30,organic
u_00001c33,organic
u_00001c36,organic
u_00001c37,organic
u_00001c3a,organic
u_00001c3c,organic
u_00001c3d,organic
u_00001c3f,organic
u_00001c40,organic
u_00001c43,organic
u_00001c44,organic
u_00001c46,organic
u_00001c48,organic
u_00001c4b,organic
u_00001c4e,organic
u_00001c51,organic
u_00001c54,organic
u_00001c56,organic
u_00001c58,organic
u_00001c59,organic
u_00001c5a,organic
u_00001c5b,organic
u_00001c5e,organic
u_00001c5f,organic
u_00001c60,organic
u_00001c61,organic
u_00001c63,organic
u_00001c65,organic
u_00001c66,organic
u_00001c69,organic
u_00001c6c,organic
u_00001c6e,organic
u_00001c70,organic
u_00001c73,organic
u_00001c74,organic
u_00001c76,organic
u_00001c77,organic
u_00001c78,organic
u_00001c79,organic
u_00001c7c,organic
u_00001c7d,organic
u_00001c7e,organic
u_00001c80,organic
u_00001c83,organic
u_00001c84,organic
u_00001c87,organic
u_00001c88,organic
u_00001c8a,organic
u_00001c8c,organic
u_00001c8d,organic
u_00001c8f,organic
u_00001c90,organic
u_00001c92,organic
u_00001c95,organic
u_00001c96,organic
u_00001c98,organic
u_00001c99,organic
u_00001c9c,organic
u_00001c9d,organic
u_00001c9e,organic
u_00001ca0,organic
u_00001ca3,organic
u_00001ca6,organic
u_00001ca9,organic
u_00001cab,organic
u_00001cac,organic
u_00001caf,organic
u_00001cb2,organic
u_00001cb4,organic
u_00001cb7,organic
u_00001cb9,organic
u_00001cba,organic
u_00001cbd,organic
u_00001cc0,organic
u_00001cc3,organic
u_00001cc6,organic
u_00001cc7,organic
u_00001cca,organic
u_00001ccb,organic
u_00001ccd,organic
u_00001cd0,organic
u_00001cd2,organic
u_00001cd4,organic
u_00001cd7,organic
u_00001cd9,organic
u_00001cdc,organic
u_00001cde,organic
u_00001cdf,organic
u_00001ce1,organic
u_00001ce3,organic
u_00001ce6,organic
u_00001ce9,organic
u_00001cea,organic
u_00001ced,organic
u_00001cef,organic
u_00001cf0,organic
u_00001cf3,organic
u_00001cf4,organic
u_00001cf7,organic
u_00001cf9,organic
u_00001cfb,organic
u_00001cfd,organic
u_00001cfe,organic
u_00001d00,organic
u_00001d02,organic
u_00001d05,organic
u_00001d07,organic
u_00001d08,organic
u_00001d0b,organic
u_00001d0d,organic
u_00001d0f,organic
u_00001d10,organic
u_00001d13,organic
u_00001d16,organic
u_00001d19,organic
u_00001d1b,organic
u_00001d1c,organic
u_00001d1f,organic
u_00001d22,organic
u_00001d25,organic
u_00001d27,organic
u_00001d29,organic
u_00001d2b,organic
u_00001d2d,organic
u_00001d30,organic
u_00001d33,organic
u_00001d36,organic
u_00001d39,organic
u_00001d3a,organic
u_00001d3d,organic
u_00001d40,organic
u_00001d42,organic
u_00001d45,organic
u_00001d46,organic
u_00001d49,organic
u_00001d4b,organic
u_00001d4e,organic
u_00001d50,organic
u_00001d51,organic
u_00001d54,organic
u_00001d57,organic
u_00001d5a,organic
u_00001d5b,organic
u_00001d5e,organic
u_00001d60,organic
u_00001d61,organic
u_00001d63,organic
u_00001d64,organic
u_00001d66,organic
u_00001d69,organic
u_00001d6b,organic
u_00001d6d,organic
u_00001d70,organic
u_00001d73,organic
u_00001d75,organic
u_00001d77,organic
u_00001d78,organic
u_00001d79,organic
u_00001d7a,organic
u_00001d7b,organic
u_00001d7c,organic
u_00001d7f,organic
u_00001d80,organic
u_00001d83,organic
u_00001d86,organic
u_00001d87,organic
u_00001d8a,organic
u_00001d8d,organic
u_00001d8e,organic
u_00001d8f,organic
u_00001d92,organic
u_00001d94,organic
u_00001d95,organic
u_00001d96,organic
u_00001d97,organic
u_00001d9a,organic
u_00001d9d,organic
u_00001d9e,organic
u_00001da0,organic
u_00001da1,organic
u_00001da4,organic
u_00001da7,organic
u_00001daa,organic
u_00001dab,organic
u_00001dae,organic
u_00001db0,organic
u_00001db1,organic
u_00001db4,organic
u_00001db6,organic
u_00001db7,organic
u_00001dba,organic
u_00001dbd,organic
u_00001dbe,organic
u_00001dc1,organic
u_00001dc2,organic
u_00001dc4,organic
u_00001dc6,organic
u_00001dc8,organic
u_00001dcb,organic
u_00001dcc,organic
u_00001dce,organic
u_00001dcf,organic
u_00001dd0,organic
u_00001dd2,organic
u_00001dd5,organic
u_00001dd6,organic
u_00001dd7,organic
u_00001dd8,organic
u_00001dd9,organic
u_00001dda,organic
u_00001ddc,organic
u_00001ddf,organic
u_00001de2,organic
u_00001de3,organic
u_00001de4,organic
u_00001de5,organic
u_00001de6,organic
u_00001de8,organic
u_00001deb,organic
u_00001ded,organic
u_00001dee,organic
u_00001def,organic
u_00001df1,organic
u_00001df2,organic
u_00001df4,organic
u_00001df7,organic
u_00001df9,organic
u_00001dfa,organic
u_00001dfc,organic
u_00001dfd,organic
u_00001dfe,organic
u_00001dff,organic
u_00001e01,organic
u_00001e04,organic
u_00001e05,organic
u_00001e07,organic
u_00001e0a,organic
u_00001e0c,organic
u_00001e0d,organic
u_00001e0e,organic
u_00001e0f,organic
u_00001e11,organic
u_00001e14,organic
u_00001e17,organic
u_00001e18,organic
u_00001e19,organic
u_00001e1b,organic
u_00001e1e,organic
u_00001e20,organic
u_00001e22,organic
u_00001e23,organic
u_00001e25,organic
u_00001e28,organic
u_00001e29,organic
u_00001e2b,organic
u_00001e2e,organic
u_00001e31,organic
u_00001e33,organic
u_00001e36,organic
u_00001e38,organic
u_00001e3b,organic
u_00001e3e,organic
u_00001e3f,organic
u_00001e40,organic
u_00001e43,organic
u_00001e45,organic
u_00001e47,organic
u_00001e4a,organic
u_00001e4b,organic
u_00001e4d,organic
u_00001e4f,organic
u_00001e50,organic
u_00001e53,organic
u_00001e56,organic
u_00001e58,organic
u_00001e59,organic
u_00001e5b,organic
u_00001e5e,organic
u_00001e61,organic
u_00001e62,organic
u_00001e64,organic
u_00001e67,organic
u_00001e68,organic
u_00001e69,organic
u_00001e6a,organic
u_00001e6b,organic
u_00001e6e,organic
u_00001e71,organic
u_00001e74,organic
u_00001e77,organic
u_00001e79,organic
u_00001e7b,organic
u_00001e7c,organic
u_00001e7e,organic
u_00001e7f,organic
u_00001e80,organic
u_00001e82,organic
u_00001e83,organic
u_00001e84,organic
u_00001e87,organic
u_00001e89,organic
u_00001e8b,organic
u_00001e8e,organic
u_00001e91,organic
u_00001e94,organic
u_00001e96,organic
u_00001e98,organic
u_00001e99,organic
u_00001e9a,organic
u_00001e9d,organic
u_00001e9e,organic
u_00001e9f,organic
u_00001ea2,organic
u_00001ea4,organic
u_00001ea5,organic
u_00001ea6,organic
u_00001ea8,organic
u_00001ea9,organic
u_00001eac,organic
u_00001ead,organic
u_00001eb0,organic
u_00001eb2,organic
u_00001eb3,organic
u_00001eb5,organic
u_00001eb8,organic
u_00001eba,organic
u_00001ebb,organic
u_00001ebd,organic
u_00001ebf,organic
u_00001ec1,organic
u_00001ec3,organic
u_00001ec6,organic
u_00001ec8,organic
u_00001eca,organic
u_00001ecc,organic
u_00001ecd,organic
u_00001ed0,organic
u_00001ed2,organic
u_00001ed4,organic
u_00001ed5,organic
u_00001ed8,organic
u_00001eda,organic
u_00001edc,organic
u_00001edf,organic
u_00001ee1,organic
u_00001ee3,organic
u_00001ee6,organic
u_00001ee9,organic
u_00001eeb,organic
u_00001eee,organic
u_00001eef,organic
u_00001ef1,organic
u_00001ef4,organic
u_00001ef7,organic
u_00001ef9,organic
u_00001efb,organic
u_00001efc,organic
u_00001eff,organic
u_00001f01,organic
u_00001f02,organic
u_00001f05,organic
u_00001f06,organic
u_00001f09,organic
u_00001f0c,organic
u_00001f0d,organic
u_00001f0e,organic
u_00001f11,organic
u_00001f14,organic
u_00001f17,organic
u_00001f18,organic
u_00001f19,organic
u_00001f1c,organic
u_00001f1e,organic
u_00001f1f,organic
u_00001f21,organic
u_00001f24,organic
u_00001f27,organic
u_00001f28,organic
u_00001f2b,organic
u_00001f2d,organic
u_00001f30,organic
u_00001f31,organic
u_00001f33,organic
u_00001f34,organic
u_00001f35,organic
u_00001f37,organic
u_00001f38,organic
u_00001f39,organic
u_00001f3c,organic
u_00001f3d,organic
u_00001f3f,organic
u_00001f40,organic
u_00001f43,organic
u_00001f44,organic
u_00001f46,organic
u_00001f47,organic
u_00001f49,organic
u_00001f4a,organic
u_00001f4b,organic
u_00001f4e,organic
u_00001f4f,organic
u_00001f52,organic
u_00001f54,organic
u_00001f57,organic
u_00001f58,organic
u_00001f5a,organic
u_00001f5d,organic
u_00001f60,organic
u_00001f62,organic
u_00001f64,organic
u_00001f66,organic
u_00001f67,organic
u_00001f68,organic
u_00001f6a,organic
u_00001f6d,organic
u_00001f70,organic
u_00001f72,organic
u_00001f73,organic
u_00001f75,organic
u_00001f77,organic
u_00001f7a,organic
u_00001f7d,organic
u_00001f7e,organic
u_00001f7f,organic
u_00001f82,organic
u_00001f83,organic
u_00001f85,organic
u_00001f86,organic
u_00001f87,organic
u_00001f89,organic
u_00001f8b,organic
u_00001f8c,organic
u_00001f8f,organic
u_00001f92,organic
u_00001f94,organic
u_00001f95,organic
u_00001f96,organic
u_00001f99,organic
u_00001f9c,organic
u_00001f9e,organic
u_00001fa1,organic
u_00001fa2,organic
u_00001fa3,organic
u_00001fa4,organic
u_00001fa5,organic
u_00001fa6,organic
u_00001fa9,organic
u_00001faa,organic
u_00001fac,organic
u_00001fae,organic
u_00001fb1,organic
u_00001fb3,organic
u_00001fb6,organic
u_00001fb9,organic
u_00001fbc,organic
u_00001fbe,organic
u_00001fbf,organic
u_00001fc1,organic
u_00001fc4,organic
u_00001fc5,organic
u_00001fc7,organic
u_00001fca,organic
u_00001fcb,organic
u_00001fcd,organic
u_00001fce,organic
u_00001fcf,organic
u_00001fd0,organic
u_00001fd1,organic
u_00001fd2,organic
u_00001fd3,organic
u_00001fd6,organic
u_00001fd7,organic
u_00001fd8,organic
u_00001fda,organic
u_00001fdc,organic
u_00001fdd,organic
u_00001fe0,organic
u_00001fe3,organic
u_00001fe6,organic
u_00001fe8,organic
u_00001fe9,organic
u_00001feb,organic
u_00001fed,organic
u_00001fee,organic
u_00001ff1,organic
u_00001ff2,organic
u_00001ff5,organic
u_00001ff8,organic
u_00001ffb,organic
u_00001ffd,organic
u_00002000,organic
u_00002003,organic
u_00002005,organic
u_00002007,organic
u_00002008,organic
u_00002009,organic
u_0000200a,organic
u_0000200b,organic
u_0000200c,organic
u_0000200e,organic
u_00002011,organic
u_00002012,organic
u_00002014,organic
u_00002017,organic
u_00002018,organic
u_0000201a,organic
u_0000201d,organic
u_0000201f,organic
u_00002020,organic
u_00002023,organic
u_00002026,organic
u_00002028,organic
u_0000202a,organic
u_0000202b,organic
u_0000202d,organic
u_0000202f,organic
u_00002031,organic
u_00002033,organic
u_00002035,organic
u_00002036,organic
u_00002038,organic
u_0000203a,organic
u_0000203b,organic
u_0000203d,organic
u_00002040,organic
u_00002043,organic
u_00002046,organic
u_00002049,organic
u_0000204c,organic
u_0000204f,organic
u_00002051,organic
u_00002054,organic
u_00002056,organic
u_00002057,organic
u_0000205a,organic
u_0000205c,organic
u_0000205f,organic
u_00002061,organic
u_00002064,organic
u_00002065,organic
u_00002068,organic
u_0000206b,organic
u_0000206e,organic
u_0000206f,organic
u_00002071,organic
u_00002072,organic
u_00002075,organic
u_00002077,organic
u_00002079,organic
u_0000207a,organic
u_0000207c,organic
u_0000207f,organic
u_00002082,organic
u_00002084,organic
u_00002085,organic
u_00002086,organic
u_00002088,organic
u_0000208b,organic
u_0000208c,organic
u_0000208d,organic
u_0000208e,organic
u_00002090,organic
u_00002093,organic
u_00002094,organic
u_00002096,organic
u_00002099,organic
u_0000209c,organic
u_0000209f,organic
u_000020a2,organic
u_000020a3,organic
u_000020a4,organic
u_000020a7,organic
u_000020aa,organic
u_000020ad,organic
u_000020ae,organic
u_000020af,organic
u_000020b1,organic
u_000020b2,organic
u_000020b4,organic
u_000020b5,organic
u_000020b6,organic
u_000020b7,organic
u_000020b8,organic
u_000020b9,organic
u_000020bc,organic
u_000020bf,organic
u_000020c1,organic
u_000020c3,organic
u_000020c4,organic
u_000020c7,organic
u_000020c9,organic
u_000020cc,organic
u_000020cf,organic
u_000020d1,organic
u_000020d3,organic
u_000020d6,organic
u_000020d9,organic
u_000020da,organic
u_000020db,organic
u_000020dc,organic
u_000020de,organic
u_000020e0,organic
u_000020e3,organic
u_000020e5,organic
u_000020e8,organic
u_000020e9,organic
u_000020ec,organic
u_000020ef,organic
u_000020f0,organic
u_000020f2,organic
u_000020f5,organic
u_000020f7,organic
u_000020f9,organic
u_000020fb,organic
u_000020fd,organic
u_000020ff,organic
u_00002102,organic
u_00002105,organic
u_00002107,organic
u_0000210a,organic
u_0000210c,organic
u_0000210f,organic
u_00002110,organic
u_00002112,organic
u_00002113,organic
u_00002115,organic
u_00002117,organic
u_0000211a,organic
u_0000211b,organic
u_0000211c,organic
u_0000211f,organic
u_00002120,organic
u_00002123,organic
u_00002124,organic
u_00002125,organic
u_00002126,organic
u_00002128,organic
u_00002129,organic
u_0000212a,organic
u_0000212d,organic
u_0000212e,organic
u_00002130,organic
u_00002132,organic
u_00002133,organic
u_00002134,organic
u_00002135,organic
u_00002136,organic
u_00002137,organic
u_0000213a,organic
u_0000213d,organic
u_0000213e,organic
u_00002141,organic
u_00002142,organic
u_00002145,organic
u_00002146,organic
u_00002148,organic
u_00002149,organic
u_0000214b,organic
u_0000214d,organic
u_00002150,organic
u_00002151,organic
u_00002154,organic
u_00002156,organic
u_00002157,organic
u_00002159,organic
u_0000215c,organic
u_0000215e,organic
u_00002160,organic
u_00002161,organic
u_00002162,organic
u_00002164,organic
u_00002165,organic
u_00002167,organic
u_0000216a,organic
u_0000216c,organic
u_0000216d,organic
u_0000216f,organic
u_00002170,organic
u_00002172,organic
u_00002175,organic
u_00002177,organic
u_00002178,organic
u_0000217b,organic
u_0000217d,organic
u_00002180,organic
u_00002183,organic
u_00002186,organic
u_00002187,organic
u_00002188,organic
u_0000218a,organic
u_0000218d,organic
u_00002190,organic
u_00002192,organic
u_00002193,organic
u_00002194,organic
u_00002196,organic
u_00002198,organic
u_0000219b,organic
u_0000219e,organic
u_000021a1,organic
u_000021a3,organic
u_000021a5,organic
u_000021a7,organic
u_000021aa,organic
u_000021ad,organic
u_000021b0,organic
u_000021b2,organic
u_000021b3,organic
u_000021b6,organic
u_000021b7,organic
u_000021b9,organic
u_000021bc,organic
u_000021bf,organic
u_000021c0,organic
u_000021c2,organic
u_000021c5,organic
u_000021c6,organic
u_000021c7,organic
u_000021c8,organic
u_000021cb,organic
u_000021cd,organic
u_000021cf,organic
u_000021d1,organic
u_000021d3,organic
u_000021d5,organic
u_000021d6,organic
u_000021d7,organic
u_000021da,organic
u_000021db,organic
u_000021dc,organic
u_000021dd,organic
u_000021e0,organic
u_000021e3,organic
u_000021e6,organic
u_000021e7,organic
u_000021ea,organic
u_000021ec,organic
u_000021ee,organic
u_000021ef,organic
u_000021f2,organic
u_000021f5,organic
u_000021f8,organic
u_000021f9,organic
u_000021fc,organic
u_000021fe,organic
u_00002200,organic
u_00002203,organic
u_00002206,organic
u_00002207,organic
u_00002209,organic
u_0000220a,organic
u_0000220b,organic
u_0000220c,organic
u_0000220f,organic
u_00002210,organic
u_00002213,organic
u_00002216,organic
u_00002218,organic
u_0000221a,organic
u_0000221c,organic
u_0000221f,organic
u_00002222,organic
u_00002225,organic
u_00002227,organic
u_0000222a,organic
u_0000222d,organic
u_0000222f,organic
u_00002231,organic
u_00002232,organic
u_00002235,organic
u_00002237,organic
u_00002239,organic
u_0000223a,organic
u_0000223c,organic
u_0000223e,organic
u_00002241,organic
u_00002244,organic
u_00002246,organic
u_00002247,organic
u_00002249,organic
u_0000224a,organic
u_0000224d,organic
u_0000224e,organic
u_0000224f,organic
u_00002251,organic
u_00002253,organic
u_00002255,organic
u_00002258,organic
u_0000225a,organic
u_0000225b,organic
u_0000225c,organic
u_0000225f,organic
u_00002262,organic
u_00002264,organic
u_00002265,organic
u_00002268,organic
u_0000226b,organic
u_0000226e,organic
u_0000226f,organic
u_00002271,organic
u_00002274,organic
u_00002277,organic
u_0000227a,organic
u_0000227c,organic
u_0000227d,organic
u_0000227f,organic
u_00002281,organic
u_00002282,organic
u_00002285,organic
u_00002286,organic
u_00002288,organic
u_00002289,organic
u_0000228b,organic
u_0000228d,organic
u_0000228e,organic
u_00002290,organic
u_00002293,organic
u_00002294,organic
u_00002295,organic
u_00002296,organic
u_00002298,organic
u_0000229a,organic
u_0000229b,organic
u_0000229d,organic
u_0000229e,organic
u_000022a1,organic
u_000022a3,organic
u_000022a4,organic
u_000022a5,organic
u_000022a6,organic
u_000022a7,organic
u_000022a9,organic
u_000022ac,organic
u_000022ae,organic
u_000022b1,organic
u_000022b3,organic
u_000022b5,organic
u_000022b8,organic
u_000022b9,organic
u_000022ba,organic
u_000022bd,organic
u_000022c0,organic
u_000022c1,organic
u_000022c2,organic
u_000022c5,organic
u_000022c6,organic
u_000022c7,organic
u_000022c9,organic
u_000022cc,organic
u_000022cf,organic
u_000022d2,organic
u_000022d5,organic
u_000022d8,organic
u_000022d9,organic
u_000022dc,organic
u_000022df,organic
u_000022e2,organic
u_000022e4,organic
u_000022e6,organic
u_000022e8,organic
u_000022ea,organic
u_000022ed,organic
u_000022f0,organic
u_000022f2,organic
u_000022f3,organic
u_000022f6,organic
u_000022f8,organic
u_000022fa,organic
u_000022fd,organic
u_00002300,organic
u_00002302,organic
u_00002304,organic
u_00002307,organic
u_00002309,organic
u_0000230c,organic
u_0000230e,organic
u_00002311,organic
u_00002312,organic
u_00002315,organic
u_00002317,organic
u_00002319,organic
u_0000231b,organic
u_0000231e,organic
u_00002321,organic
u_00002323,organic
u_00002325,organic
u_00002326,organic
u_00002329,organic
u_0000232a,organic
u_0000232d,organic
u_0000232e,organic
u_0000232f,organic
u_00002331,organic
u_00002333,organic
u_00002334,organic
u_00002335,organic
u_00002336,organic
u_00002338,organic
u_0000233b,organic
u_0000233c,organic
u_0000233d,organic
u_0000233e,organic
u_0000233f,organic
u_00002342,organic
u_00002343,organic
u_00002344,organic
u_00002346,organic
u_00002347,organic
u_00002349,organic
u_0000234b,organic
u_0000234c,organic
u_0000234d,organic
u_0000234f,organic
u_00002350,organic
u_00002352,organic
u_00002354,organic
u_00002357,organic
u_0000235a,organic
u_0000235d,organic
u_00002360,organic
u_00002361,organic
u_00002363,organic
u_00002366,organic
u_00002367,organic
u_0000236a,organic
u_0000236b,organic
u_0000236e,organic
u_0000236f,organic
u_00002371,organic
u_00002374,organic
u_00002375,organic
u_00002376,organic
u_00002378,organic
u_00002379,organic
u_0000237b,organic
u_0000237c,organic
u_0000237f,organic
u_00002380,organic
u_00002381,organic
u_00002384,organic
u_00002386,organic
u_00002388,organic
u_00002389,organic
u_0000238a,organic
u_0000238d,organic
u_00002390,organic
u_00002393,organic
u_00002394,organic
u_00002395,organic
u_00002397,organic
u_00002398,organic
u_0000239b,organic
u_0000239d,organic
u_0000239f,organic
u_000023a2,organic
u_000023a3,organic
u_000023a5,organic
u_000023a8,organic
u_000023ab,organic
u_000023ae,organic
u_000023af,organic
u_000023b0,organic
u_000023b2,organic
u_000023b4,organic
u_000023b7,organic
u_000023b8,organic
u_000023ba,organic
u_000023bd,organic
u_000023c0,organic
u_000023c2,organic
u_000023c5,organic
u_000023c7,organic
u_000023ca,organic
u_000023cc,organic
u_000023ce,organic
u_000023d0,organic
u_000023d1,organic
u_000023d4,organic
u_000023d5,organic
u_000023d7,organic
u_000023da,organic
u_000023dd,organic
u_000023de,organic
u_000023df,organic
u_000023e2,organic
u_000023e3,organic
u_000023e4,organic
u_000023e6,organic
u_000023e8,organic
u_000023ea,organic
u_000023ec,organic
u_000023ee,organic
u_000023f0,organic
u_000023f3,organic
u_000023f4,organic
u_000023f7,organic
u_000023f9,organic
u_000023fb,organic
u_000023fd,organic
u_00002400,organic
u_00002402,organic
u_00002403,organic
u_00002405,organic
u_00002408,organic
u_00002409,organic
u_0000240a,organic
u_0000240b,organic
u_0000240e,organic
u_00002410,organic
u_00002412,organic
u_00002413,organic
u_00002414,organic
u_00002415,organic
u_00002418,organic
u_0000241b,organic
u_0000241e,organic
u_00002420,organic
u_00002421,organic
u_00002424,organic
u_00002427,organic
u_00002428,organic
u_0000242a,organic
u_0000242d,organic
u_00002430,organic
u_00002433,organic
u_00002434,organic
u_00002436,organic
u_00002439,organic
u_0000243c,organic
u_0000243d,organic
u_00002440,organic
u_00002443,organic
u_00002444,organic
u_00002445,organic
u_00002446,organic
u_00002448,organic
u_0000244b,organic
u_0000244e,organic
u_00002451,organic
u_00002454,organic
u_00002455,organic
u_00002457,organic
u_00002458,organic
u_0000245b,organic
u_0000245c,organic
u_0000245d,organic
u_0000245f,organic
u_00002462,organic
u_00002465,organic
u_00002466,organic
u_00002467,organic
u_00002469,organic
u_0000246a,organic
u_0000246b,organic
u_0000246d,organic
u_0000246e,organic
u_00002470,organic
u_00002472,organic
u_00002473,organic
u_00002476,organic
u_00002479,organic
u_0000247a,organic
u_0000247d,organic
u_00002480,organic
u_00002482,organic
u_00002484,organic
u_00002487,organic
u_00002488,organic
u_0000248b,organic
u_0000248d,organic
u_0000248f,organic
u_00002491,organic
u_00002494,organic
u_00002497,organic
u_0000249a,organic
u_0000249d,organic
u_0000249f,promo
u_000024a2,promo
u_000024a5,promo
u_000024a6,promo
u_000024a8,promo
u_000024ab,promo
u_000024ad,promo
u_000024b0,promo
u_000024b1,promo
u_000024b2,promo
u_000024b3,promo
u_000024b5,promo
u_000024b6,promo
u_000024b7,promo
u_000024b9,promo
u_000024bc,promo
u_000024be,promo
u_000024c1,promo
u_000024c2,promo
u_000024c4,promo
u_000024c5,promo
u_000024c6,promo
u_000024c7,promo
u_000024ca,promo
u_000024cb,promo
u_000024ce,promo
u_000024d0,promo
u_000024d1,promo
u_000024d3,promo
u_000024d5,promo
u_000024d6,promo
u_000024d9,promo
u_000024db,promo
u_000024de,promo
u_000024e1,promo
u_000024e2,promo
u_000024e5,promo
u_000024e8,promo
u_000024e9,promo
u_000024ea,promo
u_000024eb,promo
u_000024ec,promo
u_000024ef,promo
u_000024f1,promo
u_000024f2,promo
u_000024f3,promo
u_000024f6,promo
u_000024f8,promo
u_000024fb,promo
u_000024fd,promo
u_00002500,promo
u_00002503,promo
u_00002506,promo
u_00002509,promo
u_0000250c,promo
u_0000250e,promo
u_00002510,promo
u_00002511,promo
u_00002512,promo
u_00002515,promo
u_00002516,promo
u_00002517,promo
u_00002519,promo
u_0000251a,promo
u_0000251d,promo
u_00002520,promo
u_00002522,promo
u_00002525,promo
u_00002528,promo
u_0000252b,promo
u_0000252c,promo
u_0000252e,promo
u_0000252f,promo
u_00002532,promo
u_00002533,promo
u_00002536,promo
u_00002539,promo
u_0000253a,promo
u_0000253c,promo
u_0000253d,promo
u_0000253e,promo
u_0000253f,promo
u_00002540,promo
u_00002542,promo
u_00002545,promo
u_00002547,promo
u_00002548,promo
u_0000254b,promo
u_0000254c,promo
u_0000254e,promo
u_0000254f,promo
u_00002551,promo
u_00002554,promo
u_00002557,promo
u_0000255a,promo
u_0000255b,promo
u_0000255e,promo
u_00002561,promo
u_00002562,promo
u_00002564,promo
u_00002565,promo
u_00002566,promo
u_00002567,promo
u_00002569,promo
u_0000256a,promo
u_0000256b,promo
u_0000256c,promo
u_0000256d,promo
u_0000256f,promo
u_00002571,promo
u_00002572,promo
u_00002573,promo
u_00002575,promo
u_00002576,promo
u_00002579,promo
u_0000257b,promo
u_0000257c,promo
u_0000257f,promo
u_00002581,promo
u_00002583,promo
u_00002584,promo
u_00002586,promo
u_00002588,promo
u_0000258b,promo
u_0000258d,promo
u_0000258e,promo
u_00002591,promo
u_00002593,promo
u_00002596,promo
u_00002598,promo
u_00002599,promo
u_0000259c,promo
u_0000259e,promo
u_000025a1,promo
u_000025a4,promo
u_000025a7,promo
u_000025aa,promo
u_000025ac,promo
u_000025ae,promo
u_000025b0,promo
u_000025b3,promo
u_000025b6,promo
u_000025b9,promo
u_000025bc,promo
u_000025bd,promo
u_000025be,promo
u_000025c1,promo
u_000025c4,promo
u_000025c7,promo
u_000025c9,promo
u_000025cc,promo
u_000025cf,promo
u_000025d2,promo
u_000025d3,promo
u_000025d6,promo
u_000025d9,promo
u_000025dc,promo
u_000025df,promo
u_000025e0,promo
u_000025e2,promo
u_000025e3,promo
u_000025e6,promo
u_000025e8,promo
u_000025eb,promo
u_000025ed,promo
u_000025f0,promo
u_000025f3,promo
u_000025f4,promo
u_000025f7,promo
u_000025f8,promo
u_000025f9,promo
u_000025fc,promo
u_000025fd,promo
u_000025ff,promo
u_00002600,promo
u_00002601,promo
u_00002604,promo
u_00002606,promo
u_00002608,promo
u_0000260a,promo
u_0000260c,promo
u_0000260f,promo
u_00002610,promo
u_00002612,promo
u_00002615,promo
u_00002617,promo
u_00002619,promo
u_0000261c,promo
u_0000261e,promo
u_0000261f,promo
u_00002621,promo
u_00002622,promo
u_00002624,promo
u_00002625,promo
u_00002627,promo
u_00002629,promo
u_0000262b,promo
u_0000262c,promo
u_0000262d,promo
u_0000262e,promo
u_0000262f,promo
u_00002631,promo
u_00002632,promo
u_00002634,promo
u_00002636,promo
u_00002639,promo
u_0000263a,promo
u_0000263b,promo
u_0000263d,promo
u_00002640,promo
u_00002641,promo
u_00002644,promo
u_00002647,promo
u_00002648,promo
u_00002649,promo
u_0000264b,promo
u_0000264c,promo
u_0000264e,promo
u_00002650,promo
u_00002652,promo
u_00002655,promo
u_00002657,promo
u_00002658,promo
u_0000265a,promo
u_0000265b,promo
u_0000265d,promo
u_0000265f,promo
u_00002661,promo
u_00002664,promo
u_00002665,promo
u_00002668,promo
u_00002669,promo
u_0000266c,promo
u_0000266e,promo
u_0000266f,promo
u_00002672,promo
u_00002673,promo
u_00002676,promo
u_00002678,promo
u_0000267a,promo
u_0000267d,promo
u_0000267f,promo
u_00002681,promo
u_00002683,promo
u_00002686,promo
u_00002687,promo
u_00002688,promo
u_0000268b,promo
u_0000268c,promo
u_0000268e,promo
u_0000268f,promo
u_00002691,promo
u_00002693,promo
u_00002694,promo
u_00002696,promo
u_00002699,promo
u_0000269b,promo
u_0000269d,promo
u_000026a0,promo
u_000026a3,promo
u_000026a5,promo
u_000026a8,promo
u_000026aa,promo
u_000026ac,promo
u_000026ad,promo
u_000026ae,promo
u_000026b0,promo
u_000026b3,promo
u_000026b5,promo
u_000026b8,promo
u_000026bb,promo
u_000026bd,promo
u_000026be,promo
u_000026c0,promo
u_000026c1,promo
u_000026c2,promo
u_000026c3,promo
u_000026c6,promo
u_000026c8,promo
u_000026c9,promo
u_000026cc,promo
u_000026ce,promo
u_000026cf,promo
u_000026d1,promo
u_000026d2,promo
u_000026d3,promo
u_000026d6,promo
u_000026d9,promo
u_000026dc,promo
u_000026df,promo
u_000026e1,promo
u_000026e4,promo
u_000026e7,promo
u_000026e9,promo
u_000026eb,promo
u_000026ee,promo
u_000026ef,promo
u_000026f2,promo
u_000026f4,promo
u_000026f7,promo
u_000026f8,promo
u_000026f9,promo
u_000026fc,promo
u_000026fd,promo
u_000026fe,promo
u_000026ff,promo
u_00002702,promo
u_00002704,promo
u_00002706,promo
u_00002707,promo
u_00002708,promo
u_0000270a,promo
u_0000270b,promo
u_0000270e,promo
u_00002710,promo
u_00002711,promo
u_00002714,promo
u_00002717,promo
u_00002719,promo
u_0000271a,promo
u_0000271c,promo
u_0000271d,promo
u_00002720,promo
u_00002722,promo
u_00002723,promo
u_00002725,promo
u_00002726,promo
u_00002727,promo
u_00002729,promo
u_0000272a,promo
u_0000272c,promo
u_0000272d,promo
u_0000272e,promo
u_00002731,promo
u_00002732,promo
u_00002734,promo
u_00002735,promo
u_00002737,promo
u_00002738,promo
u_00002739,promo
u_0000273a,promo
u_0000273c,promo
u_0000273d,promo
u_00002740,promo
u_00002742,promo
u_00002745,promo
u_00002746,promo
u_00002747,promo
u_00002749,promo
u_0000274b,promo
u_0000274d,promo
u_0000274e,promo
u_00002750,promo
u_00002751,promo
u_00002754,promo
u_00002755,promo
u_00002757,promo
u_00002758,promo
u_00002759,promo
u_0000275a,promo
u_0000275b,promo
u_0000275e,promo
u_00002761,promo
u_00002762,promo
u_00002763,promo
u_00002766,promo
u_00002768,promo
u_0000276a,promo
u_0000276c,promo
u_0000276f,promo
u_00002771,promo
u_00002773,promo
u_00002774,promo
u_00002777,promo
u_00002778,promo
u_0000277b,promo
u_0000277c,promo
u_0000277e,promo
u_00002780,promo
u_00002783,promo
u_00002785,promo
u_00002787,promo
u_0000278a,promo
u_0000278c,promo
u_0000278d,promo
u_0000278e,promo
u_00002790,promo
u_00002793,promo
u_00002796,promo
u_00002798,promo
u_00002799,promo
u_0000279a,promo
u_0000279d,promo
u_0000279e,promo
u_0000279f,promo
u_000027a2,promo
u_000027a3,promo
u_000027a4,promo
u_000027a7,promo
u_000027aa,promo
u_000027ad,promo
u_000027b0,promo
u_000027b3,promo
u_000027b5,promo
u_000027b6,promo
u_000027b7,promo
u_000027b9,promo
u_000027ba,promo
u_000027bc,promo
u_000027bd,promo
u_000027be,promo
u_000027c1,promo
u_000027c3,promo
u_000027c6,promo
u_000027c9,promo
u_000027cb,promo
u_000027cc,promo
u_000027cd,promo
u_000027ce,promo
u_000027cf,promo
u_000027d0,promo
u_000027d2,promo
u_000027d5,promo
u_000027d7,promo
u_000027d8,promo
u_000027d9,promo
u_000027db,promo
u_000027dc,promo
u_000027df,promo
u_000027e2,promo
u_000027e4,promo
u_000027e7,promo
u_000027e9,promo
u_000027eb,promo
u_000027ed,promo
u_000027ee,promo
u_000027f1,promo
u_000027f4,promo
u_000027f7,promo
u_000027f8,promo
u_000027fa,promo
u_000027fb,promo
u_000027fe,promo
u_00002801,promo
u_00002802,promo
u_00002803,promo
u_00002804,promo
u_00002807,promo
u_00002808,promo
u_0000280b,promo
u_0000280e,promo
u_00002811,promo
u_00002814,promo
u_00002816,promo
u_00002818,promo
u_0000281b,promo
u_0000281e,promo
u_00002821,promo
u_00002823,promo
u_00002824,promo
u_00002825,promo
u_00002826,promo
u_00002829,promo
u_0000282c,promo
u_0000282f,promo
u_00002830,promo
u_00002832,promo
u_00002833,promo
u_00002834,promo
u_00002837,promo
u_0000283a,promo
u_0000283d,promo
u_0000283e,promo
u_00002841,promo
u_00002844,promo
u_00002847,promo
u_00002848,promo
u_00002849,promo
u_0000284a,promo
u_0000284c,promo
u_0000284f,promo
u_00002850,promo
u_00002851,promo
u_00002853,promo
u_00002854,promo
u_00002855,promo
u_00002858,promo
u_0000285a,promo
u_0000285d,promo
u_0000285e,promo
u_00002860,promo
u_00002863,promo
u_00002866,promo
u_00002867,promo
u_0000286a,promo
u_0000286d,promo
u_00002870,promo
u_00002871,promo
u_00002874,promo
u_00002876,promo
u_00002878,promo
u_00002879,promo
u_0000287c,promo
u_0000287e,promo
u_0000287f,promo
u_00002882,promo
u_00002883,promo
u_00002884,promo
u_00002886,promo
u_00002887,promo
u_00002889,promo
u_0000288a,promo
u_0000288b,promo
u_0000288e,promo
u_00002890,promo
u_00002891,promo
u_00002894,promo
u_00002896,promo
u_00002899,promo
u_0000289a,promo
u_0000289b,promo
u_0000289e,promo
u_0000289f,promo
u_000028a2,promo
u_000028a5,promo
u_000028a6,promo
u_000028a9,promo
u_000028ac,promo
u_000028af,promo
u_000028b2,promo
u_000028b5,promo
u_000028b6,promo
u_000028b9,promo
u_000028ba,promo
u_000028bc,promo
u_000028bd,promo
u_000028bf,promo
u_000028c0,promo
u_000028c1,promo
u_000028c3,promo
u_000028c5,promo
u_000028c7,promo
