subscription_id,user_id,started_at,canceled_at,plan_price_cents
s_00000001,u_000003ea,2026-05-05T15:54:17Z,2026-06-26T16:16:07Z,999
s_00000002,u_000003ec,2026-05-04T00:15:22Z,,999
s_00000003,u_000003ee,2026-05-05T04:00:11Z,2026-07-31T20:47:57Z,999
s_00000004,u_000003f4,2026-05-08T16:22:43Z,2026-06-01T13:47:30Z,999
s_00000005,u_000003f6,2026-05-04T18:50:36Z,2026-05-31T23:19:48Z,999
s_00000006,u_000003fc,2026-05-09T18:23:40Z,,999
s_00000007,u_00000400,2026-05-02T13:24:33Z,2026-08-07T16:55:00Z,999
s_00000008,u_00000403,2026-05-10T09:15:10Z,2026-06-04T21:18:47Z,999
s_00000009,u_0000040e,2026-05-07T08:31:35Z,2026-06-26T14:34:13Z,999
s_0000000a,u_00000416,2026-05-02T22:47:17Z,2026-08-06T11:43:10Z,999
s_0000000b,u_0000042b,2026-05-04T17:46:27Z,,999
s_0000000c,u_00000433,2026-05-07T18:48:24Z,2026-08-24T08:21:09Z,999
s_0000000d,u_00000436,2026-05-07T17:01:40Z,,999
s_0000000e,u_00000440,2026-05-04T13:17:47Z,2026-08-02T23:15:39Z,999
s_0000000f,u_00000448,2026-05-04T18:43:09Z,2026-08-08T08:53:07Z,999
s_00000010,u_0000044b,2026-05-07T17:42:58Z,2026-09-04T07:13:16Z,999
s_00000011,u_0000044d,2026-05-09T15:41:37Z,,999
s_00000012,u_00000454,2026-05-06T19:10:05Z,2026-07-06T20:19:05Z,999
s_00000013,u_00000456,2026-05-03T13:38:48Z,2026-05-05T08:33:36Z,999
s_00000014,u_0000045a,2026-05-02T21:10:53Z,2026-06-07T17:54:19Z,999
s_00000015,u_0000045b,2026-05-03T09:44:21Z,2026-07-10T20:57:33Z,999
s_00000016,u_00000463,2026-05-06T16:57:07Z,2026-05-10T20:04:51Z,999
s_00000017,u_00000468,2026-05-08T00:59:17Z,,999
s_00000018,u_00000469,2026-05-10T10:28:21Z,2026-08-12T06:21:08Z,999
s_00000019,u_00000476,2026-05-10T02:11:28Z,2026-05-18T10:36:26Z,999
s_0000001a,u_0000047b,2026-05-11T15:58:05Z,,999
s_0000001b,u_0000048b,2026-05-07T22:24:51Z,,999
s_0000001c,u_00000495,2026-05-08T19:56:06Z,2026-09-15T01:20:49Z,999
s_0000001d,u_0000049b,2026-05-03T22:40:59Z,2026-07-04T09:08:39Z,999
s_0000001e,u_0000049e,2026-05-06T05:44:29Z,2026-07-15T05:10:49Z,999
s_0000001f,u_000004a0,2026-05-08T16:03:04Z,2026-05-12T10:55:49Z,999
s_00000020,u_000004a5,2026-05-07T22:44:52Z,,999
s_00000021,u_000004a9,2026-05-10T18:33:02Z,2026-07-07T09:23:53Z,999
s_00000022,u_000004ae,2026-05-12T02:18:09Z,2026-05-22T06:54:40Z,999
s_00000023,u_000004ba,2026-05-12T11:22:59Z,2026-07-15T23:43:24Z,999
s_00000024,u_000004bc,2026-05-09T04:13:32Z,2026-06-25T07:59:21Z,999
s_00000025,u_000004be,2026-05-05T17:16:46Z,,999
s_00000026,u_000004c0,2026-05-10T04:17:20Z,2026-08-14T08:39:50Z,999
s_00000027,u_000004c9,2026-05-13T10:42:08Z,,999
s_00000028,u_000004cc,2026-05-06T02:59:54Z,2026-06-20T17:25:30Z,999
s_00000029,u_000004d0,2026-05-04T17:42:17Z,,999
s_0000002a,u_000004d8,2026-05-11T17:30:32Z,2026-09-10T09:08:39Z,999
s_0000002b,u_000004dc,2026-05-13T22:36:01Z,2026-06-28T08:40:23Z,999
s_0000002c,u_000004e1,2026-05-14T08:34:33Z,2026-05-25T10:58:57Z,999
s_0000002d,u_000004e3,2026-05-06T15:28:40Z,2026-06-09T21:23:04Z,999
s_0000002e,u_000004e8,2026-05-13T10:18:48Z,2026-05-19T12:25:23Z,999
s_0000002f,u_000004ec,2026-05-10T07:40:39Z,2026-05-18T13:25:51Z,999
s_00000030,u_000004ee,2026-05-15T00:56:03Z,2026-08-23T10:40:59Z,999
s_00000031,u_000004f7,2026-05-06T22:20:30Z,2026-06-03T19:43:01Z,999
s_00000032,u_000004f8,2026-05-13T22:39:00Z,2026-05-16T10:20:54Z,999
s_00000033,u_00000501,2026-05-15T01:18:55Z,2026-06-21T07:56:03Z,999
s_00000034,u_00000507,2026-05-09T07:50:08Z,2026-06-25T07:05:21Z,999
s_00000035,u_00000509,2026-05-12T16:59:37Z,2026-06-17T18:01:48Z,999
s_00000036,u_0000050e,2026-05-09T16:37:20Z,,999
s_00000037,u_0000050f,2026-05-07T19:08:55Z,2026-05-12T00:26:11Z,999
s_00000038,u_0000051a,2026-05-07T23:20:17Z,2026-05-29T12:09:55Z,999
s_00000039,u_0000051e,2026-05-13T17:01:19Z,2026-07-09T05:13:39Z,999
s_0000003a,u_00000526,2026-05-13T22:12:21Z,,999
s_0000003b,u_00000527,2026-05-10T12:44:25Z,2026-07-22T10:13:04Z,999
s_0000003c,u_0000052a,2026-05-06T13:00:52Z,2026-05-25T00:18:52Z,999
s_0000003d,u_0000052d,2026-05-16T05:49:35Z,2026-06-05T12:20:39Z,999
s_0000003e,u_00000533,2026-05-10T07:57:29Z,2026-05-13T17:50:42Z,999
s_0000003f,u_00000536,2026-05-15T11:01:27Z,2026-07-20T09:28:28Z,999
s_00000040,u_00000537,2026-05-15T15:40:25Z,2026-08-06T12:25:06Z,999
s_00000041,u_00000547,2026-05-15T02:58:43Z,2026-06-06T11:05:45Z,999
s_00000042,u_0000054f,2026-05-16T08:52:50Z,,999
s_00000043,u_00000562,2026-05-17T11:25:50Z,2026-06-26T04:55:26Z,999
s_00000044,u_00000565,2026-05-16T18:28:11Z,2026-06-02T21:55:26Z,999
s_00000045,u_00000566,2026-05-11T10:48:00Z,,999
s_00000046,u_00000569,2026-05-13T13:31:03Z,2026-07-18T07:33:07Z,999
s_00000047,u_0000056f,2026-05-08T07:27:30Z,2026-05-26T13:33:41Z,999
s_00000048,u_00000573,2026-05-13T17:53:40Z,2026-05-17T08:58:51Z,999
s_00000049,u_00000574,2026-05-08T07:29:06Z,2026-07-20T07:45:40Z,999
s_0000004a,u_00000577,2026-05-08T05:32:03Z,,999
s_0000004b,u_00000579,2026-05-16T08:00:50Z,2026-06-16T23:11:15Z,999
s_0000004c,u_0000057a,2026-05-11T03:42:58Z,,999
s_0000004d,u_00000586,2026-05-14T17:42:51Z,,999
s_0000004e,u_0000058a,2026-05-08T23:37:07Z,2026-07-29T12:50:50Z,999
s_0000004f,u_00000593,2026-05-16T13:10:31Z,2026-08-14T00:54:18Z,999
s_00000050,u_00000597,2026-05-18T17:48:56Z,2026-07-20T13:42:22Z,999
s_00000051,u_0000059b,2026-05-16T10:10:32Z,2026-07-07T10:33:37Z,999
s_00000052,u_0000059e,2026-05-14T02:42:01Z,,999
s_00000053,u_0000059f,2026-05-16T09:29:46Z,,999
s_00000054,u_000005a5,2026-05-11T04:50:09Z,2026-06-08T19:36:44Z,999
s_00000055,u_000005ab,2026-05-12T08:32:02Z,2026-06-18T22:00:53Z,999
s_00000056,u_000005b4,2026-05-17T11:34:59Z,,999
s_00000057,u_000005b7,2026-05-14T07:36:13Z,2026-08-01T18:54:17Z,999
s_00000058,u_000005bb,2026-05-17T07:11:29Z,2026-07-18T05:08:35Z,999
s_00000059,u_000005cf,2026-05-12T10:30:37Z,,999
s_0000005a,u_000005d1,2026-05-15T21:06:45Z,2026-08-05T21:23:52Z,999
s_0000005b,u_000005d3,2026-05-14T21:57:08Z,,999
s_0000005c,u_000005ed,2026-05-15T00:12:33Z,,999
s_0000005d,u_000005f7,2026-05-09T21:26:21Z,2026-06-18T19:15:32Z,999
s_0000005e,u_000005fa,2026-05-12T20:08:31Z,2026-08-12T21:12:12Z,999
s_0000005f,u_000005fc,2026-05-18T13:18:32Z,2026-05-27T04:00:53Z,999
s_00000060,u_000005fd,2026-05-13T11:51:19Z,2026-07-19T19:55:09Z,999
s_00000061,u_00000605,2026-05-12T18:21:46Z,,999
s_00000062,u_00000607,2026-05-17T04:15:00Z,2026-06-30T00:53:16Z,999
s_00000063,u_0000060d,2026-05-18T09:50:20Z,2026-05-24T09:29:01Z,999
s_00000064,u_0000060f,2026-05-12T09:51:44Z,2026-06-23T01:05:09Z,999
s_00000065,u_0000061b,2026-05-17T07:53:12Z,,999
s_00000066,u_0000061d,2026-05-18T21:46:15Z,2026-06-03T14:55:37Z,999
s_00000067,u_0000062a,2026-05-11T21:38:48Z,2026-08-29T11:54:55Z,999
s_00000068,u_00000634,2026-05-13T05:50:19Z,,999
s_00000069,u_0000063a,2026-05-19T18:03:40Z,2026-08-27T03:20:40Z,999
s_0000006a,u_0000063b,2026-05-19T11:56:45Z,2026-07-16T00:54:46Z,999
s_0000006b,u_0000063e,2026-05-14T05:16:39Z,,999
s_0000006c,u_00000647,2026-05-18T00:41:52Z,,999
s_0000006d,u_0000064a,2026-05-16T19:17:31Z,2026-06-19T09:40:16Z,999
s_0000006e,u_0000064f,2026-05-17T11:43:40Z,,999
s_0000006f,u_00000655,2026-05-13T17:28:00Z,2026-05-30T22:44:54Z,999
s_00000070,u_00000657,2026-05-16T16:20:05Z,2026-07-11T13:59:20Z,999
s_00000071,u_0000065a,2026-05-15T11:55:29Z,,999
s_00000072,u_0000065b,2026-05-13T12:05:48Z,2026-05-17T02:58:28Z,999
s_00000073,u_0000065d,2026-05-20T12:02:45Z,2026-08-16T02:53:52Z,999
s_00000074,u_0000065f,2026-05-13T11:04:47Z,2026-07-21T22:32:08Z,999
s_00000075,u_00000676,2026-05-12T13:29:37Z,,999
s_00000076,u_0000067c,2026-05-18T17:33:14Z,2026-08-14T16:51:34Z,999
s_00000077,u_0000067e,2026-05-18T19:25:04Z,2026-09-01T00:54:25Z,999
s_00000078,u_00000681,2026-05-22T07:56:58Z,2026-07-11T16:17:11Z,999
s_00000079,u_00000687,2026-05-15T05:01:24Z,2026-08-04T14:46:12Z,999
s_0000007a,u_0000068c,2026-05-13T20:49:06Z,2026-05-17T23:47:34Z,999
s_0000007b,u_00000690,2026-05-13T12:27:46Z,2026-08-16T18:22:48Z,999
s_0000007c,u_00000691,2026-05-13T00:13:24Z,,999
s_0000007d,u_00000694,2026-05-12T21:20:17Z,,999
s_0000007e,u_0000069d,2026-05-12T17:25:00Z,2026-05-24T04:48:56Z,999
s_0000007f,u_000006a0,2026-05-18T10:26:26Z,2026-07-09T08:54:34Z,999
s_00000080,u_000006aa,2026-05-14T09:29:34Z,2026-06-07T13:29:31Z,999
s_00000081,u_000006af,2026-05-18T23:20:33Z,2026-05-29T14:33:31Z,999
s_00000082,u_000006b1,2026-05-19T02:13:16Z,2026-06-01T19:28:00Z,999
s_00000083,u_000006b2,2026-05-20T07:55:11Z,,999
s_00000084,u_000006b5,2026-05-17T12:24:27Z,2026-08-18T19:21:46Z,999
s_00000085,u_000006b7,2026-05-14T05:00:33Z,2026-07-13T09:11:25Z,999
s_00000086,u_000006ba,2026-05-17T05:47:40Z,2026-08-21T13:16:46Z,999
s_00000087,u_000006bd,2026-05-19T07:19:43Z,2026-06-21T01:30:03Z,999
s_00000088,u_000006c3,2026-05-18T07:53:15Z,2026-09-06T06:37:16Z,999
s_00000089,u_000006c4,2026-05-22T07:38:30Z,2026-08-17T13:39:26Z,999
s_0000008a,u_000006c7,2026-05-19T15:42:16Z,2026-07-17T18:15:31Z,999
s_0000008b,u_000006d1,2026-05-14T06:43:24Z,2026-05-28T09:44:11Z,999
s_0000008c,u_000006d9,2026-05-16T04:04:44Z,2026-06-13T15:11:18Z,999
s_0000008d,u_000006de,2026-05-22T05:05:38Z,,999
s_0000008e,u_000006e0,2026-05-14T20:59:41Z,,999
s_0000008f,u_000006e2,2026-05-20T12:45:16Z,2026-06-08T14:57:36Z,999
s_00000090,u_000006e5,2026-05-19T04:43:56Z,2026-08-10T12:15:47Z,999
s_00000091,u_000006e7,2026-05-20T21:58:49Z,,999
s_00000092,u_000006e9,2026-05-23T20:49:56Z,2026-06-14T14:19:54Z,999
s_00000093,u_000006eb,2026-05-16T07:24:11Z,2026-08-22T02:42:02Z,999
s_00000094,u_000006f1,2026-05-17T15:08:12Z,2026-07-22T01:00:36Z,999
s_00000095,u_000006f2,2026-05-21T06:25:41Z,2026-06-03T02:47:07Z,999
s_00000096,u_000006f6,2026-05-15T15:41:56Z,,999
s_00000097,u_000006f7,2026-05-23T16:04:49Z,2026-08-09T00:57:30Z,999
s_00000098,u_000006fa,2026-05-17T12:58:07Z,,999
s_00000099,u_000006fb,2026-05-22T12:05:38Z,2026-08-18T17:54:20Z,999
s_0000009a,u_000006ff,2026-05-22T08:51:28Z,2026-08-02T14:32:11Z,999
s_0000009b,u_00000707,2026-05-15T14:48:27Z,,999
s_0000009c,u_00000708,2026-05-14T19:28:57Z,,999
s_0000009d,u_0000070b,2026-05-22T14:46:16Z,2026-08-19T19:25:00Z,999
s_0000009e,u_00000713,2026-05-17T12:20:11Z,2026-09-04T14:05:36Z,999
s_0000009f,u_00000717,2026-05-18T11:55:51Z,2026-06-15T04:18:54Z,999
s_000000a0,u_0000071c,2026-05-21T07:46:09Z,,999
s_000000a1,u_0000071e,2026-05-16T07:40:28Z,,999
s_000000a2,u_00000720,2026-05-18T16:19:13Z,,999
s_000000a3,u_00000722,2026-05-21T21:57:03Z,2026-07-23T12:02:31Z,999
s_000000a4,u_00000731,2026-05-20T20:26:29Z,2026-07-14T11:52:48Z,999
s_000000a5,u_00000734,2026-05-17T02:01:55Z,2026-07-14T05:38:07Z,999
s_000000a6,u_00000737,2026-05-16T01:44:07Z,2026-07-21T09:36:27Z,999
s_000000a7,u_00000739,2026-05-21T04:34:43Z,2026-07-12T07:47:21Z,999
s_000000a8,u_0000073b,2026-05-24T17:29:28Z,,999
s_000000a9,u_00000740,2026-05-22T22:03:23Z,2026-05-27T01:50:51Z,999
s_000000aa,u_00000742,2026-05-19T14:46:59Z,2026-09-09T00:08:21Z,999
s_000000ab,u_00000744,2026-05-24T18:10:09Z,2026-06-02T14:57:26Z,999
s_000000ac,u_0000074a,2026-05-16T14:37:45Z,2026-06-12T18:00:56Z,999
s_000000ad,u_00000757,2026-05-24T19:52:18Z,,999
s_000000ae,u_0000075b,2026-05-18T07:49:46Z,2026-08-14T05:19:22Z,999
s_000000af,u_00000763,2026-05-25T22:41:52Z,2026-07-20T06:12:49Z,999
s_000000b0,u_00000766,2026-05-21T16:56:53Z,,999
s_000000b1,u_0000076a,2026-05-20T16:37:12Z,2026-05-30T15:50:42Z,999
s_000000b2,u_00000770,2026-05-16T22:59:15Z,,999
s_000000b3,u_00000777,2026-05-23T03:58:00Z,,999
s_000000b4,u_00000780,2026-05-19T18:33:12Z,,999
s_000000b5,u_00000781,2026-05-25T05:43:02Z,,999
s_000000b6,u_00000788,2026-05-16T16:37:03Z,2026-07-10T08:28:30Z,999
s_000000b7,u_0000078a,2026-05-25T09:35:26Z,2026-07-26T12:56:25Z,999
s_000000b8,u_0000078b,2026-05-24T21:39:54Z,2026-07-03T16:32:31Z,999
s_000000b9,u_0000078c,2026-05-22T07:55:48Z,2026-08-07T06:56:17Z,999
s_000000ba,u_00000792,2026-05-22T01:42:44Z,2026-06-03T17:47:36Z,999
s_000000bb,u_00000798,2026-05-24T21:09:12Z,2026-06-29T15:01:05Z,999
s_000000bc,u_00000799,2026-05-23T17:57:53Z,2026-06-19T13:35:27Z,999
s_000000bd,u_0000079f,2026-05-18T00:37:39Z,2026-06-15T04:52:58Z,999
s_000000be,u_000007a1,2026-05-18T14:45:36Z,2026-05-22T01:22:08Z,999
s_000000bf,u_000007a8,2026-05-24T13:03:03Z,2026-06-03T20:11:05Z,999
s_000000c0,u_000007b5,2026-05-22T17:47:28Z,2026-05-31T21:58:03Z,999
s_000000c1,u_000007b7,2026-05-18T18:09:03Z,2026-07-03T14:57:18Z,999
s_000000c2,u_000007be,2026-05-24T12:05:18Z,2026-06-01T02:22:07Z,999
s_000000c3,u_000007c5,2026-05-23T04:19:23Z,2026-08-14T08:06:11Z,999
s_000000c4,u_000007c6,2026-05-22T16:16:34Z,2026-07-03T04:45:19Z,999
s_000000c5,u_000007c9,2026-05-24T21:15:26Z,2026-07-27T05:56:56Z,999
s_000000c6,u_000007cd,2026-05-22T11:14:52Z,2026-07-11T06:56:36Z,999
s_000000c7,u_000007d7,2026-05-17T16:29:36Z,,999
s_000000c8,u_000007dd,2026-05-21T09:10:53Z,2026-08-02T22:08:52Z,999
s_000000c9,u_000007e3,2026-05-19T12:57:10Z,2026-05-22T19:22:44Z,999
s_000000ca,u_000007e4,2026-05-23T13:15:43Z,2026-07-26T19:22:45Z,999
s_000000cb,u_000007ea,2026-05-22T11:18:13Z,2026-06-10T06:58:26Z,999
s_000000cc,u_000007ec,2026-05-26T03:52:51Z,2026-06-24T06:16:34Z,999
s_000000cd,u_000007ed,2026-05-28T12:14:10Z,2026-07-16T01:24:11Z,999
s_000000ce,u_000007ef,2026-05-25T11:52:25Z,2026-06-15T12:36:57Z,999
s_000000cf,u_000007f2,2026-05-22T10:52:11Z,2026-08-26T01:32:34Z,999
s_000000d0,u_000007f6,2026-05-23T12:22:25Z,2026-06-02T23:23:39Z,999
s_000000d1,u_000007f8,2026-05-27T06:41:40Z,2026-08-06T22:48:37Z,999
s_000000d2,u_00000813,2026-05-27T04:18:01Z,,999
s_000000d3,u_0000081f,2026-05-27T01:06:21Z,,999
s_000000d4,u_00000827,2026-05-20T06:34:42Z,2026-06-17T06:03:02Z,999
s_000000d5,u_00000830,2026-05-27T13:30:02Z,2026-06-30T03:01:22Z,999
s_000000d6,u_0000083b,2026-05-28T15:55:27Z,2026-06-07T23:20:40Z,999
s_000000d7,u_0000083e,2026-05-26T19:39:34Z,,999
s_000000d8,u_0000083f,2026-05-28T15:59:01Z,2026-07-09T09:05:04Z,999
s_000000d9,u_00000844,2026-05-27T15:50:06Z,,999
s_000000da,u_0000084c,2026-05-22T02:36:00Z,2026-09-01T01:16:55Z,999
s_000000db,u_0000084f,2026-05-25T00:34:07Z,2026-08-05T04:50:00Z,999
s_000000dc,u_00000855,2026-05-28T21:28:02Z,,999
s_000000dd,u_00000861,2026-05-27T16:28:27Z,2026-08-29T18:52:26Z,999
s_000000de,u_00000863,2026-05-25T15:49:46Z,,999
s_000000df,u_0000086e,2026-05-29T16:19:06Z,2026-07-22T01:43:39Z,999
s_000000e0,u_00000870,2026-05-22T11:56:16Z,2026-08-20T21:25:47Z,999
s_000000e1,u_00000876,2026-05-29T01:26:05Z,,999
s_000000e2,u_00000877,2026-05-23T13:35:18Z,2026-08-18T07:41:52Z,999
s_000000e3,u_00000879,2026-05-30T02:42:29Z,2026-07-30T12:16:41Z,999
s_000000e4,u_0000087e,2026-05-22T12:02:06Z,,999
s_000000e5,u_00000883,2026-05-20T04:00:50Z,2026-07-04T12:48:43Z,999
s_000000e6,u_00000886,2026-05-22T00:58:54Z,,999
s_000000e7,u_00000888,2026-05-29T04:01:27Z,2026-06-26T08:53:20Z,999
s_000000e8,u_00000890,2026-05-25T00:55:32Z,2026-05-27T20:22:52Z,999
s_000000e9,u_00000895,2026-05-22T18:08:28Z,2026-07-13T18:15:29Z,999
s_000000ea,u_00000898,2026-05-27T20:19:07Z,2026-06-20T09:07:36Z,999
s_000000eb,u_0000089b,2026-05-27T23:17:55Z,,999
s_000000ec,u_0000089f,2026-05-23T01:29:01Z,2026-07-10T02:56:56Z,999
s_000000ed,u_000008ad,2026-05-27T23:56:22Z,2026-08-27T04:13:44Z,999
s_000000ee,u_000008ae,2026-05-23T15:04:41Z,2026-06-01T13:08:13Z,999
s_000000ef,u_000008b1,2026-05-24T20:26:43Z,2026-06-06T04:14:12Z,999
s_000000f0,u_000008b2,2026-05-21T09:04:26Z,,999
s_000000f1,u_000008b4,2026-05-29T17:53:56Z,2026-07-18T00:01:32Z,999
s_000000f2,u_000008b9,2026-05-25T17:57:20Z,,999
s_000000f3,u_000008bd,2026-05-25T19:10:06Z,2026-06-24T05:45:07Z,999
s_000000f4,u_000008be,2026-05-23T23:25:34Z,2026-06-13T06:09:49Z,999
s_000000f5,u_000008c7,2026-05-28T23:03:08Z,2026-08-05T21:47:42Z,999
s_000000f6,u_000008ce,2026-05-22T20:30:47Z,2026-09-12T18:36:20Z,999
s_000000f7,u_000008d3,2026-05-27T07:10:31Z,2026-07-05T16:02:14Z,999
s_000000f8,u_000008d9,2026-05-30T01:38:43Z,2026-06-30T10:18:46Z,999
s_000000f9,u_000008dc,2026-05-31T21:13:13Z,,999
s_000000fa,u_000008df,2026-05-26T01:32:54Z,,999
s_000000fb,u_000008e0,2026-05-31T01:01:54Z,2026-06-05T11:54:57Z,999
s_000000fc,u_000008e1,2026-05-25T22:13:59Z,2026-06-03T16:20:48Z,999
s_000000fd,u_000008e4,2026-05-22T20:50:52Z,,999
s_000000fe,u_000008e5,2026-05-26T17:22:45Z,,999
s_000000ff,u_000008eb,2026-05-29T22:43:01Z,2026-06-05T10:14:00Z,999
s_00000100,u_000008f0,2026-05-29T06:34:21Z,2026-06-01T14:31:04Z,999
s_00000101,u_000008f6,2026-05-22T16:53:28Z,2026-09-12T17:20:56Z,999
s_00000102,u_00000901,2026-05-23T20:29:39Z,,999
s_00000103,u_00000904,2026-05-27T16:45:25Z,,999
s_00000104,u_00000907,2026-05-22T14:06:31Z,2026-06-23T01:49:41Z,999
s_00000105,u_0000090b,2026-05-31T23:44:26Z,,999
s_00000106,u_00000911,2026-05-23T12:46:22Z,2026-06-26T14:28:32Z,999
s_00000107,u_00000918,2026-05-25T03:29:00Z,2026-07-05T18:34:48Z,999
s_00000108,u_0000091b,2026-05-30T04:21:36Z,2026-07-30T17:58:09Z,999
s_00000109,u_0000091c,2026-05-30T12:13:45Z,2026-06-08T05:24:37Z,999
s_0000010a,u_0000091e,2026-05-31T03:27:47Z,2026-06-16T00:54:31Z,999
s_0000010b,u_0000092a,2026-05-25T07:38:52Z,2026-07-01T17:35:44Z,999
s_0000010c,u_0000092c,2026-05-28T02:59:14Z,2026-06-18T10:13:49Z,999
s_0000010d,u_00000933,2026-05-25T12:42:01Z,2026-06-18T20:20:40Z,999
s_0000010e,u_00000939,2026-05-23T04:31:32Z,,999
s_0000010f,u_00000949,2026-05-27T18:57:45Z,,999
s_00000110,u_0000094c,2026-05-26T23:24:30Z,2026-06-15T01:23:47Z,999
s_00000111,u_00000953,2026-06-01T23:27:43Z,2026-07-23T11:10:54Z,999
s_00000112,u_00000961,2026-05-25T16:31:24Z,2026-08-10T05:37:32Z,999
s_00000113,u_00000966,2026-05-30T17:25:49Z,2026-07-03T03:00:52Z,999
s_00000114,u_0000096e,2026-05-29T10:22:39Z,2026-07-07T18:04:22Z,999
s_00000115,u_00000979,2026-05-24T04:58:18Z,2026-06-09T06:13:12Z,999
s_00000116,u_0000097b,2026-06-02T03:57:40Z,2026-07-14T13:31:42Z,999
s_00000117,u_0000097e,2026-06-03T08:57:50Z,,999
s_00000118,u_00000980,2026-05-27T08:17:05Z,2026-07-29T11:33:41Z,999
s_00000119,u_00000986,2026-05-26T03:51:33Z,2026-06-08T13:37:37Z,999
s_0000011a,u_00000988,2026-05-28T21:14:39Z,,999
s_0000011b,u_0000098f,2026-05-25T21:31:30Z,,999
s_0000011c,u_0000099a,2026-05-25T01:24:22Z,2026-06-19T11:26:56Z,999
s_0000011d,u_0000099b,2026-06-01T21:50:01Z,,999
s_0000011e,u_0000099f,2026-05-28T20:10:05Z,2026-09-11T03:47:39Z,999
s_0000011f,u_000009a0,2026-05-31T20:01:10Z,2026-06-26T21:53:13Z,999
s_00000120,u_000009a1,2026-06-01T07:58:31Z,2026-07-02T03:53:25Z,999
s_00000121,u_000009a9,2026-05-25T03:33:41Z,2026-06-03T18:45:15Z,999
s_00000122,u_000009aa,2026-05-28T05:34:30Z,2026-06-25T14:01:43Z,999
s_00000123,u_000009ac,2026-05-25T05:13:32Z,,999
s_00000124,u_000009b0,2026-05-27T21:33:52Z,,999
s_00000125,u_000009b9,2026-05-26T16:35:56Z,2026-06-19T10:52:35Z,999
s_00000126,u_000009bb,2026-05-26T14:18:22Z,2026-08-23T01:37:49Z,999
s_00000127,u_000009bf,2026-06-02T16:07:24Z,2026-06-30T08:14:24Z,999
s_00000128,u_000009c2,2026-05-28T15:53:44Z,2026-05-30T14:35:56Z,999
s_00000129,u_000009cb,2026-05-25T09:11:44Z,2026-07-01T09:58:45Z,999
s_0000012a,u_000009cf,2026-06-01T15:20:35Z,,999
s_0000012b,u_000009d0,2026-05-31T23:55:34Z,2026-06-07T04:09:28Z,999
s_0000012c,u_000009d3,2026-06-02T11:23:17Z,,999
s_0000012d,u_000009d9,2026-06-01T11:10:03Z,,999
s_0000012e,u_000009dd,2026-06-03T02:53:33Z,2026-07-07T21:04:59Z,999
s_0000012f,u_000009e1,2026-05-26T12:21:36Z,2026-07-27T20:13:34Z,999
s_00000130,u_000009e5,2026-05-30T06:57:50Z,2026-08-29T20:59:56Z,999
s_00000131,u_000009ef,2026-06-01T12:28:56Z,2026-07-14T18:49:35Z,999
s_00000132,u_000009f4,2026-06-02T09:14:06Z,2026-07-07T14:30:49Z,999
s_00000133,u_000009f5,2026-05-30T03:08:46Z,2026-07-11T18:11:13Z,999
s_00000134,u_000009fa,2026-06-01T01:27:51Z,2026-09-07T07:06:42Z,999
s_00000135,u_000009fd,2026-06-04T04:14:11Z,,999
s_00000136,u_00000a02,2026-05-31T19:19:37Z,2026-08-25T21:44:34Z,999
s_00000137,u_00000a0b,2026-05-28T18:14:53Z,2026-06-12T12:00:21Z,999
s_00000138,u_00000a0d,2026-06-03T22:40:50Z,,999
s_00000139,u_00000a10,2026-05-27T18:34:55Z,2026-06-28T07:26:20Z,999
s_0000013a,u_00000a13,2026-05-30T22:36:27Z,2026-08-29T16:29:29Z,999
s_0000013b,u_00000a18,2026-05-28T18:53:13Z,2026-07-17T02:43:11Z,999
s_0000013c,u_00000a1a,2026-06-04T12:36:01Z,2026-07-20T05:59:33Z,999
s_0000013d,u_00000a1c,2026-06-06T10:57:22Z,2026-06-27T18:44:33Z,999
s_0000013e,u_00000a1f,2026-05-31T23:42:32Z,2026-08-25T11:40:40Z,999
s_0000013f,u_00000a21,2026-06-03T06:14:14Z,2026-08-07T07:16:09Z,999
s_00000140,u_00000a24,2026-06-04T02:54:32Z,2026-08-01T20:46:38Z,999
s_00000141,u_00000a27,2026-06-05T13:11:55Z,2026-07-25T19:52:09Z,999
s_00000142,u_00000a2c,2026-06-01T15:44:16Z,2026-08-25T16:01:19Z,999
s_00000143,u_00000a30,2026-06-04T20:44:44Z,2026-06-22T03:37:28Z,999
s_00000144,u_00000a32,2026-06-05T15:05:49Z,2026-06-23T02:28:58Z,999
s_00000145,u_00000a33,2026-05-30T23:32:56Z,2026-07-03T15:41:31Z,999
s_00000146,u_00000a36,2026-05-30T12:25:36Z,2026-06-21T10:33:45Z,999
s_00000147,u_00000a39,2026-05-31T09:37:33Z,2026-06-14T07:51:49Z,999
s_00000148,u_00000a3a,2026-06-05T22:12:59Z,,999
s_00000149,u_00000a3e,2026-05-31T23:25:40Z,,999
s_0000014a,u_00000a3f,2026-06-01T05:25:22Z,2026-07-26T10:46:42Z,999
s_0000014b,u_00000a48,2026-05-30T04:12:05Z,2026-07-10T20:16:30Z,999
s_0000014c,u_00000a4d,2026-06-06T04:05:15Z,2026-08-20T06:26:44Z,999
s_0000014d,u_00000a4f,2026-05-29T19:09:17Z,,999
s_0000014e,u_00000a5b,2026-06-02T21:07:59Z,2026-07-26T23:59:49Z,999
s_0000014f,u_00000a61,2026-05-28T16:43:14Z,,999
s_00000150,u_00000a66,2026-05-30T20:24:53Z,,999
s_00000151,u_00000a68,2026-06-02T10:14:14Z,,999
s_00000152,u_00000a6b,2026-05-31T09:14:36Z,,999
s_00000153,u_00000a6c,2026-05-31T18:20:04Z,2026-08-05T06:23:32Z,999
s_00000154,u_00000a71,2026-06-04T11:43:16Z,,999
s_00000155,u_00000a77,2026-06-01T01:34:19Z,,999
s_00000156,u_00000a79,2026-06-04T20:04:48Z,2026-09-08T08:59:30Z,999
s_00000157,u_00000a7d,2026-06-06T01:31:10Z,2026-07-16T19:26:30Z,999
s_00000158,u_00000a84,2026-06-03T00:33:48Z,2026-08-15T11:48:27Z,999
s_00000159,u_00000a88,2026-05-30T00:34:52Z,2026-08-28T05:39:00Z,999
s_0000015a,u_00000a89,2026-05-28T16:12:11Z,2026-06-28T06:24:37Z,999
s_0000015b,u_00000a8c,2026-06-02T03:48:12Z,2026-06-14T21:37:51Z,999
s_0000015c,u_00000a92,2026-05-31T07:40:38Z,2026-09-07T18:26:44Z,999
s_0000015d,u_00000a94,2026-05-30T13:17:45Z,2026-06-10T02:59:03Z,999
s_0000015e,u_00000a9d,2026-05-30T13:50:23Z,,999
s_0000015f,u_00000aa3,2026-05-30T06:36:51Z,2026-06-02T11:52:13Z,999
s_00000160,u_00000aa6,2026-06-07T16:10:48Z,2026-08-13T16:07:11Z,999
s_00000161,u_00000aab,2026-05-29T13:41:16Z,,999
s_00000162,u_00000aae,2026-06-02T19:19:00Z,2026-09-03T03:47:33Z,999
s_00000163,u_00000ab1,2026-05-31T12:59:29Z,2026-06-03T15:16:37Z,999
s_00000164,u_00000ab6,2026-06-07T09:39:04Z,2026-06-30T04:26:28Z,999
s_00000165,u_00000aba,2026-05-30T03:59:00Z,2026-06-04T09:04:05Z,999
s_00000166,u_00000abc,2026-05-30T08:47:03Z,2026-07-05T09:00:52Z,999
s_00000167,u_00000ac1,2026-06-01T01:28:24Z,,999
s_00000168,u_00000ac3,2026-06-01T17:59:01Z,2026-06-16T19:53:37Z,999
s_00000169,u_00000ac5,2026-06-03T02:09:19Z,,999
s_0000016a,u_00000ace,2026-06-08T22:37:48Z,2026-06-21T17:46:03Z,999
s_0000016b,u_00000ad4,2026-05-31T14:57:32Z,,999
s_0000016c,u_00000ae1,2026-06-08T01:52:44Z,,999
s_0000016d,u_00000aea,2026-06-03T11:31:00Z,2026-07-13T16:01:47Z,999
s_0000016e,u_00000aed,2026-06-03T07:10:27Z,2026-06-13T09:20:22Z,999
s_0000016f,u_00000af0,2026-05-30T16:47:32Z,2026-06-15T20:55:12Z,999
s_00000170,u_00000af3,2026-06-06T16:43:22Z,2026-07-30T08:50:44Z,999
s_00000171,u_00000af8,2026-06-08T21:03:17Z,2026-09-05T04:31:39Z,999
s_00000172,u_00000afb,2026-06-06T16:05:22Z,2026-06-20T09:52:22Z,999
s_00000173,u_00000afd,2026-06-07T01:50:59Z,2026-06-12T01:33:57Z,999
s_00000174,u_00000b04,2026-06-02T15:55:01Z,2026-06-10T08:40:40Z,999
s_00000175,u_00000b09,2026-06-02T02:46:38Z,2026-06-07T04:49:51Z,999
s_00000176,u_00000b0d,2026-06-04T09:05:42Z,2026-07-30T09:55:59Z,999
s_00000177,u_00000b0e,2026-06-10T11:23:37Z,2026-09-02T17:11:46Z,999
s_00000178,u_00000b13,2026-06-02T05:37:49Z,2026-07-25T18:06:43Z,999
s_00000179,u_00000b16,2026-06-08T01:26:52Z,2026-09-02T08:59:37Z,999
s_0000017a,u_00000b19,2026-05-31T19:46:42Z,2026-07-01T11:11:37Z,999
s_0000017b,u_00000b28,2026-06-09T16:40:53Z,,999
s_0000017c,u_00000b2a,2026-06-06T03:15:27Z,,999
s_0000017d,u_00000b31,2026-06-03T13:29:55Z,,999
s_0000017e,u_00000b39,2026-06-01T12:22:59Z,,999
s_0000017f,u_00000b40,2026-06-09T07:38:52Z,2026-07-08T19:59:26Z,999
s_00000180,u_00000b41,2026-06-03T01:39:16Z,,999
s_00000181,u_00000b49,2026-06-06T18:35:31Z,2026-06-24T21:55:30Z,999
s_00000182,u_00000b4b,2026-06-02T08:03:25Z,2026-06-30T00:34:23Z,999
s_00000183,u_00000b50,2026-06-10T04:44:06Z,2026-07-18T20:32:49Z,999
s_00000184,u_00000b51,2026-06-04T02:52:23Z,2026-06-12T13:29:47Z,999
s_00000185,u_00000b5a,2026-06-04T17:13:37Z,2026-06-06T14:06:47Z,999
s_00000186,u_00000b5e,2026-06-01T10:26:43Z,,999
s_00000187,u_00000b63,2026-06-05T02:00:25Z,2026-07-31T23:59:44Z,999
s_00000188,u_00000b66,2026-06-08T10:09:29Z,,999
s_00000189,u_00000b6d,2026-06-10T06:35:08Z,,999
s_0000018a,u_00000b70,2026-06-08T02:56:12Z,,999
s_0000018b,u_00000b71,2026-06-06T04:18:43Z,2026-07-08T08:53:53Z,999
s_0000018c,u_00000b76,2026-06-01T22:29:36Z,2026-06-14T01:38:15Z,999
s_0000018d,u_00000b79,2026-06-07T22:23:21Z,,999
s_0000018e,u_00000b7c,2026-06-09T13:35:50Z,,999
s_0000018f,u_00000b7f,2026-06-07T08:46:31Z,2026-07-13T00:43:19Z,999
s_00000190,u_00000b82,2026-06-02T19:07:36Z,2026-07-21T15:45:40Z,999
s_00000191,u_00000b88,2026-06-10T20:36:41Z,2026-07-04T22:17:02Z,999
s_00000192,u_00000b8b,2026-06-08T04:01:44Z,,999
s_00000193,u_00000b8e,2026-06-08T12:03:26Z,,999
s_00000194,u_00000b90,2026-06-11T19:20:38Z,2026-06-28T16:56:45Z,999
s_00000195,u_00000b96,2026-06-05T07:47:26Z,,999
s_00000196,u_00000b9a,2026-06-05T01:08:06Z,2026-06-11T09:19:38Z,999
s_00000197,u_00000b9c,2026-06-06T05:21:11Z,2026-09-14T07:57:06Z,999
s_00000198,u_00000ba1,2026-06-08T18:10:51Z,2026-06-10T14:52:58Z,999
s_00000199,u_00000ba4,2026-06-03T05:09:40Z,,999
s_0000019a,u_00000baa,2026-06-04T09:55:38Z,,999
s_0000019b,u_00000baf,2026-06-08T17:54:40Z,,999
s_0000019c,u_00000bb3,2026-06-03T10:32:13Z,2026-08-04T06:54:37Z,999
s_0000019d,u_00000bc0,2026-06-09T19:46:35Z,2026-07-10T20:52:20Z,999
s_0000019e,u_00000bc5,2026-06-06T19:31:25Z,2026-06-26T22:09:13Z,999
s_0000019f,u_00000bc7,2026-06-06T20:06:29Z,2026-06-19T07:56:43Z,999
s_000001a0,u_00000bca,2026-06-11T01:44:29Z,2026-08-06T11:17:03Z,999
s_000001a1,u_00000bd0,2026-06-09T09:00:19Z,2026-07-06T16:43:49Z,999
s_000001a2,u_00000bd4,2026-06-06T21:29:29Z,2026-06-30T06:41:29Z,999
s_000001a3,u_00000bd6,2026-06-05T12:33:27Z,,999
s_000001a4,u_00000bd8,2026-06-08T16:52:57Z,2026-07-29T01:43:56Z,999
s_000001a5,u_00000bdb,2026-06-03T12:20:09Z,,999
s_000001a6,u_00000bdd,2026-06-06T18:45:20Z,,999
s_000001a7,u_00000be1,2026-06-08T05:05:15Z,2026-09-07T09:35:43Z,999
s_000001a8,u_00000be6,2026-06-07T03:36:31Z,2026-08-23T02:01:12Z,999
s_000001a9,u_00000be8,2026-06-07T09:59:37Z,2026-06-11T08:40:39Z,999
s_000001aa,u_00000bed,2026-06-03T04:58:22Z,2026-07-06T15:37:28Z,999
s_000001ab,u_00000bf0,2026-06-10T04:02:55Z,2026-07-31T13:52:57Z,999
s_000001ac,u_00000bf4,2026-06-11T22:21:00Z,,999
s_000001ad,u_00000bf7,2026-06-13T02:51:06Z,2026-07-10T23:04:17Z,999
s_000001ae,u_00000bf8,2026-06-06T10:33:32Z,2026-08-22T14:03:35Z,999
s_000001af,u_00000c01,2026-06-06T09:40:44Z,2026-07-21T12:13:13Z,999
s_000001b0,u_00000c02,2026-06-09T04:15:27Z,2026-07-03T00:59:50Z,999
s_000001b1,u_00000c06,2026-06-11T08:19:49Z,2026-07-01T19:44:23Z,999
s_000001b2,u_00000c09,2026-06-10T21:38:30Z,2026-06-18T05:31:53Z,999
s_000001b3,u_00000c0c,2026-06-06T05:53:05Z,2026-06-20T05:52:12Z,999
s_000001b4,u_00000c0f,2026-06-08T09:23:49Z,,999
s_000001b5,u_00000c16,2026-06-10T17:25:58Z,2026-08-02T07:52:03Z,999
s_000001b6,u_00000c17,2026-06-07T21:42:22Z,,999
s_000001b7,u_00000c1a,2026-06-14T07:12:56Z,2026-07-04T08:42:50Z,999
s_000001b8,u_00000c25,2026-06-11T07:24:59Z,2026-08-13T21:40:09Z,999
s_000001b9,u_00000c29,2026-06-12T01:49:39Z,2026-06-15T12:40:21Z,999
s_000001ba,u_00000c2a,2026-06-13T06:58:58Z,,999
s_000001bb,u_00000c2e,2026-06-12T00:51:11Z,,999
s_000001bc,u_00000c33,2026-06-14T12:09:14Z,2026-06-24T18:07:09Z,999
s_000001bd,u_00000c34,2026-06-10T17:15:13Z,2026-08-06T22:06:35Z,999
s_000001be,u_00000c3b,2026-06-13T13:22:06Z,,999
s_000001bf,u_00000c3c,2026-06-09T03:27:54Z,,999
s_000001c0,u_00000c3f,2026-06-08T10:44:41Z,,999
s_000001c1,u_00000c41,2026-06-06T08:22:43Z,,999
s_000001c2,u_00000c48,2026-06-06T22:00:11Z,2026-08-12T02:21:55Z,999
s_000001c3,u_00000c49,2026-06-07T06:47:39Z,2026-06-09T23:35:20Z,999
s_000001c4,u_00000c4c,2026-06-14T09:27:43Z,2026-06-26T08:08:46Z,999
s_000001c5,u_00000c59,2026-06-09T11:32:53Z,2026-07-04T10:06:01Z,999
s_000001c6,u_00000c5d,2026-06-10T10:18:32Z,2026-07-12T16:42:59Z,999
s_000001c7,u_00000c5e,2026-06-10T10:49:01Z,,999
s_000001c8,u_00000c61,2026-06-11T17:49:43Z,2026-09-01T08:48:38Z,999
s_000001c9,u_00000c67,2026-06-07T09:26:51Z,2026-06-17T13:54:06Z,999
s_000001ca,u_00000c68,2026-06-14T07:00:32Z,2026-07-06T01:06:54Z,999
s_000001cb,u_00000c6b,2026-06-11T17:27:09Z,2026-09-07T06:47:35Z,999
s_000001cc,u_00000c6d,2026-06-09T11:06:18Z,2026-09-09T07:40:15Z,999
s_000001cd,u_00000c6f,2026-06-12T09:28:33Z,,999
s_000001ce,u_00000c76,2026-06-10T12:51:27Z,2026-07-08T22:03:52Z,999
s_000001cf,u_00000c79,2026-06-07T12:02:56Z,2026-07-15T08:11:34Z,999
s_000001d0,u_00000c7d,2026-06-06T06:48:16Z,2026-07-09T00:21:03Z,999
s_000001d1,u_00000c82,2026-06-12T07:14:06Z,2026-06-23T05:02:33Z,999
s_000001d2,u_00000c87,2026-06-08T21:35:00Z,,999
s_000001d3,u_00000c9c,2026-06-08T20:51:34Z,2026-08-28T12:13:39Z,999
s_000001d4,u_00000c9f,2026-06-15T05:47:30Z,,999
s_000001d5,u_00000ca9,2026-06-14T16:34:12Z,2026-08-03T17:43:49Z,999
s_000001d6,u_00000cad,2026-06-08T09:18:37Z,,999
s_000001d7,u_00000cb6,2026-06-07T15:14:48Z,,999
s_000001d8,u_00000cb9,2026-06-16T04:24:54Z,,999
s_000001d9,u_00000cca,2026-06-16T15:12:36Z,,999
s_000001da,u_00000ccf,2026-06-13T23:02:43Z,,999
s_000001db,u_00000cd0,2026-06-13T01:16:47Z,2026-06-21T07:20:14Z,999
s_000001dc,u_00000cd4,2026-06-14T08:51:12Z,2026-07-15T00:38:00Z,999
s_000001dd,u_00000cd7,2026-06-16T17:06:17Z,,999
s_000001de,u_00000cdf,2026-06-08T15:50:58Z,2026-07-01T02:43:29Z,999
s_000001df,u_00000ce2,2026-06-11T04:38:31Z,2026-06-28T11:36:13Z,999
s_000001e0,u_00000cf0,2026-06-13T16:55:10Z,2026-09-10T08:42:09Z,999
s_000001e1,u_00000cf7,2026-06-17T04:38:37Z,2026-07-07T15:44:40Z,999
s_000001e2,u_00000cfa,2026-06-17T08:26:28Z,,999
s_000001e3,u_00000cfd,2026-06-14T00:08:07Z,2026-06-25T11:02:16Z,999
s_000001e4,u_00000cfe,2026-06-17T10:38:56Z,,999
s_000001e5,u_00000d0a,2026-06-09T23:11:35Z,,999
s_000001e6,u_00000d0c,2026-06-13T10:20:05Z,,999
s_000001e7,u_00000d17,2026-06-09T19:31:38Z,2026-07-02T07:03:12Z,999
s_000001e8,u_00000d19,2026-06-12T19:54:33Z,2026-06-15T23:23:30Z,999
s_000001e9,u_00000d1a,2026-06-11T07:25:52Z,2026-07-30T23:38:09Z,999
s_000001ea,u_00000d1d,2026-06-17T15:45:04Z,2026-08-26T12:04:06Z,999
s_000001eb,u_00000d20,2026-06-15T22:22:28Z,,999
s_000001ec,u_00000d27,2026-06-19T07:43:16Z,2026-08-21T07:30:10Z,999
s_000001ed,u_00000d28,2026-06-16T06:40:23Z,2026-08-19T18:40:13Z,999
s_000001ee,u_00000d2a,2026-06-13T09:44:51Z,,999
s_000001ef,u_00000d2f,2026-06-19T00:15:14Z,2026-08-08T02:15:01Z,999
s_000001f0,u_00000d37,2026-06-13T06:41:47Z,,999
s_000001f1,u_00000d43,2026-06-11T00:44:59Z,2026-08-05T12:59:06Z,999
s_000001f2,u_00000d48,2026-06-11T09:44:41Z,2026-06-23T01:02:58Z,999
s_000001f3,u_00000d58,2026-06-11T04:26:36Z,,999
s_000001f4,u_00000d62,2026-06-10T16:13:51Z,2026-08-11T10:52:20Z,999
s_000001f5,u_00000d63,2026-06-13T18:29:32Z,2026-07-24T09:32:38Z,999
s_000001f6,u_00000d6a,2026-06-15T10:55:05Z,2026-07-24T19:59:32Z,999
s_000001f7,u_00000d71,2026-06-15T11:24:11Z,,999
s_000001f8,u_00000d7e,2026-06-11T14:41:07Z,2026-07-17T22:07:20Z,999
s_000001f9,u_00000d7f,2026-06-19T03:24:32Z,,999
s_000001fa,u_00000d80,2026-06-16T17:05:27Z,,999
s_000001fb,u_00000d8a,2026-06-13T11:47:56Z,,999
s_000001fc,u_00000d91,2026-06-14T18:06:11Z,,999
s_000001fd,u_00000d92,2026-06-13T01:48:24Z,2026-06-20T09:39:53Z,999
s_000001fe,u_00000d96,2026-06-19T02:33:26Z,2026-07-05T05:47:48Z,999
s_000001ff,u_00000d9a,2026-06-21T02:01:35Z,2026-06-23T17:08:02Z,999
s_00000200,u_00000d9d,2026-06-17T00:07:20Z,2026-08-04T13:05:52Z,999
s_00000201,u_00000da0,2026-06-18T12:34:13Z,,999
s_00000202,u_00000da2,2026-06-16T05:42:16Z,2026-08-11T13:02:50Z,999
s_00000203,u_00000dac,2026-06-14T20:31:32Z,2026-08-08T14:29:47Z,999
s_00000204,u_00000dae,2026-06-21T15:25:43Z,2026-09-04T06:29:13Z,999
s_00000205,u_00000db6,2026-06-20T03:08:38Z,2026-08-01T12:16:52Z,999
s_00000206,u_00000dbb,2026-06-11T21:46:32Z,2026-07-05T14:55:18Z,999
s_00000207,u_00000dbe,2026-06-15T20:09:07Z,,999
s_00000208,u_00000dc0,2026-06-19T11:00:17Z,2026-07-01T13:29:09Z,999
s_00000209,u_00000dc3,2026-06-16T11:52:56Z,2026-09-07T03:17:29Z,999
s_0000020a,u_00000dc5,2026-06-12T11:56:37Z,2026-07-15T04:56:56Z,999
s_0000020b,u_00000dd1,2026-06-16T08:10:37Z,,999
s_0000020c,u_00000dd3,2026-06-19T03:05:05Z,2026-08-05T05:01:39Z,999
s_0000020d,u_00000ddc,2026-06-16T01:32:19Z,2026-06-27T19:43:23Z,999
s_0000020e,u_00000dde,2026-06-22T02:14:32Z,,999
s_0000020f,u_00000ddf,2026-06-16T03:30:18Z,2026-06-28T14:23:43Z,999
s_00000210,u_00000de2,2026-06-17T04:13:46Z,,999
s_00000211,u_00000de5,2026-06-22T05:49:34Z,2026-07-28T14:42:55Z,999
s_00000212,u_00000de9,2026-06-18T18:08:43Z,,999
s_00000213,u_00000def,2026-06-13T02:49:02Z,2026-08-06T00:00:08Z,999
s_00000214,u_00000df1,2026-06-16T14:36:48Z,2026-07-19T23:19:42Z,999
s_00000215,u_00000df4,2026-06-15T06:41:13Z,2026-07-31T12:36:06Z,999
s_00000216,u_00000df6,2026-06-15T15:30:35Z,,999
s_00000217,u_00000dfa,2026-06-15T13:55:04Z,2026-08-29T19:00:11Z,999
s_00000218,u_00000dfd,2026-06-18T23:52:12Z,2026-08-16T17:26:19Z,999
s_00000219,u_00000dff,2026-06-20T23:51:49Z,,999
s_0000021a,u_00000e04,2026-06-20T12:20:14Z,2026-07-28T10:14:05Z,999
s_0000021b,u_00000e08,2026-06-15T19:21:45Z,,999
s_0000021c,u_00000e09,2026-06-20T12:13:52Z,2026-08-13T18:51:30Z,999
s_0000021d,u_00000e0d,2026-06-16T14:24:12Z,2026-08-13T10:17:30Z,999
s_0000021e,u_00000e12,2026-06-14T21:59:58Z,,999
s_0000021f,u_00000e13,2026-06-20T06:17:03Z,2026-06-21T22:43:03Z,999
s_00000220,u_00000e19,2026-06-13T19:57:41Z,2026-08-21T19:09:01Z,999
s_00000221,u_00000e1c,2026-06-21T03:38:28Z,2026-06-24T16:38:22Z,999
s_00000222,u_00000e1f,2026-06-22T05:39:13Z,2026-08-11T21:23:21Z,999
s_00000223,u_00000e23,2026-06-14T18:46:18Z,2026-07-08T19:04:17Z,999
s_00000224,u_00000e2d,2026-06-23T09:10:31Z,,999
s_00000225,u_00000e2f,2026-06-20T17:06:04Z,,999
s_00000226,u_00000e31,2026-06-18T20:33:59Z,2026-09-10T10:05:07Z,999
s_00000227,u_00000e45,2026-06-21T06:07:24Z,,999
s_00000228,u_00000e49,2026-06-14T20:20:04Z,,999
s_00000229,u_00000e4d,2026-06-22T09:27:33Z,2026-09-08T13:31:02Z,999
s_0000022a,u_00000e54,2026-06-18T01:43:55Z,2026-07-10T15:30:50Z,999
s_0000022b,u_00000e56,2026-06-15T02:20:14Z,2026-08-03T23:57:43Z,999
s_0000022c,u_00000e5b,2026-06-16T19:31:00Z,2026-07-01T15:02:48Z,999
s_0000022d,u_00000e60,2026-06-23T11:09:59Z,2026-08-15T20:12:56Z,999
s_0000022e,u_00000e65,2026-06-24T00:26:16Z,,999
s_0000022f,u_00000e6f,2026-06-19T19:14:17Z,2026-07-13T10:45:45Z,999
s_00000230,u_00000e76,2026-06-20T15:52:49Z,2026-08-23T03:43:45Z,999
s_00000231,u_00000e7b,2026-06-16T21:29:47Z,,999
s_00000232,u_00000e7f,2026-06-16T02:45:35Z,,999
s_00000233,u_00000e82,2026-06-16T09:26:22Z,2026-07-30T16:06:10Z,999
s_00000234,u_00000e84,2026-06-20T19:05:48Z,2026-08-17T21:56:41Z,999
s_00000235,u_00000e86,2026-06-23T20:34:31Z,,999
s_00000236,u_00000e88,2026-06-23T16:45:04Z,,999
s_00000237,u_00000e93,2026-06-20T19:13:01Z,2026-07-02T18:13:52Z,999
s_00000238,u_00000e98,2026-06-20T15:31:46Z,,999
s_00000239,u_00000e9b,2026-06-23T04:11:22Z,2026-06-30T10:06:37Z,999
s_0000023a,u_00000e9e,2026-06-21T08:06:58Z,,999
s_0000023b,u_00000ea0,2026-06-20T16:45:43Z,,999
s_0000023c,u_00000ea3,2026-06-16T07:11:02Z,2026-08-04T12:11:56Z,999
s_0000023d,u_00000ea5,2026-06-19T14:58:11Z,2026-06-29T17:36:27Z,999
s_0000023e,u_00000ea7,2026-06-22T22:42:40Z,,999
s_0000023f,u_00000eab,2026-06-17T14:00:21Z,2026-07-14T09:44:51Z,999
s_00000240,u_00000eac,2026-06-22T18:38:18Z,,999
s_00000241,u_00000ead,2026-06-19T07:16:04Z,2026-07-17T10:38:50Z,999
s_00000242,u_00000eb0,2026-06-25T12:52:14Z,2026-07-03T11:26:58Z,999
s_00000243,u_00000eb3,2026-06-25T21:03:11Z,2026-07-28T09:03:16Z,999
s_00000244,u_00000ebc,2026-06-18T14:52:45Z,2026-09-05T21:17:52Z,999
s_00000245,u_00000ebf,2026-06-20T22:43:51Z,,999
s_00000246,u_00000ec0,2026-06-21T14:05:12Z,,999
s_00000247,u_00000ec3,2026-06-21T05:45:15Z,2026-08-04T04:13:21Z,999
s_00000248,u_00000ec4,2026-06-23T20:24:30Z,,999
s_00000249,u_00000ec7,2026-06-23T13:34:36Z,2026-06-30T05:56:27Z,999
s_0000024a,u_00000ecc,2026-06-24T16:51:01Z,2026-07-09T09:11:38Z,999
s_0000024b,u_00000ecf,2026-06-20T21:37:23Z,2026-09-05T00:50:18Z,999
s_0000024c,u_00000ed0,2026-06-20T16:12:49Z,2026-08-17T06:41:20Z,999
s_0000024d,u_00000ed2,2026-06-20T21:12:02Z,2026-07-09T14:08:17Z,999
s_0000024e,u_00000ed4,2026-06-17T11:45:10Z,2026-07-15T17:30:27Z,999
s_0000024f,u_00000ed6,2026-06-22T12:56:59Z,2026-07-27T15:26:43Z,999
s_00000250,u_00000ed7,2026-06-26T08:56:22Z,2026-07-09T10:50:32Z,999
s_00000251,u_00000ed9,2026-06-23T02:48:26Z,2026-07-30T15:11:35Z,999
s_00000252,u_00000edc,2026-06-22T15:36:41Z,2026-07-16T20:43:23Z,999
s_00000253,u_00000ee3,2026-06-21T05:41:59Z,2026-09-09T17:39:02Z,999
s_00000254,u_00000eef,2026-06-22T08:37:54Z,,999
s_00000255,u_00000ef1,2026-06-25T19:59:16Z,2026-07-02T03:31:54Z,999
s_00000256,u_00000ef3,2026-06-19T10:24:12Z,2026-08-25T06:16:08Z,999
s_00000257,u_00000ef5,2026-06-17T09:07:50Z,2026-08-17T08:04:26Z,999
s_00000258,u_00000efa,2026-06-26T15:55:19Z,2026-07-22T02:33:07Z,999
s_00000259,u_00000efd,2026-06-24T03:12:24Z,,999
s_0000025a,u_00000f01,2026-06-19T21:03:36Z,,999
s_0000025b,u_00000f02,2026-06-18T11:07:58Z,2026-07-21T23:03:24Z,999
s_0000025c,u_00000f03,2026-06-21T08:33:45Z,,999
s_0000025d,u_00000f04,2026-06-24T10:48:36Z,2026-09-13T02:46:45Z,999
s_0000025e,u_00000f0c,2026-06-20T10:55:45Z,,999
s_0000025f,u_00000f0f,2026-06-18T04:34:18Z,2026-07-03T08:49:19Z,999
s_00000260,u_00000f13,2026-06-21T00:05:23Z,2026-09-04T15:14:15Z,999
s_00000261,u_00000f16,2026-06-21T19:11:14Z,2026-08-01T21:14:17Z,999
s_00000262,u_00000f17,2026-06-24T06:45:22Z,,999
s_00000263,u_00000f1a,2026-06-25T07:32:49Z,,999
s_00000264,u_00000f21,2026-06-24T01:10:15Z,2026-07-20T06:08:35Z,999
s_00000265,u_00000f24,2026-06-21T07:29:34Z,,999
s_00000266,u_00000f27,2026-06-18T17:54:49Z,2026-07-19T08:51:27Z,999
s_00000267,u_00000f28,2026-06-21T23:24:42Z,2026-09-07T01:37:54Z,999
s_00000268,u_00000f2a,2026-06-26T18:56:24Z,2026-07-12T12:35:25Z,999
s_00000269,u_00000f36,2026-06-24T23:18:36Z,,999
s_0000026a,u_00000f37,2026-06-27T18:14:19Z,,999
s_0000026b,u_00000f3a,2026-06-18T18:56:38Z,2026-07-09T02:01:58Z,999
s_0000026c,u_00000f3d,2026-06-20T01:00:46Z,,999
s_0000026d,u_00000f3e,2026-06-19T02:29:55Z,2026-06-28T13:55:41Z,999
s_0000026e,u_00000f40,2026-06-25T08:33:40Z,,999
s_0000026f,u_00000f44,2026-06-21T23:36:50Z,,999
s_00000270,u_00000f49,2026-06-19T19:29:17Z,2026-08-09T11:38:23Z,999
s_00000271,u_00000f4b,2026-06-19T20:55:07Z,,999
s_00000272,u_00000f4e,2026-06-26T19:30:55Z,2026-06-30T15:32:54Z,999
s_00000273,u_00000f54,2026-06-24T17:35:11Z,2026-08-13T08:06:06Z,999
s_00000274,u_00000f5a,2026-06-24T03:30:35Z,2026-09-11T22:49:02Z,999
s_00000275,u_00000f5c,2026-06-22T19:26:24Z,,999
s_00000276,u_00000f5f,2026-06-24T03:29:45Z,,999
s_00000277,u_00000f62,2026-06-27T03:45:34Z,,999
s_00000278,u_00000f64,2026-06-20T23:15:15Z,2026-07-12T04:41:31Z,999
s_00000279,u_00000f65,2026-06-26T13:49:16Z,2026-07-06T00:15:40Z,999
s_0000027a,u_00000f66,2026-06-25T15:48:40Z,2026-07-08T20:27:38Z,999
s_0000027b,u_00000f73,2026-06-23T01:44:58Z,,999
s_0000027c,u_00000f78,2026-06-27T17:58:53Z,2026-07-03T22:00:54Z,999
s_0000027d,u_00000f7a,2026-06-25T14:03:15Z,2026-08-17T01:26:22Z,999
s_0000027e,u_00000f80,2026-06-19T10:35:10Z,2026-07-10T12:38:12Z,999
s_0000027f,u_00000f82,2026-06-26T20:44:21Z,,999
s_00000280,u_00000f92,2026-06-26T21:56:40Z,,999
s_00000281,u_00000f9b,2026-06-24T11:49:10Z,2026-09-03T18:42:03Z,999
s_00000282,u_00000f9d,2026-06-21T15:05:31Z,,999
s_00000283,u_00000fa4,2026-06-25T16:12:25Z,,999
s_00000284,u_00000fa6,2026-06-25T04:09:32Z,2026-07-04T15:39:00Z,999
s_00000285,u_00000fa9,2026-06-21T22:09:50Z,2026-07-06T21:03:30Z,999
s_00000286,u_00000fb3,2026-06-22T23:41:30Z,2026-07-22T15:30:29Z,999
s_00000287,u_00000fb4,2026-06-29T04:55:08Z,,999
s_00000288,u_00000fbc,2026-06-23T14:56:27Z,2026-08-18T06:51:21Z,999
s_00000289,u_00000fc4,2026-06-29T10:33:54Z,2026-07-22T12:46:33Z,999
s_0000028a,u_00000fc7,2026-06-29T18:24:31Z,2026-08-15T03:20:07Z,999
s_0000028b,u_00000fcd,2026-06-25T22:33:58Z,,999
s_0000028c,u_00000fd0,2026-06-21T21:12:08Z,2026-08-25T21:39:02Z,999
s_0000028d,u_00000fd2,2026-06-25T12:37:57Z,2026-06-30T16:05:32Z,999
s_0000028e,u_00000fd7,2026-06-24T18:58:28Z,2026-08-22T09:54:00Z,999
s_0000028f,u_00000fdd,2026-06-29T18:19:29Z,2026-07-01T10:23:14Z,999
s_00000290,u_00000fe3,2026-06-30T05:05:19Z,2026-09-14T01:12:49Z,999
s_00000291,u_00000ff1,2026-06-29T16:47:47Z,2026-07-06T08:31:02Z,999
s_00000292,u_00000ff7,2026-06-28T15:16:40Z,2026-08-31T13:20:11Z,999
s_00000293,u_00000ffb,2026-06-28T06:11:45Z,,999
s_00000294,u_00000ffc,2026-07-01T12:16:14Z,2026-07-31T15:42:50Z,999
s_00000295,u_00000ffd,2026-06-23T10:08:26Z,,999
s_00000296,u_00000fff,2026-06-29T20:01:26Z,2026-07-12T09:15:21Z,999
s_00000297,u_00001008,2026-06-23T23:49:21Z,2026-06-30T02:08:41Z,999
s_00000298,u_0000100b,2026-07-01T13:29:43Z,,999
s_00000299,u_0000100c,2026-06-29T12:26:10Z,2026-07-30T12:45:24Z,999
s_0000029a,u_00001010,2026-06-22T21:32:44Z,2026-07-09T15:15:35Z,999
s_0000029b,u_00001018,2026-06-28T23:00:44Z,2026-07-21T02:56:26Z,999
s_0000029c,u_0000101a,2026-07-01T06:13:21Z,2026-08-15T14:56:17Z,999
s_0000029d,u_0000101d,2026-06-23T02:24:28Z,2026-07-17T22:14:42Z,999
s_0000029e,u_0000101f,2026-06-21T07:54:28Z,2026-08-08T01:32:08Z,999
s_0000029f,u_00001036,2026-06-25T21:14:23Z,2026-08-26T18:47:18Z,999
s_000002a0,u_00001039,2026-06-29T14:16:36Z,2026-07-09T13:54:52Z,999
s_000002a1,u_0000103d,2026-06-28T08:14:22Z,2026-07-01T00:39:26Z,999
s_000002a2,u_00001042,2026-07-02T19:32:36Z,2026-08-15T21:14:34Z,999
s_000002a3,u_00001047,2026-06-27T05:20:30Z,,999
s_000002a4,u_0000104c,2026-06-29T07:42:47Z,2026-08-08T15:07:47Z,999
s_000002a5,u_00001054,2026-06-27T06:50:58Z,2026-09-02T09:18:34Z,999
s_000002a6,u_00001057,2026-06-28T21:26:41Z,,999
s_000002a7,u_0000105b,2026-06-23T12:28:47Z,,999
s_000002a8,u_0000105d,2026-06-26T22:12:33Z,2026-07-31T18:26:45Z,999
s_000002a9,u_0000106c,2026-06-26T14:06:33Z,,999
s_000002aa,u_00001075,2026-06-26T14:16:55Z,2026-08-16T10:42:59Z,999
s_000002ab,u_00001079,2026-06-28T03:45:41Z,2026-08-30T14:27:12Z,999
s_000002ac,u_0000107b,2026-06-23T15:07:29Z,2026-06-30T09:54:25Z,999
s_000002ad,u_0000107e,2026-07-02T07:28:48Z,,999
s_000002ae,u_0000107f,2026-07-03T02:46:05Z,,999
s_000002af,u_00001085,2026-07-01T18:46:13Z,2026-07-08T15:26:10Z,999
s_000002b0,u_00001086,2026-07-01T20:08:33Z,,999
s_000002b1,u_00001087,2026-06-25T09:08:47Z,,999
s_000002b2,u_00001088,2026-06-28T19:14:44Z,2026-08-10T06:35:37Z,999
s_000002b3,u_0000108a,2026-07-03T11:24:20Z,2026-08-16T03:16:41Z,999
s_000002b4,u_0000108f,2026-06-24T04:20:31Z,2026-07-05T03:50:42Z,999
s_000002b5,u_00001098,2026-06-28T10:04:14Z,,999
s_000002b6,u_00001099,2026-06-29T08:18:53Z,,999
s_000002b7,u_0000109a,2026-07-02T03:41:10Z,,999
s_000002b8,u_0000109c,2026-07-01T08:10:15Z,2026-08-12T19:06:30Z,999
s_000002b9,u_000010a4,2026-06-26T02:45:27Z,2026-07-29T04:08:34Z,999
s_000002ba,u_000010a7,2026-06-29T21:15:17Z,,999
s_000002bb,u_000010ad,2026-06-25T11:24:11Z,,999
s_000002bc,u_000010b0,2026-06-28T22:11:37Z,2026-07-10T13:45:44Z,999
s_000002bd,u_000010b1,2026-07-02T22:11:24Z,,999
s_000002be,u_000010b3,2026-06-28T06:17:23Z,2026-07-10T07:33:44Z,999
s_000002bf,u_000010b6,2026-06-29T09:47:36Z,2026-07-23T00:29:03Z,999
s_000002c0,u_000010b9,2026-06-24T17:18:52Z,2026-07-03T15:13:24Z,999
s_000002c1,u_000010bc,2026-07-01T19:05:19Z,2026-07-21T01:27:42Z,999
s_000002c2,u_000010bf,2026-07-02T11:49:55Z,2026-08-25T14:52:49Z,999
s_000002c3,u_000010c0,2026-06-29T08:47:29Z,,999
s_000002c4,u_000010c3,2026-06-26T18:56:29Z,,999
s_000002c5,u_000010c7,2026-06-28T05:46:52Z,2026-08-21T23:24:09Z,999
s_000002c6,u_000010cb,2026-06-30T05:47:32Z,2026-08-07T21:16:32Z,999
s_000002c7,u_000010d1,2026-06-25T20:46:54Z,2026-07-27T14:38:16Z,999
s_000002c8,u_000010d9,2026-06-30T11:29:28Z,,999
s_000002c9,u_000010e4,2026-06-25T17:39:48Z,,999
s_000002ca,u_000010e7,2026-06-26T21:41:18Z,2026-08-25T14:38:53Z,999
s_000002cb,u_000010ec,2026-07-03T22:21:56Z,2026-07-18T02:41:08Z,999
s_000002cc,u_000010f4,2026-06-27T12:40:36Z,,999
s_000002cd,u_00001105,2026-07-03T01:19:00Z,2026-08-15T05:09:00Z,999
s_000002ce,u_0000110d,2026-07-01T10:47:04Z,2026-07-18T13:46:20Z,999
s_000002cf,u_0000110e,2026-07-03T00:02:17Z,2026-08-21T19:18:47Z,999
s_000002d0,u_00001112,2026-07-04T11:40:01Z,,999
s_000002d1,u_00001119,2026-07-03T23:13:08Z,,999
s_000002d2,u_00001122,2026-06-29T03:55:27Z,2026-07-29T11:02:16Z,999
s_000002d3,u_00001125,2026-06-26T23:54:18Z,,999
s_000002d4,u_00001126,2026-07-04T11:42:08Z,,999
s_000002d5,u_00001128,2026-07-06T02:24:26Z,,999
s_000002d6,u_00001129,2026-07-03T00:29:17Z,2026-08-18T07:36:59Z,999
s_000002d7,u_00001133,2026-06-29T04:10:44Z,2026-09-03T02:11:33Z,999
s_000002d8,u_00001136,2026-06-29T06:58:08Z,2026-09-04T06:39:35Z,999
s_000002d9,u_00001137,2026-07-01T10:05:26Z,2026-09-13T08:03:33Z,999
s_000002da,u_0000113f,2026-07-01T03:27:16Z,2026-09-15T01:35:56Z,999
s_000002db,u_00001142,2026-07-03T10:01:23Z,2026-08-22T21:09:43Z,999
s_000002dc,u_00001145,2026-06-30T13:48:30Z,,999
s_000002dd,u_00001147,2026-07-03T22:48:54Z,,999
s_000002de,u_00001148,2026-07-03T06:54:34Z,,999
s_000002df,u_0000114e,2026-06-30T08:18:36Z,2026-09-02T18:44:06Z,999
s_000002e0,u_00001150,2026-06-29T18:08:44Z,2026-07-23T05:05:24Z,999
s_000002e1,u_00001151,2026-07-01T00:37:30Z,,999
s_000002e2,u_00001152,2026-06-27T17:48:13Z,2026-07-12T05:00:01Z,999
s_000002e3,u_00001159,2026-06-28T11:58:18Z,,999
s_000002e4,u_0000115a,2026-06-29T08:56:46Z,2026-08-25T01:20:20Z,999
s_000002e5,u_00001162,2026-07-01T05:40:51Z,,999
s_000002e6,u_00001166,2026-07-05T02:09:56Z,2026-07-09T17:22:56Z,999
s_000002e7,u_00001167,2026-06-28T14:25:37Z,,999
s_000002e8,u_00001169,2026-07-02T23:20:32Z,2026-08-13T21:37:47Z,999
s_000002e9,u_0000116b,2026-07-02T02:56:02Z,2026-08-11T15:58:53Z,999
s_000002ea,u_00001170,2026-07-05T08:14:06Z,,999
s_000002eb,u_00001174,2026-06-29T09:38:42Z,,999
s_000002ec,u_00001177,2026-07-03T01:47:29Z,2026-07-14T09:12:46Z,999
s_000002ed,u_00001178,2026-07-07T00:55:28Z,2026-08-09T12:32:41Z,999
s_000002ee,u_0000117b,2026-07-04T18:58:48Z,2026-08-29T15:41:52Z,999
s_000002ef,u_00001186,2026-06-28T14:36:10Z,2026-08-07T17:01:49Z,999
s_000002f0,u_0000118a,2026-07-02T01:46:53Z,2026-08-14T05:52:06Z,999
s_000002f1,u_00001190,2026-06-30T09:55:21Z,2026-07-02T06:30:27Z,999
s_000002f2,u_00001197,2026-07-06T04:19:00Z,,999
s_000002f3,u_0000119b,2026-07-05T01:56:32Z,2026-08-13T15:23:29Z,999
s_000002f4,u_0000119f,2026-07-01T09:18:39Z,2026-07-08T09:05:37Z,999
s_000002f5,u_000011a3,2026-07-02T12:19:24Z,2026-09-03T17:14:35Z,999
s_000002f6,u_000011a6,2026-07-05T19:41:01Z,2026-07-16T01:26:21Z,999
s_000002f7,u_000011ac,2026-07-06T13:12:55Z,,999
s_000002f8,u_000011ae,2026-06-27T20:10:28Z,2026-07-29T16:30:23Z,999
s_000002f9,u_000011b0,2026-07-01T18:28:12Z,,999
s_000002fa,u_000011b1,2026-07-04T13:03:55Z,,999
s_000002fb,u_000011b8,2026-07-02T02:29:30Z,2026-08-19T15:43:26Z,999
s_000002fc,u_000011ba,2026-07-05T03:38:54Z,2026-07-20T04:33:20Z,999
s_000002fd,u_000011c3,2026-07-03T18:48:07Z,2026-07-12T09:25:49Z,999
s_000002fe,u_000011c5,2026-07-05T06:19:47Z,,999
s_000002ff,u_000011d0,2026-07-06T00:21:07Z,2026-07-26T14:32:14Z,999
s_00000300,u_000011d4,2026-07-04T12:59:45Z,2026-07-08T19:59:06Z,999
s_00000301,u_000011d7,2026-06-29T03:39:16Z,,999
s_00000302,u_000011df,2026-07-04T00:52:42Z,,999
s_00000303,u_000011e1,2026-07-07T17:00:53Z,,999
s_00000304,u_000011e5,2026-07-07T17:20:30Z,,999
s_00000305,u_000011ec,2026-06-30T14:40:50Z,,999
s_00000306,u_000011f4,2026-06-28T18:05:50Z,2026-08-22T11:47:39Z,999
s_00000307,u_000011fa,2026-07-06T09:42:23Z,2026-07-28T15:59:58Z,999
s_00000308,u_00001202,2026-07-02T08:07:49Z,,999
s_00000309,u_00001208,2026-07-05T20:52:26Z,2026-07-30T03:55:28Z,999
s_0000030a,u_0000120a,2026-06-30T12:38:02Z,2026-08-06T14:28:31Z,999
s_0000030b,u_0000121b,2026-07-06T18:01:26Z,2026-08-17T21:59:51Z,999
s_0000030c,u_0000121d,2026-06-30T19:39:58Z,2026-09-11T06:17:24Z,999
s_0000030d,u_00001225,2026-06-29T18:02:52Z,,999
s_0000030e,u_00001228,2026-06-30T11:53:48Z,2026-07-06T01:15:20Z,999
s_0000030f,u_0000122f,2026-07-02T02:33:33Z,,999
s_00000310,u_00001232,2026-07-09T07:18:44Z,,999
s_00000311,u_00001234,2026-07-01T20:12:36Z,2026-07-13T02:54:04Z,999
s_00000312,u_00001238,2026-07-04T21:12:50Z,2026-08-22T07:17:58Z,999
s_00000313,u_00001241,2026-07-04T09:42:51Z,,999
s_00000314,u_00001243,2026-07-01T17:25:33Z,2026-09-06T21:56:04Z,999
s_00000315,u_00001246,2026-07-03T09:38:43Z,,999
s_00000316,u_00001247,2026-07-08T02:00:23Z,2026-07-23T19:55:45Z,999
s_00000317,u_0000124a,2026-07-08T20:57:32Z,,999
s_00000318,u_0000124b,2026-07-06T14:18:04Z,2026-08-10T10:12:19Z,999
s_00000319,u_00001250,2026-07-01T19:11:48Z,,999
s_0000031a,u_00001253,2026-07-03T07:41:13Z,2026-07-25T15:58:30Z,999
s_0000031b,u_00001256,2026-07-09T21:35:34Z,,999
s_0000031c,u_0000125c,2026-07-09T02:00:06Z,,999
s_0000031d,u_00001262,2026-07-02T05:33:21Z,,999
s_0000031e,u_00001269,2026-07-08T12:08:57Z,2026-07-12T21:16:12Z,999
s_0000031f,u_00001270,2026-07-06T18:15:34Z,2026-08-20T02:17:38Z,999
s_00000320,u_00001272,2026-07-04T09:06:42Z,2026-07-26T22:01:31Z,999
s_00000321,u_0000127a,2026-07-04T18:06:30Z,2026-09-05T02:32:17Z,999
s_00000322,u_0000127f,2026-07-08T10:32:57Z,,999
s_00000323,u_00001282,2026-07-07T20:28:50Z,,999
s_00000324,u_00001288,2026-07-08T15:13:46Z,,999
s_00000325,u_00001293,2026-07-09T16:27:35Z,,999
s_00000326,u_00001297,2026-07-06T15:46:28Z,,999
s_00000327,u_0000129f,2026-07-05T12:50:42Z,2026-08-03T08:41:37Z,999
s_00000328,u_000012a4,2026-07-07T19:08:01Z,,999
s_00000329,u_000012a5,2026-07-10T07:15:00Z,,999
s_0000032a,u_000012a8,2026-07-02T03:35:37Z,,999
s_0000032b,u_000012aa,2026-07-02T22:41:15Z,2026-08-18T10:17:10Z,999
s_0000032c,u_000012ae,2026-07-06T01:36:03Z,,999
s_0000032d,u_000012b6,2026-07-07T09:22:20Z,2026-08-07T01:16:58Z,999
s_0000032e,u_000012b8,2026-07-07T21:09:14Z,2026-08-15T08:36:28Z,999
s_0000032f,u_000012bc,2026-07-09T10:53:30Z,2026-07-11T21:26:30Z,999
s_00000330,u_000012be,2026-07-09T07:48:53Z,,999
s_00000331,u_000012c7,2026-07-09T12:35:31Z,2026-08-16T07:03:03Z,999
s_00000332,u_000012cc,2026-07-11T15:12:10Z,,999
s_00000333,u_000012cd,2026-07-08T00:02:54Z,2026-08-25T04:39:38Z,999
s_00000334,u_000012cf,2026-07-09T00:25:14Z,2026-08-03T11:28:32Z,999
s_00000335,u_000012d3,2026-07-04T17:32:19Z,,999
s_00000336,u_000012d8,2026-07-02T14:19:50Z,,999
s_00000337,u_000012d9,2026-07-08T01:04:54Z,,999
s_00000338,u_000012e2,2026-07-12T18:25:52Z,,999
s_00000339,u_000012e6,2026-07-13T04:10:04Z,,999
s_0000033a,u_000012e7,2026-07-07T09:42:13Z,,999
s_0000033b,u_000012e8,2026-07-04T14:52:35Z,2026-07-23T06:25:54Z,999
s_0000033c,u_000012e9,2026-07-12T20:24:02Z,,999
s_0000033d,u_000012ec,2026-07-06T08:09:27Z,,999
s_0000033e,u_000012ee,2026-07-06T10:02:50Z,,999
s_0000033f,u_000012ef,2026-07-11T05:36:55Z,2026-09-14T08:50:24Z,999
s_00000340,u_000012ff,2026-07-09T20:57:26Z,2026-08-07T17:55:44Z,999
s_00000341,u_00001300,2026-07-11T18:12:15Z,,999
s_00000342,u_00001305,2026-07-06T17:49:16Z,,999
s_00000343,u_0000130c,2026-07-07T18:56:23Z,,999
s_00000344,u_00001311,2026-07-06T19:47:31Z,2026-07-10T12:47:14Z,999
s_00000345,u_00001323,2026-07-12T23:00:06Z,2026-08-23T23:25:16Z,999
s_00000346,u_00001329,2026-07-06T06:59:30Z,2026-08-08T01:49:13Z,999
s_00000347,u_0000132a,2026-07-09T11:12:05Z,,999
s_00000348,u_00001334,2026-07-14T05:58:32Z,2026-07-17T13:42:11Z,999
s_00000349,u_00001336,2026-07-08T14:00:00Z,2026-07-26T19:32:50Z,999
s_0000034a,u_00001338,2026-07-10T01:56:10Z,,999
s_0000034b,u_0000133e,2026-07-11T08:41:33Z,,999
s_0000034c,u_00001344,2026-07-11T08:16:23Z,2026-08-05T18:46:04Z,999
s_0000034d,u_00001345,2026-07-12T12:48:44Z,,999
s_0000034e,u_00001346,2026-07-06T02:15:57Z,,999
s_0000034f,u_00001348,2026-07-06T08:21:42Z,,999
s_00000350,u_00001354,2026-07-10T17:37:12Z,,999
s_00000351,u_00001358,2026-07-05T01:21:32Z,,999
s_00000352,u_0000135e,2026-07-13T04:32:56Z,,999
s_00000353,u_00001362,2026-07-06T12:14:02Z,,999
s_00000354,u_00001365,2026-07-06T01:14:13Z,,999
s_00000355,u_0000136a,2026-07-14T05:36:52Z,2026-07-26T09:19:30Z,999
s_00000356,u_0000136d,2026-07-15T16:37:21Z,2026-09-03T08:22:57Z,999
s_00000357,u_0000136f,2026-07-11T12:53:37Z,2026-07-30T10:29:21Z,999
s_00000358,u_00001377,2026-07-09T16:38:07Z,,999
s_00000359,u_00001379,2026-07-13T23:57:20Z,2026-08-01T22:08:57Z,999
s_0000035a,u_00001382,2026-07-10T12:53:12Z,2026-08-23T11:22:14Z,999
s_0000035b,u_00001385,2026-07-12T03:00:34Z,2026-09-13T00:49:12Z,999
s_0000035c,u_0000138a,2026-07-15T04:10:17Z,,999
s_0000035d,u_0000138c,2026-07-07T13:16:16Z,2026-09-11T15:33:02Z,999
s_0000035e,u_00001392,2026-07-10T05:21:16Z,,999
s_0000035f,u_0000139e,2026-07-10T19:58:39Z,,999
s_00000360,u_000013a6,2026-07-09T20:39:58Z,,999
s_00000361,u_000013ab,2026-07-06T23:36:28Z,,999
s_00000362,u_000013ac,2026-07-15T05:52:12Z,2026-09-13T07:54:57Z,999
s_00000363,u_000013b6,2026-07-07T11:30:39Z,2026-07-29T01:45:41Z,999
s_00000364,u_000013ba,2026-07-16T05:21:51Z,,999
s_00000365,u_000013bd,2026-07-15T16:31:53Z,,999
s_00000366,u_000013be,2026-07-15T14:35:08Z,2026-08-01T03:32:00Z,999
s_00000367,u_000013c5,2026-07-08T15:52:37Z,,999
s_00000368,u_000013d1,2026-07-15T21:08:45Z,2026-07-29T17:38:23Z,999
s_00000369,u_000013d8,2026-07-08T14:22:23Z,,999
s_0000036a,u_000013da,2026-07-08T20:46:40Z,2026-08-03T09:31:00Z,999
s_0000036b,u_000013de,2026-07-10T14:42:10Z,,999
s_0000036c,u_000013e0,2026-07-09T02:40:21Z,,999
s_0000036d,u_000013e3,2026-07-08T20:23:20Z,,999
s_0000036e,u_000013e5,2026-07-15T08:04:56Z,2026-07-30T05:31:36Z,999
s_0000036f,u_000013e7,2026-07-14T13:54:11Z,,999
s_00000370,u_000013ea,2026-07-08T12:11:21Z,2026-07-25T02:09:14Z,999
s_00000371,u_000013f5,2026-07-09T20:11:21Z,2026-08-25T03:23:16Z,999
s_00000372,u_000013fa,2026-07-17T08:39:23Z,2026-08-01T01:30:09Z,999
s_00000373,u_000013fd,2026-07-12T13:47:24Z,2026-07-25T00:26:41Z,999
s_00000374,u_00001401,2026-07-07T09:19:59Z,,999
s_00000375,u_00001403,2026-07-08T16:34:59Z,2026-07-27T03:28:08Z,999
s_00000376,u_0000140b,2026-07-16T13:10:34Z,2026-08-25T17:12:15Z,999
s_00000377,u_0000140d,2026-07-11T02:57:44Z,2026-09-03T14:58:10Z,999
s_00000378,u_0000140f,2026-07-16T19:17:38Z,,999
s_00000379,u_00001413,2026-07-10T11:22:40Z,,999
s_0000037a,u_0000142f,2026-07-12T17:12:38Z,,999
s_0000037b,u_00001433,2026-07-18T07:10:53Z,,999
s_0000037c,u_00001439,2026-07-15T17:47:22Z,,999
s_0000037d,u_0000143c,2026-07-16T21:22:59Z,,999
s_0000037e,u_0000143e,2026-07-15T16:03:02Z,,999
s_0000037f,u_00001441,2026-07-14T02:59:37Z,,999
s_00000380,u_00001448,2026-07-10T20:39:59Z,,999
s_00000381,u_0000144c,2026-07-14T13:13:14Z,,999
s_00000382,u_0000144f,2026-07-17T21:23:03Z,2026-09-11T12:12:41Z,999
s_00000383,u_00001457,2026-07-18T07:37:22Z,2026-08-22T15:52:08Z,999
s_00000384,u_0000145e,2026-07-15T19:58:17Z,2026-07-21T16:30:20Z,999
s_00000385,u_00001463,2026-07-12T17:13:32Z,,999
s_00000386,u_00001468,2026-07-16T07:37:48Z,2026-08-03T12:58:54Z,999
s_00000387,u_0000146b,2026-07-11T03:24:59Z,2026-07-22T05:46:31Z,999
s_00000388,u_0000146c,2026-07-19T03:12:50Z,2026-08-29T03:06:54Z,999
s_00000389,u_00001478,2026-07-15T23:55:30Z,2026-08-21T04:52:29Z,999
s_0000038a,u_00001479,2026-07-12T14:08:38Z,2026-08-04T22:22:19Z,999
s_0000038b,u_0000147e,2026-07-17T01:11:43Z,2026-08-06T22:04:26Z,999
s_0000038c,u_00001481,2026-07-10T17:51:04Z,2026-08-10T23:21:49Z,999
s_0000038d,u_0000148b,2026-07-16T18:28:41Z,,999
s_0000038e,u_0000148f,2026-07-19T04:31:33Z,2026-09-04T07:56:46Z,999
s_0000038f,u_00001497,2026-07-11T11:02:35Z,2026-07-15T00:01:50Z,999
s_00000390,u_0000149b,2026-07-12T17:35:44Z,,999
s_00000391,u_0000149c,2026-07-14T16:58:47Z,,999
s_00000392,u_0000149f,2026-07-11T01:16:23Z,,999
s_00000393,u_000014bb,2026-07-13T16:21:14Z,,999
s_00000394,u_000014bd,2026-07-16T14:59:47Z,,999
s_00000395,u_000014c5,2026-07-17T12:41:57Z,2026-07-21T23:29:49Z,999
s_00000396,u_000014c8,2026-07-15T17:30:49Z,,999
s_00000397,u_000014c9,2026-07-13T18:58:03Z,2026-08-12T11:58:20Z,999
s_00000398,u_000014cc,2026-07-17T15:15:24Z,,999
s_00000399,u_000014cd,2026-07-21T17:01:28Z,2026-07-31T09:42:07Z,999
s_0000039a,u_000014d4,2026-07-12T23:52:35Z,2026-07-28T07:22:21Z,999
s_0000039b,u_000014d9,2026-07-12T23:51:24Z,,999
s_0000039c,u_000014dc,2026-07-11T22:11:41Z,,999
s_0000039d,u_000014de,2026-07-15T02:46:58Z,2026-07-21T22:08:08Z,999
s_0000039e,u_000014e0,2026-07-15T02:51:17Z,,999
s_0000039f,u_000014e2,2026-07-14T23:21:45Z,2026-07-19T18:10:36Z,999
s_000003a0,u_000014ec,2026-07-19T11:24:55Z,,999
s_000003a1,u_000014f0,2026-07-11T11:14:52Z,2026-07-28T02:56:16Z,999
s_000003a2,u_000014fa,2026-07-16T08:34:10Z,2026-08-31T20:29:04Z,999
s_000003a3,u_000014fb,2026-07-14T18:14:43Z,,999
s_000003a4,u_000014fd,2026-07-16T05:11:05Z,,999
s_000003a5,u_00001509,2026-07-16T09:16:06Z,,999
s_000003a6,u_0000150c,2026-07-20T00:09:25Z,,999
s_000003a7,u_0000151f,2026-07-19T05:39:59Z,,999
s_000003a8,u_00001521,2026-07-17T06:10:02Z,,999
s_000003a9,u_00001523,2026-07-18T01:36:35Z,,999
s_000003aa,u_00001524,2026-07-20T18:33:36Z,,999
s_000003ab,u_0000152b,2026-07-16T21:59:08Z,,999
s_000003ac,u_0000152f,2026-07-16T01:10:30Z,2026-07-24T22:54:31Z,999
s_000003ad,u_00001537,2026-07-17T13:21:27Z,,999
s_000003ae,u_0000153e,2026-07-19T04:11:04Z,2026-07-25T06:44:51Z,999
s_000003af,u_0000153f,2026-07-23T03:33:13Z,2026-07-28T16:11:09Z,999
s_000003b0,u_00001543,2026-07-21T23:44:43Z,,999
s_000003b1,u_00001548,2026-07-19T16:23:35Z,2026-08-04T03:50:22Z,999
s_000003b2,u_0000154d,2026-07-19T13:16:41Z,2026-08-25T13:43:07Z,999
s_000003b3,u_00001550,2026-07-20T19:13:14Z,,999
s_000003b4,u_00001553,2026-07-19T06:01:14Z,,999
s_000003b5,u_00001554,2026-07-15T06:57:41Z,2026-07-30T09:16:54Z,999
s_000003b6,u_00001557,2026-07-23T00:18:33Z,,999
s_000003b7,u_00001559,2026-07-14T21:21:40Z,2026-09-06T13:20:17Z,999
s_000003b8,u_0000155c,2026-07-14T02:01:06Z,2026-07-28T02:23:16Z,999
s_000003b9,u_00001561,2026-07-22T15:24:30Z,2026-08-23T00:03:01Z,999
s_000003ba,u_0000156b,2026-07-24T04:18:04Z,,999
s_000003bb,u_0000156d,2026-07-22T18:47:48Z,,999
s_000003bc,u_00001570,2026-07-17T03:35:01Z,,999
s_000003bd,u_00001573,2026-07-22T17:31:33Z,,999
s_000003be,u_0000157a,2026-07-14T16:57:33Z,,999
s_000003bf,u_0000157d,2026-07-17T08:24:29Z,2026-07-22T08:00:01Z,999
s_000003c0,u_0000158d,2026-07-18T12:53:20Z,2026-08-26T12:51:56Z,999
s_000003c1,u_00001593,2026-07-15T23:47:45Z,,999
s_000003c2,u_00001595,2026-07-14T07:40:26Z,,999
s_000003c3,u_000015a0,2026-07-15T22:53:20Z,2026-08-08T03:01:37Z,999
s_000003c4,u_000015a3,2026-07-21T09:48:37Z,,999
s_000003c5,u_000015a6,2026-07-23T05:57:36Z,,999
s_000003c6,u_000015a9,2026-07-21T22:02:36Z,2026-08-01T17:14:57Z,999
s_000003c7,u_000015aa,2026-07-15T14:59:21Z,2026-08-05T05:57:35Z,999
s_000003c8,u_000015ad,2026-07-24T02:45:19Z,,999
s_000003c9,u_000015ae,2026-07-19T04:28:44Z,,999
s_000003ca,u_000015b6,2026-07-16T09:55:13Z,,999
s_000003cb,u_000015b9,2026-07-19T06:05:04Z,2026-09-11T22:07:07Z,999
s_000003cc,u_000015bf,2026-07-19T07:28:02Z,2026-07-25T01:11:13Z,999
s_000003cd,u_000015c6,2026-07-20T12:07:42Z,2026-08-26T23:19:22Z,999
s_000003ce,u_000015c8,2026-07-20T01:27:35Z,,999
s_000003cf,u_000015c9,2026-07-24T00:29:15Z,,999
s_000003d0,u_000015cf,2026-07-20T21:55:31Z,,999
s_000003d1,u_000015d8,2026-07-19T10:16:58Z,,999
s_000003d2,u_000015dc,2026-07-19T15:14:57Z,,999
s_000003d3,u_000015e6,2026-07-15T11:36:00Z,2026-08-17T15:13:01Z,999
s_000003d4,u_000015e8,2026-07-22T16:40:11Z,,999
s_000003d5,u_000015f1,2026-07-23T10:00:22Z,,999
s_000003d6,u_000015f5,2026-07-18T18:22:45Z,2026-07-28T03:35:52Z,999
s_000003d7,u_000015f7,2026-07-23T01:04:48Z,2026-07-27T15:16:45Z,999
s_000003d8,u_000015ff,2026-07-18T05:06:28Z,2026-09-04T08:33:37Z,999
s_000003d9,u_00001603,2026-07-17T12:35:27Z,,999
s_000003da,u_0000160d,2026-07-18T23:17:13Z,2026-07-26T00:17:37Z,999
s_000003db,u_0000160e,2026-07-20T12:39:16Z,,999
s_000003dc,u_00001611,2026-07-19T05:19:52Z,,999
s_000003dd,u_00001617,2026-07-23T10:29:08Z,,999
s_000003de,u_00001619,2026-07-19T13:41:49Z,2026-09-13T07:13:09Z,999
s_000003df,u_00001620,2026-07-22T09:17:48Z,,999
s_000003e0,u_00001623,2026-07-16T21:35:13Z,,999
s_000003e1,u_0000162f,2026-07-24T13:03:47Z,,999
s_000003e2,u_00001633,2026-07-16T20:48:37Z,2026-07-31T10:48:30Z,999
s_000003e3,u_00001637,2026-07-21T15:05:02Z,2026-08-24T15:30:10Z,999
s_000003e4,u_00001639,2026-07-20T10:19:54Z,2026-09-05T08:16:11Z,999
s_000003e5,u_0000163e,2026-07-22T18:39:03Z,2026-07-31T19:19:43Z,999
s_000003e6,u_00001644,2026-07-25T05:58:51Z,2026-08-18T06:50:40Z,999
s_000003e7,u_00001647,2026-07-22T14:02:46Z,2026-08-08T08:46:14Z,999
s_000003e8,u_00001648,2026-07-26T14:36:38Z,,999
s_000003e9,u_0000164b,2026-07-25T19:19:29Z,2026-08-12T10:54:07Z,999
s_000003ea,u_0000164d,2026-07-25T18:14:41Z,2026-08-18T07:32:55Z,999
s_000003eb,u_00001652,2026-07-20T18:28:00Z,2026-08-27T01:11:07Z,999
s_000003ec,u_00001653,2026-07-25T16:55:33Z,,999
s_000003ed,u_00001655,2026-07-23T11:04:51Z,,999
s_000003ee,u_00001659,2026-07-21T23:04:58Z,,999
s_000003ef,u_00001663,2026-07-25T14:57:17Z,,999
s_000003f0,u_00001666,2026-07-23T05:45:49Z,2026-07-25T19:07:55Z,999
s_000003f1,u_00001669,2026-07-22T18:12:46Z,2026-08-14T17:43:32Z,999
s_000003f2,u_00001676,2026-07-24T01:42:03Z,2026-09-04T20:58:59Z,999
s_000003f3,u_00001678,2026-07-20T16:00:44Z,,999
s_000003f4,u_0000167f,2026-07-20T04:53:25Z,,999
s_000003f5,u_00001686,2026-07-26T11:56:01Z,2026-07-29T18:46:51Z,999
s_000003f6,u_00001687,2026-07-21T16:41:28Z,,999
s_000003f7,u_0000168b,2026-07-20T02:15:24Z,,999
s_000003f8,u_0000168e,2026-07-24T21:37:29Z,,999
s_000003f9,u_0000168f,2026-07-23T17:55:09Z,,999
s_000003fa,u_00001690,2026-07-26T14:50:21Z,2026-08-07T17:38:39Z,999
s_000003fb,u_00001693,2026-07-25T16:14:06Z,,999
s_000003fc,u_00001699,2026-07-21T08:56:04Z,2026-09-12T17:25:21Z,999
s_000003fd,u_000016a6,2026-07-23T05:42:09Z,2026-08-22T13:19:28Z,999
s_000003fe,u_000016ab,2026-07-19T05:49:14Z,,999
s_000003ff,u_000016ad,2026-07-25T19:23:20Z,2026-08-02T07:46:44Z,999
s_00000400,u_000016af,2026-07-24T10:22:48Z,,999
s_00000401,u_000016bb,2026-07-29T02:30:45Z,,999
s_00000402,u_000016c7,2026-07-21T16:14:48Z,2026-07-29T12:16:58Z,999
s_00000403,u_000016cd,2026-07-29T00:49:37Z,,999
s_00000404,u_000016d8,2026-07-26T14:35:19Z,,999
s_00000405,u_000016d9,2026-07-22T00:19:17Z,,999
s_00000406,u_000016e3,2026-07-22T08:38:45Z,,999
s_00000407,u_000016e7,2026-07-27T11:40:58Z,,999
s_00000408,u_000016f0,2026-07-27T21:45:07Z,,999
s_00000409,u_000016f3,2026-07-26T02:14:20Z,,999
s_0000040a,u_000016f8,2026-07-25T01:29:14Z,,999
s_0000040b,u_000016fe,2026-07-20T18:53:51Z,,999
s_0000040c,u_00001704,2026-07-28T22:54:21Z,,999
s_0000040d,u_0000170b,2026-07-26T01:56:53Z,2026-08-17T12:04:43Z,999
s_0000040e,u_00001716,2026-07-30T10:46:13Z,,999
s_0000040f,u_00001718,2026-07-23T23:26:54Z,,999
s_00000410,u_00001720,2026-07-22T00:40:04Z,,999
s_00000411,u_00001728,2026-07-23T06:13:54Z,,999
s_00000412,u_0000172b,2026-07-26T21:36:37Z,2026-07-27T22:05:09Z,999
s_00000413,u_0000172f,2026-07-23T14:59:45Z,,999
s_00000414,u_00001736,2026-07-26T15:40:38Z,2026-09-09T17:38:08Z,999
s_00000415,u_00001738,2026-07-26T02:19:07Z,,999
s_00000416,u_0000173b,2026-07-23T20:18:01Z,,999
s_00000417,u_0000173e,2026-07-30T00:50:00Z,2026-08-18T17:30:59Z,999
s_00000418,u_00001740,2026-07-21T23:17:10Z,,999
s_00000419,u_00001743,2026-07-21T12:01:11Z,2026-09-04T23:07:54Z,999
s_0000041a,u_00001747,2026-07-29T07:43:30Z,,999
s_0000041b,u_0000174c,2026-07-24T15:47:33Z,2026-09-06T08:21:49Z,999
s_0000041c,u_0000174e,2026-07-23T17:32:02Z,,999
s_0000041d,u_00001750,2026-07-29T12:21:40Z,2026-08-06T23:55:38Z,999
s_0000041e,u_0000175b,2026-07-23T14:16:07Z,,999
s_0000041f,u_00001762,2026-07-30T05:59:11Z,,999
s_00000420,u_00001764,2026-07-29T00:41:27Z,2026-09-10T18:04:47Z,999
s_00000421,u_00001767,2026-07-21T18:01:50Z,2026-07-23T15:34:29Z,999
s_00000422,u_0000176e,2026-07-28T13:40:46Z,2026-08-21T02:28:49Z,999
s_00000423,u_00001771,2026-07-28T18:52:05Z,,999
s_00000424,u_00001773,2026-07-29T18:17:24Z,2026-08-13T09:35:34Z,999
s_00000425,u_00001774,2026-07-23T16:57:33Z,,999
s_00000426,u_0000177a,2026-07-31T19:45:01Z,2026-08-14T13:07:25Z,999
s_00000427,u_0000177d,2026-07-27T07:15:23Z,,999
s_00000428,u_00001782,2026-07-25T11:29:22Z,2026-08-12T17:53:47Z,999
s_00000429,u_00001788,2026-07-27T05:58:44Z,,999
s_0000042a,u_00001789,2026-07-29T01:02:04Z,,999
s_0000042b,u_0000178c,2026-07-26T10:13:15Z,2026-07-30T22:41:15Z,999
s_0000042c,u_0000178e,2026-07-23T23:53:07Z,,999
s_0000042d,u_00001791,2026-07-31T05:17:02Z,2026-08-11T09:57:14Z,999
s_0000042e,u_00001795,2026-07-29T22:29:15Z,,999
s_0000042f,u_000017a1,2026-07-25T05:14:54Z,2026-09-07T14:58:01Z,999
s_00000430,u_000017a3,2026-07-25T14:04:54Z,2026-08-05T00:49:55Z,999
s_00000431,u_000017a9,2026-07-30T04:09:45Z,,999
s_00000432,u_000017ac,2026-07-29T07:44:35Z,,999
s_00000433,u_000017b1,2026-07-23T22:40:54Z,2026-08-09T22:37:28Z,999
s_00000434,u_000017b2,2026-07-31T15:34:09Z,,999
s_00000435,u_000017b9,2026-07-24T12:12:26Z,,999
s_00000436,u_000017bc,2026-07-27T03:17:04Z,,999
s_00000437,u_000017c4,2026-07-29T13:44:02Z,,999
s_00000438,u_000017cd,2026-07-26T19:09:07Z,2026-09-10T11:16:23Z,999
s_00000439,u_000017ce,2026-07-25T01:22:19Z,,999
s_0000043a,u_000017d1,2026-07-26T07:03:10Z,,999
s_0000043b,u_000017d5,2026-07-28T19:14:11Z,,999
s_0000043c,u_000017d8,2026-07-30T16:36:56Z,2026-08-23T14:26:55Z,999
s_0000043d,u_000017e1,2026-07-28T19:19:07Z,,999
s_0000043e,u_000017e4,2026-08-03T20:44:32Z,,999
s_0000043f,u_000017e6,2026-07-30T18:06:05Z,2026-08-17T08:00:14Z,999
s_00000440,u_000017e7,2026-07-28T15:47:41Z,,999
s_00000441,u_000017ea,2026-07-29T14:19:47Z,,999
s_00000442,u_000017f4,2026-07-28T05:48:41Z,2026-08-24T20:28:21Z,999
s_00000443,u_000017f5,2026-08-02T05:34:37Z,,999
s_00000444,u_000017f9,2026-07-30T14:45:49Z,2026-08-26T08:51:40Z,999
s_00000445,u_000017fb,2026-08-02T02:01:19Z,2026-08-09T18:46:36Z,999
s_00000446,u_00001800,2026-07-30T20:37:49Z,2026-08-01T04:09:09Z,999
s_00000447,u_00001803,2026-07-27T08:46:07Z,2026-08-22T03:00:22Z,999
s_00000448,u_00001804,2026-07-30T18:48:57Z,,999
s_00000449,u_00001809,2026-08-01T03:42:31Z,2026-08-17T09:06:53Z,999
s_0000044a,u_0000180a,2026-07-29T14:47:08Z,2026-08-16T22:00:23Z,999
s_0000044b,u_0000180c,2026-07-31T16:50:20Z,,999
s_0000044c,u_0000180e,2026-07-30T20:50:51Z,2026-08-15T04:37:55Z,999
s_0000044d,u_00001812,2026-07-30T17:24:16Z,2026-08-18T08:13:58Z,999
s_0000044e,u_00001816,2026-08-01T20:05:12Z,2026-08-04T20:31:19Z,999
s_0000044f,u_0000181a,2026-07-30T04:11:31Z,,999
s_00000450,u_0000181c,2026-08-01T08:57:02Z,,999
s_00000451,u_0000181d,2026-07-31T23:01:31Z,,999
s_00000452,u_00001820,2026-07-28T17:40:38Z,2026-09-14T22:19:36Z,999
s_00000453,u_00001825,2026-08-01T20:11:56Z,2026-09-14T04:42:17Z,999
s_00000454,u_00001828,2026-08-02T18:02:47Z,,999
s_00000455,u_0000182a,2026-07-25T21:28:41Z,,999
s_00000456,u_00001831,2026-08-03T15:04:37Z,,999
s_00000457,u_00001833,2026-08-01T12:48:07Z,,999
s_00000458,u_00001836,2026-07-27T21:05:34Z,,999
s_00000459,u_00001849,2026-07-27T05:17:53Z,,999
s_0000045a,u_0000184c,2026-07-27T14:31:39Z,,999
s_0000045b,u_0000184e,2026-07-26T18:08:07Z,,999
s_0000045c,u_0000184f,2026-07-30T18:13:50Z,,999
s_0000045d,u_00001850,2026-07-27T22:36:06Z,,999
s_0000045e,u_00001859,2026-07-29T13:31:41Z,,999
s_0000045f,u_0000185f,2026-07-30T23:10:18Z,2026-09-08T11:01:11Z,999
s_00000460,u_00001864,2026-07-30T12:00:03Z,2026-08-07T00:01:36Z,999
s_00000461,u_00001868,2026-08-03T10:09:07Z,2026-08-23T01:11:17Z,999
s_00000462,u_00001869,2026-08-01T08:33:46Z,,999
s_00000463,u_00001875,2026-08-03T22:53:34Z,,999
s_00000464,u_00001877,2026-08-05T08:36:06Z,,999
s_00000465,u_00001878,2026-07-28T23:11:16Z,2026-08-07T07:10:13Z,999
s_00000466,u_00001885,2026-08-04T12:53:50Z,2026-08-26T14:41:19Z,999
s_00000467,u_00001888,2026-07-31T22:18:02Z,,999
s_00000468,u_0000188e,2026-08-01T19:17:59Z,2026-08-13T01:31:14Z,999
s_00000469,u_00001896,2026-08-02T17:55:03Z,,999
s_0000046a,u_00001899,2026-07-31T18:05:50Z,2026-08-10T15:10:15Z,999
s_0000046b,u_0000189a,2026-08-03T20:20:33Z,2026-08-30T03:54:09Z,999
s_0000046c,u_000018a3,2026-07-29T11:54:50Z,2026-08-27T01:59:00Z,999
s_0000046d,u_000018a5,2026-08-02T05:49:16Z,,999
s_0000046e,u_000018af,2026-08-04T10:00:58Z,,999
s_0000046f,u_000018b3,2026-08-06T07:23:26Z,,999
s_00000470,u_000018b9,2026-07-31T02:58:01Z,2026-08-30T03:05:30Z,999
s_00000471,u_000018ba,2026-08-07T03:37:32Z,,999
s_00000472,u_000018bf,2026-08-06T07:31:15Z,,999
s_00000473,u_000018c9,2026-08-05T20:11:33Z,2026-08-21T07:07:24Z,999
s_00000474,u_000018cb,2026-08-02T06:10:37Z,,999
s_00000475,u_000018cc,2026-08-07T01:09:07Z,2026-08-30T09:16:17Z,999
s_00000476,u_000018d9,2026-08-04T11:55:39Z,,999
s_00000477,u_000018da,2026-08-05T23:29:00Z,,999
s_00000478,u_000018dc,2026-08-05T12:40:15Z,2026-08-07T08:38:29Z,999
s_00000479,u_000018de,2026-07-28T06:18:48Z,2026-09-01T13:13:40Z,999
s_0000047a,u_000018e2,2026-08-04T00:03:31Z,,999
s_0000047b,u_000018e3,2026-07-30T20:18:54Z,2026-08-06T14:31:09Z,999
s_0000047c,u_000018e4,2026-08-04T06:35:23Z,2026-08-06T13:39:13Z,999
s_0000047d,u_000018ea,2026-08-01T17:12:21Z,,999
s_0000047e,u_000018eb,2026-08-05T19:29:45Z,,999
s_0000047f,u_000018ed,2026-07-31T22:50:19Z,2026-08-07T14:37:49Z,999
s_00000480,u_000018f3,2026-08-07T21:55:01Z,,999
s_00000481,u_000018f9,2026-08-04T10:49:16Z,,999
s_00000482,u_000018fd,2026-08-03T15:18:35Z,2026-08-06T10:11:30Z,999
s_00000483,u_000018fe,2026-08-01T23:33:37Z,2026-08-17T18:59:29Z,999
s_00000484,u_00001902,2026-07-31T13:13:58Z,2026-08-17T23:58:41Z,999
s_00000485,u_00001905,2026-08-08T00:11:50Z,2026-09-05T16:48:10Z,999
s_00000486,u_00001909,2026-08-06T06:54:26Z,,999
s_00000487,u_0000190e,2026-08-02T11:53:21Z,,999
s_00000488,u_0000190f,2026-07-31T15:44:02Z,2026-08-21T19:19:21Z,999
s_00000489,u_00001910,2026-07-29T13:47:55Z,2026-09-05T09:52:48Z,999
s_0000048a,u_0000191d,2026-08-05T13:55:10Z,,999
s_0000048b,u_00001928,2026-07-31T15:01:10Z,,999
s_0000048c,u_00001929,2026-08-05T10:48:58Z,,999
s_0000048d,u_00001931,2026-08-05T02:41:16Z,,999
s_0000048e,u_00001934,2026-08-01T05:48:10Z,2026-08-13T17:52:09Z,999
s_0000048f,u_0000193d,2026-08-05T20:29:14Z,,999
s_00000490,u_00001943,2026-07-31T22:16:42Z,,999
s_00000491,u_00001945,2026-08-06T16:19:33Z,2026-08-08T09:10:08Z,999
s_00000492,u_00001947,2026-08-08T04:01:45Z,,999
s_00000493,u_00001958,2026-08-03T23:43:51Z,,999
s_00000494,u_00001966,2026-08-03T02:51:14Z,2026-09-05T05:42:22Z,999
s_00000495,u_0000196b,2026-08-03T15:39:09Z,2026-08-25T13:30:37Z,999
s_00000496,u_0000196e,2026-08-01T21:21:31Z,2026-08-26T02:00:34Z,999
s_00000497,u_00001971,2026-08-01T20:08:34Z,,999
s_00000498,u_00001973,2026-08-03T04:42:06Z,,999
s_00000499,u_00001976,2026-08-03T10:07:06Z,,999
s_0000049a,u_0000197f,2026-08-07T01:38:10Z,,999
s_0000049b,u_00001981,2026-08-03T18:27:13Z,2026-08-19T17:40:39Z,999
s_0000049c,u_00001985,2026-08-03T05:48:47Z,,999
s_0000049d,u_00001987,2026-08-07T23:25:35Z,,999
s_0000049e,u_00001989,2026-08-08T23:08:16Z,,999
s_0000049f,u_0000198b,2026-08-07T06:51:29Z,,999
s_000004a0,u_00001994,2026-08-06T21:59:57Z,,999
s_000004a1,u_0000199e,2026-08-02T16:49:56Z,2026-08-29T12:53:26Z,999
s_000004a2,u_000019a1,2026-08-06T12:36:16Z,,999
s_000004a3,u_000019b1,2026-08-08T12:29:12Z,,999
s_000004a4,u_000019b3,2026-08-05T19:32:02Z,,999
s_000004a5,u_000019b4,2026-08-03T00:08:04Z,2026-08-27T01:29:16Z,999
s_000004a6,u_000019b6,2026-08-05T16:23:59Z,,999
s_000004a7,u_000019ba,2026-08-06T06:54:10Z,,999
s_000004a8,u_000019bd,2026-08-05T05:10:35Z,2026-09-03T14:46:37Z,999
s_000004a9,u_000019c0,2026-08-05T12:09:37Z,2026-08-25T12:10:24Z,999
s_000004aa,u_000019c7,2026-08-08T05:19:07Z,2026-08-29T22:51:40Z,999
s_000004ab,u_000019d0,2026-08-09T02:36:31Z,,999
s_000004ac,u_000019e3,2026-08-07T23:28:49Z,2026-08-21T12:20:59Z,999
s_000004ad,u_000019eb,2026-08-05T18:12:05Z,,999
s_000004ae,u_000019f1,2026-08-12T01:39:15Z,2026-09-02T18:37:18Z,999
s_000004af,u_000019f5,2026-08-10T03:44:23Z,2026-08-24T11:30:43Z,999
s_000004b0,u_000019fd,2026-08-08T00:53:10Z,,999
s_000004b1,u_00001a0a,2026-08-07T08:05:00Z,,999
s_000004b2,u_00001a0b,2026-08-05T22:18:02Z,2026-08-26T22:32:53Z,999
s_000004b3,u_00001a0c,2026-08-06T15:23:34Z,,999
s_000004b4,u_00001a0f,2026-08-04T18:41:52Z,,999
s_000004b5,u_00001a11,2026-08-05T11:43:09Z,2026-08-26T18:42:08Z,999
s_000004b6,u_00001a15,2026-08-06T22:02:45Z,,999
s_000004b7,u_00001a17,2026-08-06T02:58:42Z,,999
s_000004b8,u_00001a1c,2026-08-04T12:08:23Z,,999
s_000004b9,u_00001a20,2026-08-04T10:46:34Z,,999
s_000004ba,u_00001a24,2026-08-08T14:35:46Z,,999
s_000004bb,u_00001a29,2026-08-09T08:21:28Z,,999
s_000004bc,u_00001a2f,2026-08-09T04:52:42Z,2026-08-18T09:25:23Z,999
s_000004bd,u_00001a32,2026-08-09T13:30:05Z,,999
s_000004be,u_00001a41,2026-08-03T16:39:46Z,,999
s_000004bf,u_00001a42,2026-08-12T23:55:09Z,,999
s_000004c0,u_00001a44,2026-08-11T08:15:51Z,,999
s_000004c1,u_00001a47,2026-08-10T14:25:52Z,,999
s_000004c2,u_00001a4b,2026-08-11T03:19:23Z,,999
s_000004c3,u_00001a52,2026-08-09T13:18:44Z,2026-08-24T13:50:29Z,999
s_000004c4,u_00001a5a,2026-08-08T14:38:37Z,,999
s_000004c5,u_00001a61,2026-08-10T06:03:38Z,,999
s_000004c6,u_00001a64,2026-08-12T12:07:02Z,,999
s_000004c7,u_00001a67,2026-08-12T01:06:46Z,,999
s_000004c8,u_00001a68,2026-08-11T06:18:24Z,,999
s_000004c9,u_00001a6c,2026-08-05T07:08:45Z,,999
s_000004ca,u_00001a6d,2026-08-12T19:48:17Z,2026-09-02T22:15:04Z,999
s_000004cb,u_00001a73,2026-08-12T22:39:05Z,,999
s_000004cc,u_00001a75,2026-08-11T09:48:56Z,2026-08-22T00:45:32Z,999
s_000004cd,u_00001a8c,2026-08-11T05:30:04Z,2026-08-14T09:57:10Z,999
s_000004ce,u_00001a90,2026-08-06T11:32:05Z,2026-08-21T07:05:07Z,999
s_000004cf,u_00001a95,2026-08-15T10:58:12Z,,999
s_000004d0,u_00001a97,2026-08-06T12:03:37Z,2026-09-06T15:27:03Z,999
s_000004d1,u_00001a99,2026-08-08T00:34:43Z,,999
s_000004d2,u_00001a9c,2026-08-09T07:41:31Z,2026-08-20T01:43:21Z,999
s_000004d3,u_00001a9e,2026-08-07T02:56:00Z,,999
s_000004d4,u_00001a9f,2026-08-05T11:50:57Z,2026-08-24T01:44:12Z,999
s_000004d5,u_00001aa4,2026-08-08T20:18:29Z,,999
s_000004d6,u_00001aac,2026-08-09T18:19:45Z,2026-08-13T19:23:24Z,999
s_000004d7,u_00001aad,2026-08-10T15:12:09Z,,999
s_000004d8,u_00001ab0,2026-08-07T00:45:40Z,,999
s_000004d9,u_00001ab3,2026-08-10T07:18:04Z,2026-08-22T04:57:25Z,999
s_000004da,u_00001ab5,2026-08-10T07:14:24Z,2026-08-22T03:51:03Z,999
s_000004db,u_00001ab8,2026-08-09T13:44:39Z,,999
s_000004dc,u_00001ab9,2026-08-05T20:04:12Z,,999
s_000004dd,u_00001abc,2026-08-12T15:42:39Z,,999
s_000004de,u_00001ac0,2026-08-07T22:52:50Z,,999
s_000004df,u_00001ac2,2026-08-14T15:48:31Z,2026-08-21T10:32:50Z,999
s_000004e0,u_00001ac9,2026-08-09T09:53:50Z,,999
s_000004e1,u_00001acd,2026-08-14T05:37:17Z,,999
s_000004e2,u_00001ade,2026-08-15T19:22:19Z,,999
s_000004e3,u_00001ae6,2026-08-13T21:50:53Z,,999
s_000004e4,u_00001aed,2026-08-10T19:40:50Z,,999
s_000004e5,u_00001af3,2026-08-09T01:48:01Z,2026-09-14T15:09:41Z,999
s_000004e6,u_00001af5,2026-08-10T10:09:33Z,,999
s_000004e7,u_00001af8,2026-08-10T09:13:58Z,,999
s_000004e8,u_00001afc,2026-08-07T06:22:16Z,,999
s_000004e9,u_00001afe,2026-08-11T17:25:40Z,2026-09-02T12:47:52Z,999
s_000004ea,u_00001b04,2026-08-15T07:04:25Z,,999
s_000004eb,u_00001b10,2026-08-16T03:18:19Z,2026-08-29T19:06:10Z,999
s_000004ec,u_00001b13,2026-08-14T11:17:59Z,,999
s_000004ed,u_00001b14,2026-08-11T15:04:54Z,,999
s_000004ee,u_00001b15,2026-08-15T07:37:12Z,2026-09-02T18:10:51Z,999
s_000004ef,u_00001b1a,2026-08-12T23:33:58Z,,999
s_000004f0,u_00001b1d,2026-08-13T03:40:26Z,2026-09-08T07:52:38Z,999
s_000004f1,u_00001b21,2026-08-12T13:55:01Z,2026-08-23T16:05:33Z,999
s_000004f2,u_00001b24,2026-08-13T15:27:04Z,,999
s_000004f3,u_00001b25,2026-08-17T05:36:38Z,,999
s_000004f4,u_00001b26,2026-08-12T09:53:46Z,,999
s_000004f5,u_00001b30,2026-08-10T10:06:18Z,,999
s_000004f6,u_00001b3b,2026-08-10T01:12:48Z,,999
s_000004f7,u_00001b40,2026-08-10T21:03:26Z,,999
s_000004f8,u_00001b42,2026-08-11T22:38:49Z,2026-08-19T13:52:53Z,999
s_000004f9,u_00001b43,2026-08-10T23:41:03Z,,999
s_000004fa,u_00001b45,2026-08-16T00:17:44Z,2026-08-26T09:47:26Z,999
s_000004fb,u_00001b47,2026-08-15T02:04:54Z,,999
s_000004fc,u_00001b49,2026-08-08T23:28:05Z,2026-08-20T16:23:11Z,999
s_000004fd,u_00001b4c,2026-08-13T01:19:53Z,,999
s_000004fe,u_00001b54,2026-08-11T09:25:50Z,,999
s_000004ff,u_00001b5a,2026-08-18T03:15:56Z,2026-08-24T07:27:36Z,999
s_00000500,u_00001b60,2026-08-12T21:48:05Z,,999
s_00000501,u_00001b62,2026-08-17T21:33:26Z,,999
s_00000502,u_00001b72,2026-08-09T11:19:12Z,2026-08-17T12:54:39Z,999
s_00000503,u_00001b74,2026-08-11T22:21:33Z,2026-08-16T01:35:39Z,999
s_00000504,u_00001b7e,2026-08-16T22:46:20Z,,999
s_00000505,u_00001b89,2026-08-17T11:29:49Z,2026-09-10T17:13:32Z,999
s_00000506,u_00001b91,2026-08-19T10:26:55Z,,999
s_00000507,u_00001b94,2026-08-16T01:53:58Z,2026-08-18T22:10:44Z,999
s_00000508,u_00001b96,2026-08-17T18:04:54Z,2026-09-13T01:51:45Z,999
s_00000509,u_00001b99,2026-08-15T10:37:29Z,,999
s_0000050a,u_00001b9b,2026-08-16T19:52:06Z,2026-08-23T02:22:57Z,999
s_0000050b,u_00001ba0,2026-08-18T23:59:33Z,,999
s_0000050c,u_00001ba2,2026-08-17T20:30:27Z,,999
s_0000050d,u_00001ba3,2026-08-10T14:35:31Z,,999
s_0000050e,u_00001ba9,2026-08-16T21:51:55Z,,999
s_0000050f,u_00001bb2,2026-08-14T08:31:47Z,,999
s_00000510,u_00001bb6,2026-08-11T05:12:16Z,,999
s_00000511,u_00001bbd,2026-08-16T21:17:09Z,,999
s_00000512,u_00001bc2,2026-08-16T00:39:16Z,,999
s_00000513,u_00001bc8,2026-08-15T05:07:55Z,2026-09-01T15:42:59Z,999
s_00000514,u_00001bce,2026-08-18T07:48:52Z,,999
s_00000515,u_00001bd1,2026-08-19T14:30:15Z,,999
s_00000516,u_00001bd4,2026-08-18T19:15:16Z,2026-08-22T04:59:30Z,999
s_00000517,u_00001bd6,2026-08-20T10:05:23Z,,999
s_00000518,u_00001bd9,2026-08-12T21:12:29Z,,999
s_00000519,u_00001be4,2026-08-20T12:11:12Z,,999
s_0000051a,u_00001be9,2026-08-15T06:48:10Z,,999
s_0000051b,u_00001bec,2026-08-18T11:16:18Z,,999
s_0000051c,u_00001bee,2026-08-14T15:37:43Z,2026-09-12T06:44:56Z,999
s_0000051d,u_00001bf4,2026-08-18T07:29:03Z,,999
s_0000051e,u_00001bf6,2026-08-15T11:59:26Z,,999
s_0000051f,u_00001bf7,2026-08-17T23:20:12Z,,999
s_00000520,u_00001c02,2026-08-20T10:43:00Z,,999
s_00000521,u_00001c0e,2026-08-16T01:40:55Z,,999
s_00000522,u_00001c1a,2026-08-13T10:20:46Z,,999
s_00000523,u_00001c1c,2026-08-13T13:06:51Z,,999
s_00000524,u_00001c1d,2026-08-19T10:37:03Z,,999
s_00000525,u_00001c20,2026-08-15T01:41:55Z,,999
s_00000526,u_00001c33,2026-08-20T14:29:37Z,,999
s_00000527,u_00001c37,2026-08-17T07:50:53Z,,999
s_00000528,u_00001c3a,2026-08-15T13:18:18Z,,999
s_00000529,u_00001c3c,2026-08-15T01:29:54Z,,999
s_0000052a,u_00001c3d,2026-08-14T21:55:02Z,2026-08-31T22:41:33Z,999
s_0000052b,u_00001c3f,2026-08-19T21:44:36Z,,999
s_0000052c,u_00001c43,2026-08-20T23:07:39Z,,999
s_0000052d,u_00001c4e,2026-08-14T13:58:54Z,,999
s_0000052e,u_00001c51,2026-08-14T16:14:41Z,2026-08-19T02:18:15Z,999
s_0000052f,u_00001c54,2026-08-17T13:36:56Z,,999
s_00000530,u_00001c58,2026-08-16T23:03:49Z,,999
s_00000531,u_00001c5f,2026-08-13T11:19:55Z,,999
s_00000532,u_00001c60,2026-08-20T21:40:42Z,,999
s_00000533,u_00001c63,2026-08-13T19:39:23Z,,999
s_00000534,u_00001c65,2026-08-12T12:31:49Z,,999
s_00000535,u_00001c66,2026-08-19T05:42:44Z,,999
s_00000536,u_00001c6c,2026-08-22T02:34:12Z,,999
s_00000537,u_00001c77,2026-08-16T04:47:29Z,2026-08-22T14:16:01Z,999
s_00000538,u_00001c80,2026-08-21T02:13:17Z,,999
s_00000539,u_00001c83,2026-08-18T06:54:07Z,,999
s_0000053a,u_00001c84,2026-08-17T01:38:53Z,2026-09-12T15:32:14Z,999
s_0000053b,u_00001c92,2026-08-20T05:15:22Z,2026-09-10T17:03:06Z,999
s_0000053c,u_00001c98,2026-08-16T14:35:53Z,,999
s_0000053d,u_00001ca0,2026-08-17T16:36:27Z,,999
s_0000053e,u_00001ca3,2026-08-20T09:11:46Z,2026-08-21T17:41:57Z,999
s_0000053f,u_00001ca9,2026-08-20T13:40:02Z,,999
s_00000540,u_00001cac,2026-08-22T02:19:52Z,,999
s_00000541,u_00001cb4,2026-08-24T16:00:03Z,,999
s_00000542,u_00001cc3,2026-08-21T00:04:18Z,,999
s_00000543,u_00001cca,2026-08-15T01:46:02Z,,999
s_00000544,u_00001ccb,2026-08-15T12:36:42Z,,999
s_00000545,u_00001ccd,2026-08-17T09:43:19Z,2026-08-26T21:37:14Z,999
s_00000546,u_00001cd0,2026-08-21T19:02:10Z,,999
s_00000547,u_00001cd2,2026-08-20T03:18:21Z,2026-08-31T10:10:02Z,999
s_00000548,u_00001cd9,2026-08-23T13:26:55Z,,999
s_00000549,u_00001cdc,2026-08-21T00:43:18Z,2026-09-08T09:54:54Z,999
s_0000054a,u_00001ce3,2026-08-15T01:30:21Z,,999
s_0000054b,u_00001ce6,2026-08-20T08:35:44Z,2026-09-02T05:35:58Z,999
s_0000054c,u_00001cea,2026-08-20T22:49:23Z,2026-09-13T05:49:09Z,999
s_0000054d,u_00001cf4,2026-08-24T18:56:44Z,,999
s_0000054e,u_00001cfb,2026-08-24T23:23:52Z,,999
s_0000054f,u_00001d05,2026-08-23T03:17:14Z,,999
s_00000550,u_00001d08,2026-08-22T11:35:28Z,,999
s_00000551,u_00001d0b,2026-08-22T19:56:25Z,,999
s_00000552,u_00001d0d,2026-08-17T19:08:00Z,,999
s_00000553,u_00001d0f,2026-08-19T09:00:15Z,,999
s_00000554,u_00001d16,2026-08-20T00:35:28Z,,999
s_00000555,u_00001d19,2026-08-15T23:00:14Z,,999
s_00000556,u_00001d1f,2026-08-25T14:12:57Z,,999
s_00000557,u_00001d25,2026-08-23T00:48:32Z,,999
s_00000558,u_00001d27,2026-08-16T06:42:35Z,,999
s_00000559,u_00001d2b,2026-08-22T17:09:21Z,,999
s_0000055a,u_00001d2d,2026-08-19T13:04:54Z,,999
s_0000055b,u_00001d36,2026-08-23T03:24:42Z,,999
s_0000055c,u_00001d39,2026-08-25T02:16:38Z,,999
s_0000055d,u_00001d40,2026-08-18T12:16:18Z,,999
s_0000055e,u_00001d46,2026-08-19T00:36:38Z,,999
s_0000055f,u_00001d4e,2026-08-25T21:12:31Z,2026-09-08T18:50:49Z,999
s_00000560,u_00001d51,2026-08-20T22:11:19Z,2026-08-25T06:52:53Z,999
s_00000561,u_00001d57,2026-08-23T08:11:24Z,,999
s_00000562,u_00001d5e,2026-08-23T13:27:45Z,,999
s_00000563,u_00001d60,2026-08-24T18:58:00Z,,999
s_00000564,u_00001d61,2026-08-21T06:07:59Z,,999
s_00000565,u_00001d64,2026-08-20T21:47:10Z,,999
s_00000566,u_00001d66,2026-08-17T21:33:28Z,,999
s_00000567,u_00001d69,2026-08-25T23:49:26Z,,999
s_00000568,u_00001d6b,2026-08-25T09:10:16Z,,999
s_00000569,u_00001d75,2026-08-18T02:02:13Z,,999
s_0000056a,u_00001d7a,2026-08-19T12:21:30Z,,999
s_0000056b,u_00001d7b,2026-08-16T16:40:17Z,,999
s_0000056c,u_00001d7c,2026-08-19T22:07:02Z,,999
s_0000056d,u_00001d7f,2026-08-22T08:09:56Z,,999
s_0000056e,u_00001d86,2026-08-24T17:46:45Z,,999
s_0000056f,u_00001d8a,2026-08-18T03:11:04Z,2026-08-19T17:57:21Z,999
s_00000570,u_00001d8e,2026-08-23T04:58:13Z,,999
s_00000571,u_00001d96,2026-08-20T23:46:57Z,,999
s_00000572,u_00001d97,2026-08-17T20:47:56Z,2026-08-25T18:27:16Z,999
s_00000573,u_00001d9d,2026-08-27T06:21:11Z,,999
s_00000574,u_00001da0,2026-08-22T09:19:52Z,2026-09-11T19:35:56Z,999
s_00000575,u_00001dab,2026-08-24T21:10:40Z,,999
s_00000576,u_00001dae,2026-08-19T21:58:39Z,2026-09-08T20:51:35Z,999
s_00000577,u_00001db0,2026-08-25T06:03:55Z,2026-09-04T05:58:45Z,999
s_00000578,u_00001dbe,2026-08-24T17:29:40Z,,999
s_00000579,u_00001dc1,2026-08-26T20:27:02Z,,999
s_0000057a,u_00001dc8,2026-08-23T23:42:07Z,2026-08-27T07:49:54Z,999
s_0000057b,u_00001dcb,2026-08-26T15:07:36Z,,999
s_0000057c,u_00001dce,2026-08-25T11:41:12Z,,999
s_0000057d,u_00001dd5,2026-08-25T10:52:26Z,,999
s_0000057e,u_00001dd7,2026-08-21T13:59:50Z,,999
s_0000057f,u_00001dd9,2026-08-25T03:35:06Z,,999
s_00000580,u_00001ddc,2026-08-25T19:17:14Z,2026-09-14T12:42:22Z,999
s_00000581,u_00001de3,2026-08-24T08:17:55Z,,999
s_00000582,u_00001de4,2026-08-27T10:22:59Z,2026-09-03T12:37:43Z,999
s_00000583,u_00001de5,2026-08-27T08:32:28Z,,999
s_00000584,u_00001de6,2026-08-21T07:05:01Z,,999
s_00000585,u_00001de8,2026-08-28T13:04:40Z,,999
s_00000586,u_00001df2,2026-08-23T11:35:48Z,,999
s_00000587,u_00001df4,2026-08-29T07:55:57Z,,999
s_00000588,u_00001df9,2026-08-22T04:50:40Z,2026-08-29T01:36:29Z,999
s_00000589,u_00001e07,2026-08-26T14:38:54Z,,999
s_0000058a,u_00001e0a,2026-08-21T07:36:04Z,,999
s_0000058b,u_00001e0c,2026-08-28T22:56:31Z,,999
s_0000058c,u_00001e0d,2026-08-21T13:28:54Z,,999
s_0000058d,u_00001e0f,2026-08-22T20:49:34Z,,999
s_0000058e,u_00001e11,2026-08-26T20:48:21Z,,999
s_0000058f,u_00001e17,2026-08-24T09:41:14Z,,999
s_00000590,u_00001e19,2026-08-26T08:04:52Z,,999
s_00000591,u_00001e1b,2026-08-24T17:50:30Z,,999
s_00000592,u_00001e1e,2026-08-21T03:53:05Z,,999
s_00000593,u_00001e20,2026-08-26T21:39:03Z,,999
s_00000594,u_00001e22,2026-08-22T16:46:58Z,2026-08-29T16:30:41Z,999
s_00000595,u_00001e25,2026-08-24T18:34:50Z,2026-08-28T23:02:19Z,999
s_00000596,u_00001e28,2026-08-28T23:15:53Z,,999
s_00000597,u_00001e2b,2026-08-25T20:29:27Z,2026-09-04T02:44:31Z,999
s_00000598,u_00001e2e,2026-08-27T14:05:02Z,2026-09-11T20:17:08Z,999
s_00000599,u_00001e31,2026-08-25T20:05:07Z,,999
s_0000059a,u_00001e38,2026-08-22T20:22:28Z,,999
s_0000059b,u_00001e3b,2026-08-21T04:10:18Z,,999
s_0000059c,u_00001e3e,2026-08-29T07:46:55Z,,999
s_0000059d,u_00001e3f,2026-08-30T00:23:56Z,2026-09-06T02:47:55Z,999
s_0000059e,u_00001e40,2026-08-21T10:27:24Z,,999
s_0000059f,u_00001e4a,2026-08-22T20:00:38Z,,999
s_000005a0,u_00001e4b,2026-08-30T21:30:18Z,,999
s_000005a1,u_00001e50,2026-08-26T16:22:50Z,,999
s_000005a2,u_00001e53,2026-08-25T06:51:34Z,,999
s_000005a3,u_00001e56,2026-08-20T11:46:42Z,,999
s_000005a4,u_00001e58,2026-08-24T14:47:35Z,,999
s_000005a5,u_00001e64,2026-08-30T00:36:53Z,2026-09-04T02:34:38Z,999
s_000005a6,u_00001e67,2026-08-25T05:52:14Z,2026-09-08T04:52:24Z,999
s_000005a7,u_00001e6a,2026-08-23T22:05:04Z,,999
s_000005a8,u_00001e6b,2026-08-23T14:27:19Z,2026-09-12T04:49:46Z,999
s_000005a9,u_00001e74,2026-08-26T23:54:24Z,,999
s_000005aa,u_00001e77,2026-08-26T19:02:34Z,,999
s_000005ab,u_00001e82,2026-08-29T16:31:44Z,,999
s_000005ac,u_00001e84,2026-08-24T00:01:21Z,,999
s_000005ad,u_00001e89,2026-08-29T12:57:25Z,,999
s_000005ae,u_00001e8e,2026-08-25T23:14:11Z,,999
s_000005af,u_00001e91,2026-08-30T13:13:40Z,,999
s_000005b0,u_00001e98,2026-08-27T00:17:48Z,2026-09-08T16:25:32Z,999
s_000005b1,u_00001e9a,2026-08-31T22:10:59Z,,999
s_000005b2,u_00001ea9,2026-08-31T12:12:00Z,2026-09-12T20:03:22Z,999
s_000005b3,u_00001eb5,2026-08-23T04:36:07Z,,999
s_000005b4,u_00001ebb,2026-08-27T02:59:02Z,,999
s_000005b5,u_00001ec1,2026-08-31T16:10:23Z,,999
s_000005b6,u_00001ec3,2026-08-25T18:24:43Z,,999
s_000005b7,u_00001ed2,2026-08-24T14:40:11Z,,999
s_000005b8,u_00001ed8,2026-08-23T04:57:17Z,,999
s_000005b9,u_00001edc,2026-08-28T16:55:03Z,,999
s_000005ba,u_00001edf,2026-09-01T23:59:41Z,,999
s_000005bb,u_00001ee1,2026-08-31T10:51:41Z,,999
s_000005bc,u_00001ee9,2026-08-27T21:46:46Z,,999
s_000005bd,u_00001eef,2026-08-24T07:30:31Z,,999
s_000005be,u_00001ef1,2026-09-01T08:38:53Z,,999
s_000005bf,u_00001ef7,2026-08-27T11:26:24Z,,999
s_000005c0,u_00001efc,2026-08-31T06:56:23Z,,999
s_000005c1,u_00001eff,2026-08-27T08:47:26Z,,999
s_000005c2,u_00001f01,2026-08-26T14:27:02Z,,999
s_000005c3,u_00001f17,2026-08-25T07:15:01Z,,999
s_000005c4,u_00001f18,2026-08-25T10:23:26Z,2026-09-11T11:33:13Z,999
s_000005c5,u_00001f21,2026-08-30T23:49:49Z,,999
s_000005c6,u_00001f24,2026-08-28T01:46:05Z,,999
s_000005c7,u_00001f28,2026-08-28T06:34:36Z,,999
s_000005c8,u_00001f30,2026-09-02T10:31:33Z,,999
s_000005c9,u_00001f38,2026-08-29T15:40:40Z,,999
s_000005ca,u_00001f3f,2026-08-26T14:40:00Z,2026-09-07T07:11:20Z,999
s_000005cb,u_00001f40,2026-08-26T02:47:17Z,,999
s_000005cc,u_00001f44,2026-08-24T09:08:44Z,,999
s_000005cd,u_00001f47,2026-08-29T16:28:07Z,,999
s_000005ce,u_00001f4e,2026-08-25T06:21:11Z,,999
s_000005cf,u_00001f54,2026-08-26T09:11:37Z,,999
s_000005d0,u_00001f57,2026-08-29T16:16:10Z,,999
s_000005d1,u_00001f5d,2026-08-28T10:21:38Z,,999
s_000005d2,u_00001f62,2026-08-27T01:11:37Z,2026-08-30T13:08:00Z,999
s_000005d3,u_00001f64,2026-08-31T22:11:44Z,,999
s_000005d4,u_00001f68,2026-08-25T21:15:36Z,,999
s_000005d5,u_00001f7a,2026-09-02T08:34:45Z,,999
s_000005d6,u_00001f7e,2026-08-27T11:41:19Z,,999
s_000005d7,u_00001f82,2026-08-31T12:59:26Z,2026-09-05T03:58:11Z,999
s_000005d8,u_00001f83,2026-08-29T21:04:08Z,2026-09-12T12:42:52Z,999
s_000005d9,u_00001f86,2026-08-26T19:21:54Z,,999
s_000005da,u_00001f8b,2026-09-02T01:01:22Z,2026-09-14T22:22:48Z,999
s_000005db,u_00001f8c,2026-08-26T05:50:04Z,,999
s_000005dc,u_00001f8f,2026-08-31T12:13:57Z,,999
s_000005dd,u_00001f92,2026-09-02T20:01:03Z,,999
s_000005de,u_00001f94,2026-08-29T16:22:28Z,2026-09-12T21:54:01Z,999
s_000005df,u_00001f95,2026-08-29T22:19:01Z,,999
s_000005e0,u_00001f9c,2026-08-27T03:47:21Z,,999
s_000005e1,u_00001fa2,2026-08-31T06:39:15Z,,999
s_000005e2,u_00001fa9,2026-08-28T03:03:57Z,2026-09-06T05:09:49Z,999
s_000005e3,u_00001faa,2026-09-03T08:26:59Z,2026-09-14T16:36:26Z,999
s_000005e4,u_00001fb1,2026-09-02T21:02:25Z,,999
s_000005e5,u_00001fb9,2026-08-29T11:56:19Z,,999
s_000005e6,u_00001fc1,2026-08-28T16:34:33Z,2026-09-06T08:04:27Z,999
s_000005e7,u_00001fcb,2026-09-02T00:50:07Z,,999
s_000005e8,u_00001fd7,2026-08-28T19:51:51Z,,999
s_000005e9,u_00001fd8,2026-08-30T11:50:40Z,,999
s_000005ea,u_00001fda,2026-09-02T15:40:08Z,,999
s_000005eb,u_00001fdc,2026-09-03T07:40:49Z,,999
s_000005ec,u_00001fe0,2026-08-30T19:47:16Z,,999
s_000005ed,u_00001fe9,2026-08-28T05:21:45Z,,999
s_000005ee,u_00001feb,2026-09-03T09:59:34Z,,999
s_000005ef,u_00001fed,2026-09-05T23:53:15Z,,999
s_000005f0,u_00001ff5,2026-08-31T21:33:42Z,,999
s_000005f1,u_00001ff8,2026-08-29T10:36:07Z,2026-09-13T03:53:01Z,999
s_000005f2,u_00001ffb,2026-09-05T13:40:47Z,,999
s_000005f3,u_00002000,2026-09-05T14:42:34Z,,999
s_000005f4,u_00002008,2026-09-04T09:12:52Z,,999
s_000005f5,u_00002009,2026-08-28T00:40:48Z,,999
s_000005f6,u_0000200a,2026-09-02T13:33:55Z,,999
s_000005f7,u_00002011,2026-08-31T11:28:48Z,,999
s_000005f8,u_00002014,2026-09-07T16:03:16Z,,999
s_000005f9,u_00002017,2026-09-02T07:21:04Z,,999
s_000005fa,u_00002020,2026-08-31T05:39:06Z,,999
s_000005fb,u_0000202b,2026-09-02T03:25:21Z,,999
s_000005fc,u_00002033,2026-09-06T09:49:45Z,2026-09-07T17:49:47Z,999
s_000005fd,u_00002038,2026-08-29T05:31:58Z,,999
s_000005fe,u_0000203b,2026-09-02T14:49:14Z,,999
s_000005ff,u_00002040,2026-09-04T07:32:35Z,,999
s_00000600,u_00002043,2026-08-31T22:48:05Z,2026-09-06T02:58:05Z,999
s_00000601,u_00002046,2026-08-28T19:13:51Z,,999
s_00000602,u_00002049,2026-09-05T02:42:35Z,,999
s_00000603,u_0000204f,2026-08-29T08:55:05Z,,999
s_00000604,u_00002054,2026-09-04T03:36:43Z,,999
s_00000605,u_00002057,2026-09-02T05:29:52Z,2026-09-07T01:38:12Z,999
s_00000606,u_0000205a,2026-08-30T04:43:47Z,,999
s_00000607,u_00002064,2026-08-29T16:05:51Z,2026-09-14T00:02:13Z,999
s_00000608,u_00002065,2026-08-31T17:17:02Z,,999
s_00000609,u_0000206b,2026-09-07T00:14:42Z,,999
s_0000060a,u_00002071,2026-09-02T08:37:45Z,,999
s_0000060b,u_00002072,2026-09-03T22:27:03Z,,999
s_0000060c,u_00002077,2026-08-31T15:49:08Z,,999
s_0000060d,u_00002085,2026-08-30T02:56:41Z,,999
s_0000060e,u_0000208b,2026-09-02T13:38:37Z,,999
s_0000060f,u_0000208c,2026-09-01T19:51:48Z,,999
s_00000610,u_0000208e,2026-09-03T13:37:03Z,,999
s_00000611,u_0000209f,2026-09-06T23:39:37Z,,999
s_00000612,u_000020a2,2026-09-01T01:32:07Z,,999
s_00000613,u_000020a3,2026-09-05T10:33:59Z,,999
s_00000614,u_000020a7,2026-09-03T09:24:03Z,,999
s_00000615,u_000020aa,2026-09-02T22:36:48Z,,999
s_00000616,u_000020ad,2026-09-03T19:26:42Z,,999
s_00000617,u_000020ae,2026-09-03T04:52:45Z,,999
s_00000618,u_000020b1,2026-09-04T05:11:24Z,,999
s_00000619,u_000020b4,2026-09-08T00:54:36Z,,1299
s_0000061a,u_000020b7,2026-08-30T16:29:18Z,,999
s_0000061b,u_000020bc,2026-08-31T14:30:05Z,,999
s_0000061c,u_000020bf,2026-09-09T17:15:12Z,,1299
s_0000061d,u_000020c1,2026-09-04T09:33:20Z,,999
s_0000061e,u_000020c3,2026-08-31T09:10:30Z,,999
s_0000061f,u_000020c7,2026-09-06T15:16:02Z,,999
s_00000620,u_000020cc,2026-08-31T15:43:41Z,,999
s_00000621,u_000020d1,2026-09-04T00:22:19Z,,999
s_00000622,u_000020d3,2026-09-01T06:12:21Z,,999
s_00000623,u_000020d6,2026-09-06T00:56:56Z,,999
s_00000624,u_000020d9,2026-09-08T16:01:26Z,,1299
s_00000625,u_000020db,2026-09-05T22:48:56Z,2026-09-14T07:14:35Z,999
s_00000626,u_000020f0,2026-09-05T03:34:51Z,,999
s_00000627,u_000020f5,2026-09-03T05:21:32Z,,999
s_00000628,u_000020f7,2026-09-01T22:59:45Z,,999
s_00000629,u_000020f9,2026-09-04T01:39:07Z,2026-09-10T21:15:50Z,999
s_0000062a,u_000020fb,2026-09-07T06:26:59Z,,999
s_0000062b,u_000020fd,2026-09-06T09:22:17Z,,999
s_0000062c,u_00002102,2026-09-06T16:06:21Z,,999
s_0000062d,u_00002105,2026-09-04T14:53:19Z,,999
s_0000062e,u_00002112,2026-09-10T15:59:22Z,,1299
s_0000062f,u_00002113,2026-09-04T23:35:09Z,2026-09-11T05:18:59Z,999
s_00000630,u_00002115,2026-09-03T08:45:42Z,2026-09-08T05:12:52Z,999
s_00000631,u_0000211b,2026-09-08T13:50:27Z,,1299
s_00000632,u_0000211f,2026-09-10T20:01:06Z,,1299
s_00000633,u_00002120,2026-09-08T12:02:52Z,,1299
s_00000634,u_00002123,2026-09-10T06:55:23Z,,1299
s_00000635,u_00002125,2026-09-03T13:52:21Z,,999
s_00000636,u_00002128,2026-09-02T11:54:26Z,,999
s_00000637,u_00002129,2026-09-02T12:25:44Z,,999
s_00000638,u_0000212e,2026-09-04T02:52:02Z,,999
s_00000639,u_00002134,2026-09-07T04:16:11Z,,999
s_0000063a,u_00002137,2026-09-02T13:37:31Z,,999
s_0000063b,u_0000213d,2026-09-05T03:44:41Z,,999
s_0000063c,u_0000213e,2026-09-09T14:34:42Z,,1299
s_0000063d,u_00002141,2026-09-11T18:59:38Z,,1299
s_0000063e,u_00002145,2026-09-09T02:38:12Z,,1299
s_0000063f,u_00002146,2026-09-06T22:34:01Z,,999
s_00000640,u_00002149,2026-09-05T03:47:41Z,,999
s_00000641,u_0000214b,2026-09-05T00:02:49Z,,999
s_00000642,u_0000214d,2026-09-10T17:55:40Z,,1299
s_00000643,u_00002150,2026-09-04T14:30:26Z,,999
s_00000644,u_00002151,2026-09-03T14:21:25Z,2026-09-11T10:06:20Z,999
s_00000645,u_00002156,2026-09-06T08:04:44Z,2026-09-12T01:34:31Z,999
s_00000646,u_00002159,2026-09-05T04:57:55Z,,999
s_00000647,u_00002161,2026-09-04T09:47:35Z,,999
s_00000648,u_00002165,2026-09-11T17:13:09Z,,1299
s_00000649,u_00002175,2026-09-06T02:03:20Z,,999
s_0000064a,u_00002177,2026-09-08T19:06:25Z,,1299
s_0000064b,u_00002178,2026-09-04T06:47:50Z,,999
s_0000064c,u_00002187,2026-09-12T18:10:35Z,,1299
s_0000064d,u_0000218a,2026-09-06T02:34:53Z,,999
s_0000064e,u_00002190,2026-09-07T15:38:18Z,,999
s_0000064f,u_00002192,2026-09-03T23:21:50Z,,999
s_00000650,u_00002193,2026-09-11T03:04:33Z,,1299
s_00000651,u_0000219b,2026-09-11T13:08:57Z,,1299
s_00000652,u_000021a1,2026-09-06T23:17:52Z,,999
s_00000653,u_000021b3,2026-09-07T22:59:03Z,,999
s_00000654,u_000021c0,2026-09-09T15:54:41Z,,1299
s_00000655,u_000021c5,2026-09-10T20:04:33Z,,1299
s_00000656,u_000021c8,2026-09-08T20:20:00Z,,1299
s_00000657,u_000021d5,2026-09-12T07:45:11Z,,1299
s_00000658,u_000021d6,2026-09-10T16:01:50Z,,1299
s_00000659,u_000021d7,2026-09-13T13:45:48Z,,1299
s_0000065a,u_000021da,2026-09-11T10:38:26Z,,1299
s_0000065b,u_000021db,2026-09-09T18:59:20Z,,1299
s_0000065c,u_000021e0,2026-09-09T18:56:37Z,,1299
s_0000065d,u_000021ec,2026-09-07T19:41:02Z,,999
s_0000065e,u_000021ef,2026-09-06T22:28:23Z,2026-09-14T18:13:58Z,999
s_0000065f,u_000021f5,2026-09-10T00:55:06Z,,1299
s_00000660,u_000021f8,2026-09-12T03:39:40Z,,1299
s_00000661,u_00002203,2026-09-11T13:24:56Z,,1299
s_00000662,u_0000220a,2026-09-10T21:45:44Z,,1299
s_00000663,u_0000220b,2026-09-07T23:07:52Z,,999
s_00000664,u_0000220f,2026-09-08T19:30:29Z,,1299
s_00000665,u_00002213,2026-09-13T20:11:21Z,,1299
s_00000666,u_00002216,2026-09-12T11:03:50Z,,1299
s_00000667,u_00002218,2026-09-06T04:00:10Z,,999
s_00000668,u_0000221c,2026-09-10T03:45:01Z,,1299
s_00000669,u_0000221f,2026-09-09T13:05:28Z,,1299
s_0000066a,u_00002222,2026-09-08T10:09:24Z,,1299
s_0000066b,u_0000222a,2026-09-12T22:49:28Z,,1299
s_0000066c,u_0000222f,2026-09-12T16:29:07Z,,1299
s_0000066d,u_00002231,2026-09-08T20:50:55Z,,1299
s_0000066e,u_00002237,2026-09-08T01:56:13Z,,1299
s_0000066f,u_00002239,2026-09-07T11:56:27Z,,999
s_00000670,u_0000223a,2026-09-09T03:15:07Z,,1299
s_00000671,u_0000223c,2026-09-11T23:45:04Z,,1299
s_00000672,u_00002241,2026-09-07T04:37:31Z,,999
s_00000673,u_00002247,2026-09-06T14:47:14Z,,999
s_00000674,u_0000224f,2026-09-14T15:47:30Z,,1299
s_00000675,u_00002251,2026-09-09T07:55:03Z,,1299
s_00000676,u_00002255,2026-09-10T04:47:30Z,,1299
s_00000677,u_00002258,2026-09-06T13:57:30Z,2026-09-10T07:14:58Z,999
s_00000678,u_0000225b,2026-09-08T16:05:33Z,,1299
s_00000679,u_00002262,2026-09-06T15:24:53Z,,999
s_0000067a,u_00002268,2026-09-07T13:31:45Z,,999
s_0000067b,u_0000226e,2026-09-09T11:12:22Z,,1299
s_0000067c,u_00002274,2026-09-07T04:04:00Z,,999
s_0000067d,u_0000227a,2026-09-12T14:56:26Z,,1299
s_0000067e,u_00002282,2026-09-07T06:04:11Z,2026-09-08T15:55:09Z,999
s_0000067f,u_00002288,2026-09-07T10:43:52Z,,999
s_00000680,u_0000228e,2026-09-13T08:54:47Z,,1299
s_00000681,u_00002290,2026-09-07T16:01:07Z,,999
s_00000682,u_00002293,2026-09-10T02:31:05Z,,1299
s_00000683,u_00002298,2026-09-14T08:05:40Z,,1299
s_00000684,u_000022a3,2026-09-12T01:48:58Z,,1299
s_00000685,u_000022a4,2026-09-13T15:37:56Z,,1299
s_00000686,u_000022a7,2026-09-14T00:34:21Z,,1299
s_00000687,u_000022ae,2026-09-11T18:40:40Z,,1299
s_00000688,u_000022b8,2026-09-09T11:27:51Z,,1299
s_00000689,u_000022bd,2026-09-09T13:16:04Z,,1299
s_0000068a,u_000022c5,2026-09-14T15:35:37Z,,1299
s_0000068b,u_000022c7,2026-09-10T08:30:23Z,,1299
s_0000068c,u_000022cc,2026-09-13T23:58:50Z,,1299
s_0000068d,u_000022d2,2026-09-11T14:09:56Z,,1299
s_0000068e,u_000022e8,2026-09-13T14:06:58Z,,1299
s_0000068f,u_000022ed,2026-09-14T18:37:44Z,,1299
s_00000690,u_000022f0,2026-09-11T03:49:19Z,,1299
s_00000691,u_00002312,2026-09-09T05:19:10Z,,1299
s_00000692,u_0000231b,2026-09-12T09:16:58Z,,1299
s_00000693,u_00002321,2026-09-12T07:34:45Z,,1299
s_00000694,u_00002325,2026-09-14T06:44:49Z,,1299
s_00000695,u_00002326,2026-09-14T17:58:18Z,,1299
s_00000696,u_00002329,2026-09-10T19:41:39Z,,1299
s_00000697,u_00002334,2026-09-11T00:48:30Z,,1299
s_00000698,u_0000233e,2026-09-13T10:38:43Z,,1299
s_00000699,u_0000234d,2026-09-09T10:51:18Z,,1299
s_0000069a,u_0000234f,2026-09-14T19:53:21Z,,1299
s_0000069b,u_00002352,2026-09-12T01:52:20Z,,1299
s_0000069c,u_00002357,2026-09-12T03:34:36Z,,1299
s_0000069d,u_0000235d,2026-09-13T09:47:29Z,,1299
s_0000069e,u_00002360,2026-09-12T03:02:18Z,,1299
s_0000069f,u_00002363,2026-09-12T06:28:39Z,,1299
s_000006a0,u_0000236e,2026-09-10T17:25:41Z,,1299
s_000006a1,u_00002379,2026-09-14T13:38:03Z,,1299
s_000006a2,u_0000237c,2026-09-12T11:51:46Z,,1299
s_000006a3,u_00002390,2026-09-11T08:45:59Z,,1299
s_000006a4,u_00002397,2026-09-13T01:31:43Z,,1299
s_000006a5,u_0000239f,2026-09-14T11:17:44Z,,1299
s_000006a6,u_000023b0,2026-09-14T08:16:26Z,,1299
s_000006a7,u_000023b4,2026-09-11T18:20:59Z,,1299
s_000006a8,u_000023b7,2026-09-14T20:22:58Z,,1299
s_000006a9,u_000023c7,2026-09-14T11:01:57Z,,1299
s_000006aa,u_000023ca,2026-09-13T19:21:25Z,,1299
s_000006ab,u_000023cc,2026-09-14T16:24:08Z,,1299
s_000006ac,u_000023d0,2026-09-14T12:10:58Z,,1299
s_000006ad,u_000023d7,2026-09-12T23:31:35Z,,1299
s_000006ae,u_000023e6,2026-09-12T06:46:06Z,,1299
s_000006af,u_000023f0,2026-09-14T03:34:55Z,,1299
s_000006b0,u_0000240e,2026-09-13T08:05:44Z,,1299
s_000006b1,u_0000241e,2026-09-14T18:20:33Z,,1299
s_000006b2,u_00002424,2026-09-14T09:50:28Z,,1299
s_000006b3,u_00002480,2026-09-14T23:39:46Z,,1299
s_000006b4,u_0000248b,2026-09-14T22:28:05Z,,1299
s_000006b5,u_0000249d,2026-09-09T01:00:00Z,2026-09-10T02:00:00Z,1299
